validate-platform	Set up job	﻿2026-09-14T07:10:03.9286281Z Current runner version: '2.337.0'
validate-platform	Set up job	2026-09-14T07:10:03.9343927Z ##[group]Runner Image Provisioner
validate-platform	Set up job	2026-09-14T07:10:03.9344768Z Hosted Compute Agent
validate-platform	Set up job	2026-09-14T07:10:03.9345347Z Version: 20260828.587
validate-platform	Set up job	2026-09-14T07:10:03.9345972Z Commit: abac92662cab4cc7352de4f9f9d2e2419aad9c29
validate-platform	Set up job	2026-09-14T07:10:03.9346699Z Build Date: 2026-08-28T16:44:25Z
validate-platform	Set up job	2026-09-14T07:10:03.9347354Z Worker ID: {e5b7be8f-2f9d-4a19-ae11-e7192feb743f}
validate-platform	Set up job	2026-09-14T07:10:03.9348053Z Azure Region: northcentralus
validate-platform	Set up job	2026-09-14T07:10:03.9348968Z ##[endgroup]
validate-platform	Set up job	2026-09-14T07:10:03.9350535Z ##[group]Operating System
validate-platform	Set up job	2026-09-14T07:10:03.9351376Z Microsoft Windows Server 2025
validate-platform	Set up job	2026-09-14T07:10:03.9352085Z 10.0.26100
validate-platform	Set up job	2026-09-14T07:10:03.9352560Z Datacenter
validate-platform	Set up job	2026-09-14T07:10:03.9353078Z ##[endgroup]
validate-platform	Set up job	2026-09-14T07:10:03.9353680Z ##[group]Runner Image
validate-platform	Set up job	2026-09-14T07:10:03.9354538Z Image: windows-2025-vs2026
validate-platform	Set up job	2026-09-14T07:10:03.9355117Z Version: 20260907.229.1
validate-platform	Set up job	2026-09-14T07:10:03.9356210Z Included Software: https://github.com/actions/runner-images/blob/win25-vs2026/20260907.229/images/windows/Windows2025-VS2026-Readme.md
validate-platform	Set up job	2026-09-14T07:10:03.9358250Z Image Release: https://github.com/actions/runner-images/releases/tag/win25-vs2026%2F20260907.229
validate-platform	Set up job	2026-09-14T07:10:03.9359444Z ##[endgroup]
validate-platform	Set up job	2026-09-14T07:10:03.9360640Z ##[group]GITHUB_TOKEN Permissions
validate-platform	Set up job	2026-09-14T07:10:03.9362736Z ArtifactMetadata: write
validate-platform	Set up job	2026-09-14T07:10:03.9363378Z Contents: read
validate-platform	Set up job	2026-09-14T07:10:03.9363899Z Metadata: read
validate-platform	Set up job	2026-09-14T07:10:03.9364438Z ##[endgroup]
validate-platform	Set up job	2026-09-14T07:10:03.9366609Z Secret source: Actions
validate-platform	Set up job	2026-09-14T07:10:03.9367562Z Cache mode: write
validate-platform	Set up job	2026-09-14T07:10:03.9368381Z Prepare workflow directory
validate-platform	Set up job	2026-09-14T07:10:03.9826585Z Prepare all required actions
validate-platform	Set up job	2026-09-14T07:10:03.9875359Z Getting action download info
validate-platform	Set up job	2026-09-14T07:10:04.2101315Z Download action repository 'actions/checkout@v6' (SHA:d23441a48e516b6c34aea4fa41551a30e30af803)
validate-platform	Set up job	2026-09-14T07:10:04.3445698Z Download action repository 'actions/setup-node@v6' (SHA:249970729cb0ef3589644e2896645e5dc5ba9c38)
validate-platform	Set up job	2026-09-14T07:10:04.5051294Z Download action repository 'actions/setup-python@v6' (SHA:ece7cb06caefa5fff74198d8649806c4678c61a1)
validate-platform	Set up job	2026-09-14T07:10:04.6713499Z Download action repository 'actions/upload-artifact@v7' (SHA:043fb46d1a93c77aae656e7c1c64a875d1fc6a0a)
validate-platform	Set up job	2026-09-14T07:10:04.9303541Z Complete job name: validate-platform
validate-platform	Checkout platform repository	﻿2026-09-14T07:10:05.1102121Z ##[group]Run actions/checkout@v6
validate-platform	Checkout platform repository	2026-09-14T07:10:05.1103500Z with:
validate-platform	Checkout platform repository	2026-09-14T07:10:05.1104200Z   path: 4veco-platform
validate-platform	Checkout platform repository	2026-09-14T07:10:05.1105048Z   ref: 2bc4ee84393b8c2bf85734f71bb50288f5cf5122
validate-platform	Checkout platform repository	2026-09-14T07:10:05.1106067Z   fetch-depth: 0
validate-platform	Checkout platform repository	2026-09-14T07:10:05.1106813Z   persist-credentials: false
validate-platform	Checkout platform repository	2026-09-14T07:10:05.1107697Z   repository: meijer1973/4veco-platform
validate-platform	Checkout platform repository	2026-09-14T07:10:05.1115041Z   token: ***
validate-platform	Checkout platform repository	2026-09-14T07:10:05.1115761Z   ssh-strict: true
validate-platform	Checkout platform repository	2026-09-14T07:10:05.1116477Z   ssh-user: git
validate-platform	Checkout platform repository	2026-09-14T07:10:05.1117168Z   clean: true
validate-platform	Checkout platform repository	2026-09-14T07:10:05.1117910Z   sparse-checkout-cone-mode: true
validate-platform	Checkout platform repository	2026-09-14T07:10:05.1118779Z   fetch-tags: false
validate-platform	Checkout platform repository	2026-09-14T07:10:05.1119615Z   show-progress: true
validate-platform	Checkout platform repository	2026-09-14T07:10:05.1120343Z   lfs: false
validate-platform	Checkout platform repository	2026-09-14T07:10:05.1121016Z   submodules: false
validate-platform	Checkout platform repository	2026-09-14T07:10:05.1121756Z   set-safe-directory: true
validate-platform	Checkout platform repository	2026-09-14T07:10:05.1122613Z   allow-unsafe-pr-checkout: false
validate-platform	Checkout platform repository	2026-09-14T07:10:05.1123724Z ##[endgroup]
validate-platform	Checkout platform repository	2026-09-14T07:10:05.2620014Z Syncing repository: meijer1973/4veco-platform
validate-platform	Checkout platform repository	2026-09-14T07:10:05.2623013Z ##[group]Getting Git version info
validate-platform	Checkout platform repository	2026-09-14T07:10:05.2624332Z Working directory is 'D:\a\4veco-platform\4veco-platform\4veco-platform'
validate-platform	Checkout platform repository	2026-09-14T07:10:05.3381926Z [command]"C:\Program Files\Git\bin\git.exe" version
validate-platform	Checkout platform repository	2026-09-14T07:10:05.5179428Z git version 2.55.0.windows.5
validate-platform	Checkout platform repository	2026-09-14T07:10:05.5226749Z ##[endgroup]
validate-platform	Checkout platform repository	2026-09-14T07:10:05.5245744Z Temporarily overriding HOME='D:\a\_temp\37ed5e7b-5160-4afb-982e-585b0bee02ee' before making global git config changes
validate-platform	Checkout platform repository	2026-09-14T07:10:05.5247802Z Adding repository directory to the temporary git global config as a safe directory
validate-platform	Checkout platform repository	2026-09-14T07:10:05.5255720Z [command]"C:\Program Files\Git\bin\git.exe" config --global --add safe.directory D:\a\4veco-platform\4veco-platform\4veco-platform
validate-platform	Checkout platform repository	2026-09-14T07:10:05.5617882Z ##[group]Determining repository object format
validate-platform	Checkout platform repository	2026-09-14T07:10:05.5621001Z ##[endgroup]
validate-platform	Checkout platform repository	2026-09-14T07:10:05.5622530Z ##[group]Initializing the repository
validate-platform	Checkout platform repository	2026-09-14T07:10:05.5630655Z [command]"C:\Program Files\Git\bin\git.exe" init D:\a\4veco-platform\4veco-platform\4veco-platform
validate-platform	Checkout platform repository	2026-09-14T07:10:05.6086943Z Initialized empty Git repository in D:/a/4veco-platform/4veco-platform/4veco-platform/.git/
validate-platform	Checkout platform repository	2026-09-14T07:10:05.6125627Z [command]"C:\Program Files\Git\bin\git.exe" remote add origin https://github.com/meijer1973/4veco-platform
validate-platform	Checkout platform repository	2026-09-14T07:10:05.6448422Z ##[endgroup]
validate-platform	Checkout platform repository	2026-09-14T07:10:05.6449907Z ##[group]Disabling automatic garbage collection
validate-platform	Checkout platform repository	2026-09-14T07:10:05.6456296Z [command]"C:\Program Files\Git\bin\git.exe" config --local gc.auto 0
validate-platform	Checkout platform repository	2026-09-14T07:10:05.6757127Z ##[endgroup]
validate-platform	Checkout platform repository	2026-09-14T07:10:05.6759545Z ##[group]Setting up auth
validate-platform	Checkout platform repository	2026-09-14T07:10:05.6760722Z Removing SSH command configuration
validate-platform	Checkout platform repository	2026-09-14T07:10:05.6774180Z [command]"C:\Program Files\Git\bin\git.exe" config --local --name-only --get-regexp core\.sshCommand
validate-platform	Checkout platform repository	2026-09-14T07:10:05.7089115Z [command]"C:\Program Files\Git\bin\git.exe" submodule foreach --recursive "sh -c \"git config --local --name-only --get-regexp 'core\.sshCommand' && git config --local --unset-all 'core.sshCommand' || :\""
validate-platform	Checkout platform repository	2026-09-14T07:10:06.9605787Z Removing HTTP extra header
validate-platform	Checkout platform repository	2026-09-14T07:10:06.9616168Z [command]"C:\Program Files\Git\bin\git.exe" config --local --name-only --get-regexp http\.https\:\/\/github\.com\/\.extraheader
validate-platform	Checkout platform repository	2026-09-14T07:10:06.9907165Z [command]"C:\Program Files\Git\bin\git.exe" submodule foreach --recursive "sh -c \"git config --local --name-only --get-regexp 'http\.https\:\/\/github\.com\/\.extraheader' && git config --local --unset-all 'http.https://github.com/.extraheader' || :\""
validate-platform	Checkout platform repository	2026-09-14T07:10:07.5171907Z Removing includeIf entries pointing to credentials config files
validate-platform	Checkout platform repository	2026-09-14T07:10:07.5188244Z [command]"C:\Program Files\Git\bin\git.exe" config --local --name-only --get-regexp ^includeIf\.gitdir:
validate-platform	Checkout platform repository	2026-09-14T07:10:07.5489407Z [command]"C:\Program Files\Git\bin\git.exe" submodule foreach --recursive "git config --local --show-origin --name-only --get-regexp remote.origin.url"
validate-platform	Checkout platform repository	2026-09-14T07:10:08.0571237Z [command]"C:\Program Files\Git\bin\git.exe" config --file D:\a\_temp\git-credentials-21015fb4-1787-4524-8a41-a36e85b49d76.config http.https://github.com/.extraheader "AUTHORIZATION: basic ***"
validate-platform	Checkout platform repository	2026-09-14T07:10:08.0885945Z [command]"C:\Program Files\Git\bin\git.exe" config --local includeIf.gitdir:D:/a/4veco-platform/4veco-platform/4veco-platform/.git.path D:\a\_temp\git-credentials-21015fb4-1787-4524-8a41-a36e85b49d76.config
validate-platform	Checkout platform repository	2026-09-14T07:10:08.1190219Z [command]"C:\Program Files\Git\bin\git.exe" config --local includeIf.gitdir:D:/a/4veco-platform/4veco-platform/4veco-platform/.git/worktrees/*.path D:\a\_temp\git-credentials-21015fb4-1787-4524-8a41-a36e85b49d76.config
validate-platform	Checkout platform repository	2026-09-14T07:10:08.1491516Z [command]"C:\Program Files\Git\bin\git.exe" config --local includeIf.gitdir:/github/workspace/4veco-platform/.git.path /github/runner_temp/git-credentials-21015fb4-1787-4524-8a41-a36e85b49d76.config
validate-platform	Checkout platform repository	2026-09-14T07:10:08.1786951Z [command]"C:\Program Files\Git\bin\git.exe" config --local includeIf.gitdir:/github/workspace/4veco-platform/.git/worktrees/*.path /github/runner_temp/git-credentials-21015fb4-1787-4524-8a41-a36e85b49d76.config
validate-platform	Checkout platform repository	2026-09-14T07:10:08.2097953Z ##[endgroup]
validate-platform	Checkout platform repository	2026-09-14T07:10:08.2099268Z ##[group]Fetching the repository
validate-platform	Checkout platform repository	2026-09-14T07:10:08.2119602Z [command]"C:\Program Files\Git\bin\git.exe" -c protocol.version=2 fetch --no-tags --prune --no-recurse-submodules origin +refs/heads/*:refs/remotes/origin/* +refs/tags/*:refs/tags/*
validate-platform	Checkout platform repository	2026-09-14T07:10:25.2872474Z From https://github.com/meijer1973/4veco-platform
validate-platform	Checkout platform repository	2026-09-14T07:10:25.2874120Z  * [new branch]        agent/book2-211-alt-correction-20260905 -> origin/agent/book2-211-alt-correction-20260905
validate-platform	Checkout platform repository	2026-09-14T07:10:25.2877039Z  * [new branch]        agent/book2-211-bonus-correction-20260905 -> origin/agent/book2-211-bonus-correction-20260905
validate-platform	Checkout platform repository	2026-09-14T07:10:25.2878834Z  * [new branch]        agent/book2-211-production-20260905 -> origin/agent/book2-211-production-20260905
validate-platform	Checkout platform repository	2026-09-14T07:10:25.2880111Z  * [new branch]        agent/book2-211-qc-20260905 -> origin/agent/book2-211-qc-20260905
validate-platform	Checkout platform repository	2026-09-14T07:10:25.2882598Z  * [new branch]        agent/book2-211-r5-qc-20260906 -> origin/agent/book2-211-r5-qc-20260906
validate-platform	Checkout platform repository	2026-09-14T07:10:25.2884048Z  * [new branch]        agent/book2-211-r5-review-20260905 -> origin/agent/book2-211-r5-review-20260905
validate-platform	Checkout platform repository	2026-09-14T07:10:25.2885151Z  * [new branch]        agent/book2-212-alt-correction-20260905 -> origin/agent/book2-212-alt-correction-20260905
validate-platform	Checkout platform repository	2026-09-14T07:10:25.2886901Z  * [new branch]        agent/book2-212-bonus-correction-20260905 -> origin/agent/book2-212-bonus-correction-20260905
validate-platform	Checkout platform repository	2026-09-14T07:10:25.2888837Z  * [new branch]        agent/book2-212-production-20260905 -> origin/agent/book2-212-production-20260905
validate-platform	Checkout platform repository	2026-09-14T07:10:25.2889934Z  * [new branch]        agent/book2-212-qc-20260905 -> origin/agent/book2-212-qc-20260905
validate-platform	Checkout platform repository	2026-09-14T07:10:25.2890836Z  * [new branch]        agent/book2-212-qc-20260906 -> origin/agent/book2-212-qc-20260906
validate-platform	Checkout platform repository	2026-09-14T07:10:25.2892269Z  * [new branch]        agent/book2-212-r7-review-20260906 -> origin/agent/book2-212-r7-review-20260906
validate-platform	Checkout platform repository	2026-09-14T07:10:25.2893712Z  * [new branch]        agent/book2-212-s1-review-20260906 -> origin/agent/book2-212-s1-review-20260906
validate-platform	Checkout platform repository	2026-09-14T07:10:25.2894853Z  * [new branch]        agent/book2-212-succession-20260906 -> origin/agent/book2-212-succession-20260906
validate-platform	Checkout platform repository	2026-09-14T07:10:25.2896093Z  * [new branch]        agent/book2-213-alt-correction-20260905 -> origin/agent/book2-213-alt-correction-20260905
validate-platform	Checkout platform repository	2026-09-14T07:10:25.2897469Z  * [new branch]        agent/book2-213-bonus-correction-20260905 -> origin/agent/book2-213-bonus-correction-20260905
validate-platform	Checkout platform repository	2026-09-14T07:10:25.2898893Z  * [new branch]        agent/book2-213-independent-review-20260905 -> origin/agent/book2-213-independent-review-20260905
validate-platform	Checkout platform repository	2026-09-14T07:10:25.2900108Z  * [new branch]        agent/book2-213-output-20260905 -> origin/agent/book2-213-output-20260905
validate-platform	Checkout platform repository	2026-09-14T07:10:25.2901136Z  * [new branch]        agent/book2-213-production-20260905 -> origin/agent/book2-213-production-20260905
validate-platform	Checkout platform repository	2026-09-14T07:10:25.2903568Z  * [new branch]        agent/book2-213-qc-current-20260906 -> origin/agent/book2-213-qc-current-20260906
validate-platform	Checkout platform repository	2026-09-14T07:10:25.2904596Z  * [new branch]        agent/book2-213-r5-qc-20260905 -> origin/agent/book2-213-r5-qc-20260905
validate-platform	Checkout platform repository	2026-09-14T07:10:25.2905485Z  * [new branch]        agent/book2-213-r6-qc-20260905 -> origin/agent/book2-213-r6-qc-20260905
validate-platform	Checkout platform repository	2026-09-14T07:10:25.2906417Z  * [new branch]        agent/book2-213-r6-review-20260905 -> origin/agent/book2-213-r6-review-20260905
validate-platform	Checkout platform repository	2026-09-14T07:10:25.2907797Z  * [new branch]        agent/book2-213-r7-review-20260905 -> origin/agent/book2-213-r7-review-20260905
validate-platform	Checkout platform repository	2026-09-14T07:10:25.2908934Z  * [new branch]        agent/book2-213-s1-review-20260906 -> origin/agent/book2-213-s1-review-20260906
validate-platform	Checkout platform repository	2026-09-14T07:10:25.2910080Z  * [new branch]        agent/book2-213-succession-20260906 -> origin/agent/book2-213-succession-20260906
validate-platform	Checkout platform repository	2026-09-14T07:10:25.2912398Z  * [new branch]        agent/book2-214-232-input-review-20260906 -> origin/agent/book2-214-232-input-review-20260906
validate-platform	Checkout platform repository	2026-09-14T07:10:25.2914402Z  * [new branch]        agent/book2-214-build-current-20260906 -> origin/agent/book2-214-build-current-20260906
validate-platform	Checkout platform repository	2026-09-14T07:10:25.2915969Z  * [new branch]        agent/book2-214-paragraph-review-20260906 -> origin/agent/book2-214-paragraph-review-20260906
validate-platform	Checkout platform repository	2026-09-14T07:10:25.2917289Z  * [new branch]        agent/book2-214-plan-review-20260906 -> origin/agent/book2-214-plan-review-20260906
validate-platform	Checkout platform repository	2026-09-14T07:10:25.2918410Z  * [new branch]        agent/book2-214-production-20260906 -> origin/agent/book2-214-production-20260906
validate-platform	Checkout platform repository	2026-09-14T07:10:25.2919621Z  * [new branch]        agent/book2-22-consistency-review-20260906 -> origin/agent/book2-22-consistency-review-20260906
validate-platform	Checkout platform repository	2026-09-14T07:10:25.2921689Z  * [new branch]        agent/book2-22-front-recheck-20260906 -> origin/agent/book2-22-front-recheck-20260906
validate-platform	Checkout platform repository	2026-09-14T07:10:25.2923166Z  * [new branch]        agent/book2-221-presentation-20260905 -> origin/agent/book2-221-presentation-20260905
validate-platform	Checkout platform repository	2026-09-14T07:10:25.2924392Z  * [new branch]        agent/book2-221-production-20260905 -> origin/agent/book2-221-production-20260905
validate-platform	Checkout platform repository	2026-09-14T07:10:25.2925415Z  * [new branch]        agent/book2-221-qc-20260905 -> origin/agent/book2-221-qc-20260905
validate-platform	Checkout platform repository	2026-09-14T07:10:25.2926330Z  * [new branch]        agent/book2-221-r7-qc-20260905 -> origin/agent/book2-221-r7-qc-20260905
validate-platform	Checkout platform repository	2026-09-14T07:10:25.2928080Z  * [new branch]        agent/book2-221-r7-review-20260905 -> origin/agent/book2-221-r7-review-20260905
validate-platform	Checkout platform repository	2026-09-14T07:10:25.2929140Z  * [new branch]        agent/book2-221-r8-qc-20260905 -> origin/agent/book2-221-r8-qc-20260905
validate-platform	Checkout platform repository	2026-09-14T07:10:25.2930139Z  * [new branch]        agent/book2-221-r8-review-20260905 -> origin/agent/book2-221-r8-review-20260905
validate-platform	Checkout platform repository	2026-09-14T07:10:25.2931259Z  * [new branch]        agent/book2-222-correction-20260905 -> origin/agent/book2-222-correction-20260905
validate-platform	Checkout platform repository	2026-09-14T07:10:25.2932371Z  * [new branch]        agent/book2-222-production-20260905 -> origin/agent/book2-222-production-20260905
validate-platform	Checkout platform repository	2026-09-14T07:10:25.2934300Z  * [new branch]        agent/book2-222-r13-qc-20260905 -> origin/agent/book2-222-r13-qc-20260905
validate-platform	Checkout platform repository	2026-09-14T07:10:25.2935793Z  * [new branch]        agent/book2-222-r13-review-20260905 -> origin/agent/book2-222-r13-review-20260905
validate-platform	Checkout platform repository	2026-09-14T07:10:25.2936929Z  * [new branch]        agent/book2-222-review-20260905 -> origin/agent/book2-222-review-20260905
validate-platform	Checkout platform repository	2026-09-14T07:10:25.2938325Z  * [new branch]        agent/book2-223-alt-correction-20260906 -> origin/agent/book2-223-alt-correction-20260906
validate-platform	Checkout platform repository	2026-09-14T07:10:25.2939477Z  * [new branch]        agent/book2-223-alt-review-20260906 -> origin/agent/book2-223-alt-review-20260906
validate-platform	Checkout platform repository	2026-09-14T07:10:25.2941778Z  * [new branch]        agent/book2-223-independent-review-20260905 -> origin/agent/book2-223-independent-review-20260905
validate-platform	Checkout platform repository	2026-09-14T07:10:25.2943012Z  * [new branch]        agent/book2-223-production-20260905 -> origin/agent/book2-223-production-20260905
validate-platform	Checkout platform repository	2026-09-14T07:10:25.2943963Z  * [new branch]        agent/book2-223-qc-20260906 -> origin/agent/book2-223-qc-20260906
validate-platform	Checkout platform repository	2026-09-14T07:10:25.2945189Z  * [new branch]        agent/book2-223-qc-renewal-20260906 -> origin/agent/book2-223-qc-renewal-20260906
validate-platform	Checkout platform repository	2026-09-14T07:10:25.2946249Z  * [new branch]        agent/book2-223-s1-review-20260906 -> origin/agent/book2-223-s1-review-20260906
validate-platform	Checkout platform repository	2026-09-14T07:10:25.2948220Z  * [new branch]        agent/book2-223-succession-20260906 -> origin/agent/book2-223-succession-20260906
validate-platform	Checkout platform repository	2026-09-14T07:10:25.2949342Z  * [new branch]        agent/book2-224-build-20260906 -> origin/agent/book2-224-build-20260906
validate-platform	Checkout platform repository	2026-09-14T07:10:25.2951159Z  * [new branch]        agent/book2-224-production-20260906 -> origin/agent/book2-224-production-20260906
validate-platform	Checkout platform repository	2026-09-14T07:10:25.2952347Z  * [new branch]        agent/book2-224-qc-current-20260906 -> origin/agent/book2-224-qc-current-20260906
validate-platform	Checkout platform repository	2026-09-14T07:10:25.2954345Z  * [new branch]        agent/book2-224-review-20260906 -> origin/agent/book2-224-review-20260906
validate-platform	Checkout platform repository	2026-09-14T07:10:25.2955438Z  * [new branch]        agent/book2-231-plan-review-20260905 -> origin/agent/book2-231-plan-review-20260905
validate-platform	Checkout platform repository	2026-09-14T07:10:25.2956491Z  * [new branch]        agent/book2-231-production-20260905 -> origin/agent/book2-231-production-20260905
validate-platform	Checkout platform repository	2026-09-14T07:10:25.2958559Z  * [new branch]        agent/book2-231-qc-20260906 -> origin/agent/book2-231-qc-20260906
validate-platform	Checkout platform repository	2026-09-14T07:10:25.2959673Z  * [new branch]        agent/book2-231-review-20260906 -> origin/agent/book2-231-review-20260906
validate-platform	Checkout platform repository	2026-09-14T07:10:25.2960826Z  * [new branch]        agent/book2-232-build-current-20260906 -> origin/agent/book2-232-build-current-20260906
validate-platform	Checkout platform repository	2026-09-14T07:10:25.2962355Z  * [new branch]        agent/book2-232-f1-review-20260906 -> origin/agent/book2-232-f1-review-20260906
validate-platform	Checkout platform repository	2026-09-14T07:10:25.2963376Z  * [new branch]        agent/book2-232-plan-f1-20260906 -> origin/agent/book2-232-plan-f1-20260906
validate-platform	Checkout platform repository	2026-09-14T07:10:25.2964447Z  * [new branch]        agent/book2-232-plan-review-20260906 -> origin/agent/book2-232-plan-review-20260906
validate-platform	Checkout platform repository	2026-09-14T07:10:25.2965534Z  * [new branch]        agent/book2-232-production-20260906 -> origin/agent/book2-232-production-20260906
validate-platform	Checkout platform repository	2026-09-14T07:10:25.2966643Z  * [new branch]        agent/book2-232-repro-routes-20260906 -> origin/agent/book2-232-repro-routes-20260906
validate-platform	Checkout platform repository	2026-09-14T07:10:25.2967970Z  * [new branch]        agent/book2-233-plan-20260906 -> origin/agent/book2-233-plan-20260906
validate-platform	Checkout platform repository	2026-09-14T07:10:25.2969594Z  * [new branch]        agent/book2-233-plan-review-20260906 -> origin/agent/book2-233-plan-review-20260906
validate-platform	Checkout platform repository	2026-09-14T07:10:25.2970800Z  * [new branch]        agent/book2-234-paper-review-20260906 -> origin/agent/book2-234-paper-review-20260906
validate-platform	Checkout platform repository	2026-09-14T07:10:25.2972155Z  * [new branch]        agent/book2-234-plan-20260906 -> origin/agent/book2-234-plan-20260906
validate-platform	Checkout platform repository	2026-09-14T07:10:25.2973609Z  * [new branch]        agent/book2-234-plan-f1-20260906 -> origin/agent/book2-234-plan-f1-20260906
validate-platform	Checkout platform repository	2026-09-14T07:10:25.2974781Z  * [new branch]        agent/book2-234-plan-f1-review-20260906 -> origin/agent/book2-234-plan-f1-review-20260906
validate-platform	Checkout platform repository	2026-09-14T07:10:25.2976902Z  * [new branch]        agent/book2-234-plan-review-20260906 -> origin/agent/book2-234-plan-review-20260906
validate-platform	Checkout platform repository	2026-09-14T07:10:25.2978140Z  * [new branch]        agent/book2-book-proof-review-20260906 -> origin/agent/book2-book-proof-review-20260906
validate-platform	Checkout platform repository	2026-09-14T07:10:25.2979387Z  * [new branch]        agent/book2-elasticity-planning-20260905 -> origin/agent/book2-elasticity-planning-20260905
validate-platform	Checkout platform repository	2026-09-14T07:10:25.2980717Z  * [new branch]        agent/book2-short-alt-correction-20260905 -> origin/agent/book2-short-alt-correction-20260905
validate-platform	Checkout platform repository	2026-09-14T07:10:25.2982173Z  * [new branch]        agent/bundle-index-subset-refresh-bridge-20260817 -> origin/agent/bundle-index-subset-refresh-bridge-20260817
validate-platform	Checkout platform repository	2026-09-14T07:10:25.2983759Z  * [new branch]        agent/bundle-readiness-envelope-bridge-20260817 -> origin/agent/bundle-readiness-envelope-bridge-20260817
validate-platform	Checkout platform repository	2026-09-14T07:10:25.2985090Z  * [new branch]        backup/check-short-exit-2-20260606 -> origin/backup/check-short-exit-2-20260606
validate-platform	Checkout platform repository	2026-09-14T07:10:25.2986950Z  * [new branch]        codex/a96-calculation-answer-form-scale-gate-1-20260624 -> origin/codex/a96-calculation-answer-form-scale-gate-1-20260624
validate-platform	Checkout platform repository	2026-09-14T07:10:25.2989087Z  * [new branch]        codex/agent-branch-safety-20260607 -> origin/codex/agent-branch-safety-20260607
validate-platform	Checkout platform repository	2026-09-14T07:10:25.2990305Z  * [new branch]        codex/agent-doc-governance-cleanup-20260630 -> origin/codex/agent-doc-governance-cleanup-20260630
validate-platform	Checkout platform repository	2026-09-14T07:10:25.2991641Z  * [new branch]        codex/agent-worktree-review-fixes-20260608 -> origin/codex/agent-worktree-review-fixes-20260608
validate-platform	Checkout platform repository	2026-09-14T07:10:25.2992876Z  * [new branch]        codex/agent-worktree-safety-20260607 -> origin/codex/agent-worktree-safety-20260607
validate-platform	Checkout platform repository	2026-09-14T07:10:25.2994114Z  * [new branch]        codex/agents-entrypoint-unification-20260625 -> origin/codex/agents-entrypoint-unification-20260625
validate-platform	Checkout platform repository	2026-09-14T07:10:25.2995464Z  * [new branch]        codex/agents-md-entrypoint-cleanup-20260627 -> origin/codex/agents-md-entrypoint-cleanup-20260627
validate-platform	Checkout platform repository	2026-09-14T07:10:25.2996829Z  * [new branch]        codex/b1-chapter-mixed-target-audit-1-20260617 -> origin/codex/b1-chapter-mixed-target-audit-1-20260617
validate-platform	Checkout platform repository	2026-09-14T07:10:25.2998253Z  * [new branch]        codex/b1-collective-demand-kink-disposition-1-20260617 -> origin/codex/b1-collective-demand-kink-disposition-1-20260617
validate-platform	Checkout platform repository	2026-09-14T07:10:25.2999831Z  * [new branch]        codex/b1-graph-evidence-112-bundle-1-20260617 -> origin/codex/b1-graph-evidence-112-bundle-1-20260617
validate-platform	Checkout platform repository	2026-09-14T07:10:25.3001356Z  * [new branch]        codex/b1-graph-evidence-113-alignment-repair-1-20260615 -> origin/codex/b1-graph-evidence-113-alignment-repair-1-20260615
validate-platform	Checkout platform repository	2026-09-14T07:10:25.3004282Z  * [new branch]        codex/b1-graph-evidence-113-closure-1-20260615 -> origin/codex/b1-graph-evidence-113-closure-1-20260615
validate-platform	Checkout platform repository	2026-09-14T07:10:25.3005844Z  * [new branch]        codex/b1-graph-evidence-113-closure-retry-1-20260616 -> origin/codex/b1-graph-evidence-113-closure-retry-1-20260616
validate-platform	Checkout platform repository	2026-09-14T07:10:25.3007583Z  * [new branch]        codex/b1-graph-evidence-113-flag-implementation-1-20260616 -> origin/codex/b1-graph-evidence-113-flag-implementation-1-20260616
validate-platform	Checkout platform repository	2026-09-14T07:10:25.3009583Z  * [new branch]        codex/b1-migrated-v5-target-quality-20260614 -> origin/codex/b1-migrated-v5-target-quality-20260614
validate-platform	Checkout platform repository	2026-09-14T07:10:25.3011062Z  * [new branch]        codex/b1-normal-inferior-term-decision-1-20260616 -> origin/codex/b1-normal-inferior-term-decision-1-20260616
validate-platform	Checkout platform repository	2026-09-14T07:10:25.3012816Z  * [new branch]        codex/b1-placeholder-registry-replacement-20260612 -> origin/codex/b1-placeholder-registry-replacement-20260612
validate-platform	Checkout platform repository	2026-09-14T07:10:25.3014562Z  * [new branch]        codex/b1-simshift-protected-reference-implementation-20260615 -> origin/codex/b1-simshift-protected-reference-implementation-20260615
validate-platform	Checkout platform repository	2026-09-14T07:10:25.3016338Z  * [new branch]        codex/b1-target-evidence-111-bundle-1-20260617 -> origin/codex/b1-target-evidence-111-bundle-1-20260617
validate-platform	Checkout platform repository	2026-09-14T07:10:25.3018061Z  * [new branch]        codex/b1-target-evidence-111-rendered-closure-flag-bundle-1-20260617 -> origin/codex/b1-target-evidence-111-rendered-closure-flag-bundle-1-20260617
validate-platform	Checkout platform repository	2026-09-14T07:10:25.3019800Z  * [new branch]        codex/b2-2.1.1-goal-target-design-20260903 -> origin/codex/b2-2.1.1-goal-target-design-20260903
validate-platform	Checkout platform repository	2026-09-14T07:10:25.3021106Z  * [new branch]        codex/b2-2.1.1-target-integration-20260903 -> origin/codex/b2-2.1.1-target-integration-20260903
validate-platform	Checkout platform repository	2026-09-14T07:10:25.3022404Z  * [new branch]        codex/b2-2.2-chapter-complete-1-20260619 -> origin/codex/b2-2.2-chapter-complete-1-20260619
validate-platform	Checkout platform repository	2026-09-14T07:10:25.3023525Z  * [new branch]        codex/b2-2.2.1-harden-20260617 -> origin/codex/b2-2.2.1-harden-20260617
validate-platform	Checkout platform repository	2026-09-14T07:10:25.3024443Z  * [new branch]        codex/blueprint-20260610   -> origin/codex/blueprint-20260610
validate-platform	Checkout platform repository	2026-09-14T07:10:25.3025653Z  * [new branch]        codex/blueprint-v6-authority-promotion-1-20260617 -> origin/codex/blueprint-v6-authority-promotion-1-20260617
validate-platform	Checkout platform repository	2026-09-14T07:10:25.3028815Z  * [new branch]        codex/book-heading-anchors-20260702 -> origin/codex/book-heading-anchors-20260702
validate-platform	Checkout platform repository	2026-09-14T07:10:25.3030231Z  * [new branch]        codex/book-landing-v2-minimal-navigation-1-20260617 -> origin/codex/book-landing-v2-minimal-navigation-1-20260617
validate-platform	Checkout platform repository	2026-09-14T07:10:25.3031710Z  * [new branch]        codex/book1-edition-boundary-20260830 -> origin/codex/book1-edition-boundary-20260830
validate-platform	Checkout platform repository	2026-09-14T07:10:25.3032989Z  * [new branch]        codex/book2-foundation-outline-20260901 -> origin/codex/book2-foundation-outline-20260901
validate-platform	Checkout platform repository	2026-09-14T07:10:25.3034326Z  * [new branch]        codex/book2-part-a-production-20260905 -> origin/codex/book2-part-a-production-20260905
validate-platform	Checkout platform repository	2026-09-14T07:10:25.3035677Z  * [new branch]        codex/book2-target-exercise-audit-20260904 -> origin/codex/book2-target-exercise-audit-20260904
validate-platform	Checkout platform repository	2026-09-14T07:10:25.3037027Z  * [new branch]        codex/book2-textbook-production-20260905 -> origin/codex/book2-textbook-production-20260905
validate-platform	Checkout platform repository	2026-09-14T07:10:25.3038627Z  * [new branch]        codex/bundle-compat-empty-failed-command-fix-20260626 -> origin/codex/bundle-compat-empty-failed-command-fix-20260626
validate-platform	Checkout platform repository	2026-09-14T07:10:25.3040254Z  * [new branch]        codex/bundle-compat-evidence-workflow-fix-20260625 -> origin/codex/bundle-compat-evidence-workflow-fix-20260625
validate-platform	Checkout platform repository	2026-09-14T07:10:25.3041715Z  * [new branch]        codex/bundle-delta-review-bridge-20260818 -> origin/codex/bundle-delta-review-bridge-20260818
validate-platform	Checkout platform repository	2026-09-14T07:10:25.3042950Z  * [new branch]        codex/bundle-index-refresh-20260814 -> origin/codex/bundle-index-refresh-20260814
validate-platform	Checkout platform repository	2026-09-14T07:10:25.3044682Z  * [new branch]        codex/bundle-integration-branch-refresh-20260627 -> origin/codex/bundle-integration-branch-refresh-20260627
validate-platform	Checkout platform repository	2026-09-14T07:10:25.3046617Z  * [new branch]        codex/bundle-lane-ci-reliability-20260829 -> origin/codex/bundle-lane-ci-reliability-20260829
validate-platform	Checkout platform repository	2026-09-14T07:10:25.3048177Z  * [new branch]        codex/chapter-landing-v2-minimal-navigation-1-20260617 -> origin/codex/chapter-landing-v2-minimal-navigation-1-20260617
validate-platform	Checkout platform repository	2026-09-14T07:10:25.3049543Z  * [new branch]        codex/check-short-exit-2   -> origin/codex/check-short-exit-2
validate-platform	Checkout platform repository	2026-09-14T07:10:25.3050832Z  * [new branch]        codex/checksurface-post65-evidence-refresh-1-20260615 -> origin/codex/checksurface-post65-evidence-refresh-1-20260615
validate-platform	Checkout platform repository	2026-09-14T07:10:25.3052179Z  * [new branch]        codex/ci-cleanup-mode-20260909 -> origin/codex/ci-cleanup-mode-20260909
validate-platform	Checkout platform repository	2026-09-14T07:10:25.3053217Z  * [new branch]        codex/ci-cleanup-workflow-20260909 -> origin/codex/ci-cleanup-workflow-20260909
validate-platform	Checkout platform repository	2026-09-14T07:10:25.3054317Z  * [new branch]        codex/cold-paragraph-trial-20260909 -> origin/codex/cold-paragraph-trial-20260909
validate-platform	Checkout platform repository	2026-09-14T07:10:25.3055397Z  * [new branch]        codex/companion-material-20260608 -> origin/codex/companion-material-20260608
validate-platform	Checkout platform repository	2026-09-14T07:10:25.3056788Z  * [new branch]        codex/cross-repo-bundle-draft-transition-1-20260625 -> origin/codex/cross-repo-bundle-draft-transition-1-20260625
validate-platform	Checkout platform repository	2026-09-14T07:10:25.3058282Z  * [new branch]        codex/cross-repo-bundle-safety-1-20260623 -> origin/codex/cross-repo-bundle-safety-1-20260623
validate-platform	Checkout platform repository	2026-09-14T07:10:25.3059586Z  * [new branch]        codex/dutch-quality-scope-roadmap-20260609 -> origin/codex/dutch-quality-scope-roadmap-20260609
validate-platform	Checkout platform repository	2026-09-14T07:10:25.3060965Z  * [new branch]        codex/entrypoints-selective-loading-20260912 -> origin/codex/entrypoints-selective-loading-20260912
validate-platform	Checkout platform repository	2026-09-14T07:10:25.3062344Z  * [new branch]        codex/exam-operation-spine-anchor-1-20260618 -> origin/codex/exam-operation-spine-anchor-1-20260618
validate-platform	Checkout platform repository	2026-09-14T07:10:25.3063824Z  * [new branch]        codex/exercise-authority-hygiene-bundle-1-20260701 -> origin/codex/exercise-authority-hygiene-bundle-1-20260701
validate-platform	Checkout platform repository	2026-09-14T07:10:25.3065522Z  * [new branch]        codex/exercise-evidence-currentness-hardening-1-20260701 -> origin/codex/exercise-evidence-currentness-hardening-1-20260701
validate-platform	Checkout platform repository	2026-09-14T07:10:25.3067589Z  * [new branch]        codex/exercises-20260609   -> origin/codex/exercises-20260609
validate-platform	Checkout platform repository	2026-09-14T07:10:25.3069093Z  * [new branch]        codex/gate-product-3p-authority-copy-repair-and-rereview-1-20260618 -> origin/codex/gate-product-3p-authority-copy-repair-and-rereview-1-20260618
validate-platform	Checkout platform repository	2026-09-14T07:10:25.3071093Z  * [new branch]        codex/gate-product-3p-closure-scale-gate1-readiness-20260619 -> origin/codex/gate-product-3p-closure-scale-gate1-readiness-20260619
validate-platform	Checkout platform repository	2026-09-14T07:10:25.3072662Z  * [new branch]        codex/gate-product-3p-prep-2-20260617 -> origin/codex/gate-product-3p-prep-2-20260617
validate-platform	Checkout platform repository	2026-09-14T07:10:25.3073798Z  * [new branch]        codex/goal-dqs-closure-1-20260620 -> origin/codex/goal-dqs-closure-1-20260620
validate-platform	Checkout platform repository	2026-09-14T07:10:25.3075207Z  * [new branch]        codex/goal-iqs-bounded-source-refresh-packet-1-20260627 -> origin/codex/goal-iqs-bounded-source-refresh-packet-1-20260627
validate-platform	Checkout platform repository	2026-09-14T07:10:25.3076650Z  * [new branch]        codex/goal-iqs-foundation-1-20260621 -> origin/codex/goal-iqs-foundation-1-20260621
validate-platform	Checkout platform repository	2026-09-14T07:10:25.3078195Z  * [new branch]        codex/goal-iqs-internal-no-output-trial-simulation-1-20260626 -> origin/codex/goal-iqs-internal-no-output-trial-simulation-1-20260626
validate-platform	Checkout platform repository	2026-09-14T07:10:25.3080185Z  * [new branch]        codex/goal-iqs-internal-overlay-prototype-planning-1-20260624 -> origin/codex/goal-iqs-internal-overlay-prototype-planning-1-20260624
validate-platform	Checkout platform repository	2026-09-14T07:10:25.3082171Z  * [new branch]        codex/goal-iqs-internal-overlay-trial-contract-1-20260625 -> origin/codex/goal-iqs-internal-overlay-trial-contract-1-20260625
validate-platform	Checkout platform repository	2026-09-14T07:10:25.3083885Z  * [new branch]        codex/goal-iqs-local-expert-contact-pilot-1-20260629 -> origin/codex/goal-iqs-local-expert-contact-pilot-1-20260629
validate-platform	Checkout platform repository	2026-09-14T07:10:25.3085780Z  * [new branch]        codex/goal-iqs-local-expert-contact-stage-1-20260701 -> origin/codex/goal-iqs-local-expert-contact-stage-1-20260701
validate-platform	Checkout platform repository	2026-09-14T07:10:25.3087812Z  * [new branch]        codex/goal-iqs-local-expert-source-refresh-gate-1-20260626 -> origin/codex/goal-iqs-local-expert-source-refresh-gate-1-20260626
validate-platform	Checkout platform repository	2026-09-14T07:10:25.3089477Z  * [new branch]        codex/goal-iqs-overlay-architecture-1-20260622 -> origin/codex/goal-iqs-overlay-architecture-1-20260622
validate-platform	Checkout platform repository	2026-09-14T07:10:25.3091083Z  * [new branch]        codex/goal-iqs-owner-controlled-dispatch-1-20260703 -> origin/codex/goal-iqs-owner-controlled-dispatch-1-20260703
validate-platform	Checkout platform repository	2026-09-14T07:10:25.3092865Z  * [new branch]        codex/goal-iqs-owner-delivery-protocol-completion-1-20260702 -> origin/codex/goal-iqs-owner-delivery-protocol-completion-1-20260702
validate-platform	Checkout platform repository	2026-09-14T07:10:25.3094726Z  * [new branch]        codex/goal-iqs-owner-delivery-protocol-repair-1-20260703 -> origin/codex/goal-iqs-owner-delivery-protocol-repair-1-20260703
validate-platform	Checkout platform repository	2026-09-14T07:10:25.3096622Z  * [new branch]        codex/goal-iqs-owner-manual-dispatch-response-intake-1-20260701 -> origin/codex/goal-iqs-owner-manual-dispatch-response-intake-1-20260701
validate-platform	Checkout platform repository	2026-09-14T07:10:25.3098326Z  * [new branch]        codex/goal-iqs-selected-deepening-1-20260622 -> origin/codex/goal-iqs-selected-deepening-1-20260622
validate-platform	Checkout platform repository	2026-09-14T07:10:25.3099956Z  * [new branch]        codex/goal-iqs-source-refresh-execution-pilot-1-20260628 -> origin/codex/goal-iqs-source-refresh-execution-pilot-1-20260628
validate-platform	Checkout platform repository	2026-09-14T07:10:25.3101521Z  * [new branch]        codex/golden-exemplar-promotion-1-20260609 -> origin/codex/golden-exemplar-promotion-1-20260609
validate-platform	Checkout platform repository	2026-09-14T07:10:25.3102850Z  * [new branch]        codex/golden-exercise-checkers-1-20260609 -> origin/codex/golden-exercise-checkers-1-20260609
validate-platform	Checkout platform repository	2026-09-14T07:10:25.3104213Z  * [new branch]        codex/golden-exercise-policy-1-20260609 -> origin/codex/golden-exercise-policy-1-20260609
validate-platform	Checkout platform repository	2026-09-14T07:10:25.3105555Z  * [new branch]        codex/golden-exercise-workbench-prep-20260609 -> origin/codex/golden-exercise-workbench-prep-20260609
validate-platform	Checkout platform repository	2026-09-14T07:10:25.3107458Z  * [new branch]        codex/golden-graph-advisory-113-bundle-20260620 -> origin/codex/golden-graph-advisory-113-bundle-20260620
validate-platform	Checkout platform repository	2026-09-14T07:10:25.3109393Z  * [new branch]        codex/golden-presentation-111-implemented-web-1-20260621 -> origin/codex/golden-presentation-111-implemented-web-1-20260621
validate-platform	Checkout platform repository	2026-09-14T07:10:25.3111083Z  * [new branch]        codex/golden-route-111-start-copy-bundle-20260619 -> origin/codex/golden-route-111-start-copy-bundle-20260619
validate-platform	Checkout platform repository	2026-09-14T07:10:25.3112525Z  * [new branch]        codex/golden-surface-visual-review-1-20260615 -> origin/codex/golden-surface-visual-review-1-20260615
validate-platform	Checkout platform repository	2026-09-14T07:10:25.3113861Z  * [new branch]        codex/golden-ticket-layout-reset-20260608 -> origin/codex/golden-ticket-layout-reset-20260608
validate-platform	Checkout platform repository	2026-09-14T07:10:25.3115005Z  * [new branch]        codex/graph-skill-cleanup-20260910 -> origin/codex/graph-skill-cleanup-20260910
validate-platform	Checkout platform repository	2026-09-14T07:10:25.3116296Z  * [new branch]        codex/hide-golden-ticket-workbench-label -> origin/codex/hide-golden-ticket-workbench-label
validate-platform	Checkout platform repository	2026-09-14T07:10:25.3117538Z  * [new branch]        codex/import-book2-chat-20260913 -> origin/codex/import-book2-chat-20260913
validate-platform	Checkout platform repository	2026-09-14T07:10:25.3119003Z  * [new branch]        codex/inspect-10-diagnostic-generator-planning-20260615 -> origin/codex/inspect-10-diagnostic-generator-planning-20260615
validate-platform	Checkout platform repository	2026-09-14T07:10:25.3120913Z  * [new branch]        codex/inspect-10a-diagnostic-generator-implementation-plan-20260615 -> origin/codex/inspect-10a-diagnostic-generator-implementation-plan-20260615
validate-platform	Checkout platform repository	2026-09-14T07:10:25.3122934Z  * [new branch]        codex/inspect-10b-internal-diagnostic-generator-20260616 -> origin/codex/inspect-10b-internal-diagnostic-generator-20260616
validate-platform	Checkout platform repository	2026-09-14T07:10:25.3124800Z  * [new branch]        codex/inspect-10c-diagnostic-generator-stability-20260616 -> origin/codex/inspect-10c-diagnostic-generator-stability-20260616
validate-platform	Checkout platform repository	2026-09-14T07:10:25.3127186Z  * [new branch]        codex/inspect-10d-operating-procedure-20260617 -> origin/codex/inspect-10d-operating-procedure-20260617
validate-platform	Checkout platform repository	2026-09-14T07:10:25.3128749Z  * [new branch]        codex/inspect-11-diagnostic-scope-readiness-20260617 -> origin/codex/inspect-11-diagnostic-scope-readiness-20260617
validate-platform	Checkout platform repository	2026-09-14T07:10:25.3130503Z  * [new branch]        codex/inspect-11a-chapter-13-readiness-remediation-20260617 -> origin/codex/inspect-11a-chapter-13-readiness-remediation-20260617
validate-platform	Checkout platform repository	2026-09-14T07:10:25.3132420Z  * [new branch]        codex/inspect-11d-chapter-13-paired-repair-readiness-20260618 -> origin/codex/inspect-11d-chapter-13-paired-repair-readiness-20260618
validate-platform	Checkout platform repository	2026-09-14T07:10:25.3134373Z  * [new branch]        codex/inspect-11ef-chapter-13-diagnostic-onboarding-20260619 -> origin/codex/inspect-11ef-chapter-13-diagnostic-onboarding-20260619
validate-platform	Checkout platform repository	2026-09-14T07:10:25.3136242Z  * [new branch]        codex/inspect-8-dutch-evidence-scale-readiness-20260610 -> origin/codex/inspect-8-dutch-evidence-scale-readiness-20260610
validate-platform	Checkout platform repository	2026-09-14T07:10:25.3138074Z  * [new branch]        codex/inspect-9-dutch-evidence-gap-closure-plan-20260610 -> origin/codex/inspect-9-dutch-evidence-gap-closure-plan-20260610
validate-platform	Checkout platform repository	2026-09-14T07:10:25.3139961Z  * [new branch]        codex/inspect-9a-chapter-12-target-exam-remediation-20260611 -> origin/codex/inspect-9a-chapter-12-target-exam-remediation-20260611
validate-platform	Checkout platform repository	2026-09-14T07:10:25.3141948Z  * [new branch]        codex/inspect-9b-chapter-12-equivalence-support-review-20260611 -> origin/codex/inspect-9b-chapter-12-equivalence-support-review-20260611
validate-platform	Checkout platform repository	2026-09-14T07:10:25.3143783Z  * [new branch]        codex/integration-authorized-activation-1-20260628 -> origin/codex/integration-authorized-activation-1-20260628
validate-platform	Checkout platform repository	2026-09-14T07:10:25.3145535Z  * [new branch]        codex/integration-authorized-activation-smoke-2-20260629 -> origin/codex/integration-authorized-activation-smoke-2-20260629
validate-platform	Checkout platform repository	2026-09-14T07:10:25.3147709Z  * [new branch]        codex/integration-authorized-activation-smoke-20260629 -> origin/codex/integration-authorized-activation-smoke-20260629
validate-platform	Checkout platform repository	2026-09-14T07:10:25.3149550Z  * [new branch]        codex/integration-authorized-activation-smoke-3-20260629 -> origin/codex/integration-authorized-activation-smoke-3-20260629
validate-platform	Checkout platform repository	2026-09-14T07:10:25.3151782Z  * [new branch]        codex/integration-authorized-auto-merge-compat-1-20260629 -> origin/codex/integration-authorized-auto-merge-compat-1-20260629
validate-platform	Checkout platform repository	2026-09-14T07:10:25.3153722Z  * [new branch]        codex/integration-authorized-auto-merge-trigger-1-20260629 -> origin/codex/integration-authorized-auto-merge-trigger-1-20260629
validate-platform	Checkout platform repository	2026-09-14T07:10:25.3155560Z  * [new branch]        codex/integration-head-lead-review-supersession-1-20260703 -> origin/codex/integration-head-lead-review-supersession-1-20260703
validate-platform	Checkout platform repository	2026-09-14T07:10:25.3195618Z  * [new branch]        codex/integration-lane-evidence-workflow-repair-20260626 -> origin/codex/integration-lane-evidence-workflow-repair-20260626
validate-platform	Checkout platform repository	2026-09-14T07:10:25.3197462Z  * [new branch]        codex/integration-lane-permission-smoothing-1-20260630 -> origin/codex/integration-lane-permission-smoothing-1-20260630
validate-platform	Checkout platform repository	2026-09-14T07:10:25.3199080Z  * [new branch]        codex/integration-pilot-closure-cleanup-1-20260629 -> origin/codex/integration-pilot-closure-cleanup-1-20260629
validate-platform	Checkout platform repository	2026-09-14T07:10:25.3200497Z  * [new branch]        codex/issue223-gate0-planning-20260901 -> origin/codex/issue223-gate0-planning-20260901
validate-platform	Checkout platform repository	2026-09-14T07:10:25.3201846Z  * [new branch]        codex/landing-v2-regression-guard-1-20260615 -> origin/codex/landing-v2-regression-guard-1-20260615
validate-platform	Checkout platform repository	2026-09-14T07:10:25.3203169Z  * [new branch]        codex/landing-v2-row-order-20260615 -> origin/codex/landing-v2-row-order-20260615
validate-platform	Checkout platform repository	2026-09-14T07:10:25.3205172Z  * [new branch]        codex/lesson-first-agent-index-hermeticity-20260817 -> origin/codex/lesson-first-agent-index-hermeticity-20260817
validate-platform	Checkout platform repository	2026-09-14T07:10:25.3206787Z  * [new branch]        codex/mtu-ans-proof-impl-1-20260608 -> origin/codex/mtu-ans-proof-impl-1-20260608
validate-platform	Checkout platform repository	2026-09-14T07:10:25.3208823Z  * [new branch]        codex/mtu-h5-followup-planning -> origin/codex/mtu-h5-followup-planning
validate-platform	Checkout platform repository	2026-09-14T07:10:25.3209559Z  * [new branch]        codex/mtu-h5-planning-checker-mainline-20260611 -> origin/codex/mtu-h5-planning-checker-mainline-20260611
validate-platform	Checkout platform repository	2026-09-14T07:10:25.3210528Z  * [new branch]        codex/mtu-h5-q19-answer-form-equivalent-execution-1-20260616 -> origin/codex/mtu-h5-q19-answer-form-equivalent-execution-1-20260616
validate-platform	Checkout platform repository	2026-09-14T07:10:25.3211619Z  * [new branch]        codex/mtu-h5-q19-answer-form-equivalent-execution-gate-1-20260616 -> origin/codex/mtu-h5-q19-answer-form-equivalent-execution-gate-1-20260616
validate-platform	Checkout platform repository	2026-09-14T07:10:25.3212702Z  * [new branch]        codex/mtu-h5-q19-final-resolution-closure-bundle-1-20260620 -> origin/codex/mtu-h5-q19-final-resolution-closure-bundle-1-20260620
validate-platform	Checkout platform repository	2026-09-14T07:10:25.3213740Z  * [new branch]        codex/mtu-h5-q19-procedure-semantic-fit-package-1-20260617 -> origin/codex/mtu-h5-q19-procedure-semantic-fit-package-1-20260617
validate-platform	Checkout platform repository	2026-09-14T07:10:25.3214837Z  * [new branch]        codex/mtu-h5-q19-source-graph-procedure-reasoning-gate-1-20260617 -> origin/codex/mtu-h5-q19-source-graph-procedure-reasoning-gate-1-20260617
validate-platform	Checkout platform repository	2026-09-14T07:10:25.3215908Z  * [new branch]        codex/mtu-h5-q19-source-graph-reasoning-package-1-20260617 -> origin/codex/mtu-h5-q19-source-graph-reasoning-package-1-20260617
validate-platform	Checkout platform repository	2026-09-14T07:10:25.3216958Z  * [new branch]        codex/mtu-h5-q27-incidence-levy-capacity-package-2-20260618 -> origin/codex/mtu-h5-q27-incidence-levy-capacity-package-2-20260618
validate-platform	Checkout platform repository	2026-09-14T07:10:25.3218064Z  * [new branch]        codex/mtu-h5-q27-incidence-scaling-levy-capacity-package-1-20260618 -> origin/codex/mtu-h5-q27-incidence-scaling-levy-capacity-package-1-20260618
validate-platform	Checkout platform repository	2026-09-14T07:10:25.3219186Z  * [new branch]        codex/mtu-h5-q27-step2-q15-closure-readiness-bundle-1-20260619 -> origin/codex/mtu-h5-q27-step2-q15-closure-readiness-bundle-1-20260619
validate-platform	Checkout platform repository	2026-09-14T07:10:25.3220003Z  * [new branch]        codex/mtu-h5-q3-execution-gate -> origin/codex/mtu-h5-q3-execution-gate
validate-platform	Checkout platform repository	2026-09-14T07:10:25.3220584Z  * [new branch]        codex/mtu-h5-q3-fixture-execution -> origin/codex/mtu-h5-q3-fixture-execution
validate-platform	Checkout platform repository	2026-09-14T07:10:25.3221236Z  * [new branch]        codex/mtu-h5-q3-fixture-execution-gate -> origin/codex/mtu-h5-q3-fixture-execution-gate
validate-platform	Checkout platform repository	2026-09-14T07:10:25.3222551Z  * [new branch]        codex/mtu-h6-closure-h7-blind-holdout-20260624 -> origin/codex/mtu-h6-closure-h7-blind-holdout-20260624
validate-platform	Checkout platform repository	2026-09-14T07:10:25.3223564Z  * [new branch]        codex/mtu-h6-cross-exam-generalization-evidence-integrity-1-20260622 -> origin/codex/mtu-h6-cross-exam-generalization-evidence-integrity-1-20260622
validate-platform	Checkout platform repository	2026-09-14T07:10:25.3225005Z  * [new branch]        codex/mtu-h7-blind-holdout-execution-20260625 -> origin/codex/mtu-h7-blind-holdout-execution-20260625
validate-platform	Checkout platform repository	2026-09-14T07:10:25.3225998Z  * [new branch]        codex/mtu-h7-nonprotected-execution-governance-bundle-2-20260629 -> origin/codex/mtu-h7-nonprotected-execution-governance-bundle-2-20260629
validate-platform	Checkout platform repository	2026-09-14T07:10:25.3227143Z  * [new branch]        codex/mtu-h7-protected-canonical-adjudication-bundle-4-20260703 -> origin/codex/mtu-h7-protected-canonical-adjudication-bundle-4-20260703
validate-platform	Checkout platform repository	2026-09-14T07:10:25.3228227Z  * [new branch]        codex/mtu-h7-q5-graph-protected-governance-bundle-3-20260701 -> origin/codex/mtu-h7-q5-graph-protected-governance-bundle-3-20260701
validate-platform	Checkout platform repository	2026-09-14T07:10:25.3229016Z  * [new branch]        codex/mtu-hardening-20260608 -> origin/codex/mtu-hardening-20260608
validate-platform	Checkout platform repository	2026-09-14T07:10:25.3229650Z  * [new branch]        codex/paragraph-landing-page-20260610 -> origin/codex/paragraph-landing-page-20260610
validate-platform	Checkout platform repository	2026-09-14T07:10:25.3230367Z  * [new branch]        codex/paragraph-review-cleanup-20260909 -> origin/codex/paragraph-review-cleanup-20260909
validate-platform	Checkout platform repository	2026-09-14T07:10:25.3231147Z  * [new branch]        codex/paragraph-workflow-improvements-20260909 -> origin/codex/paragraph-workflow-improvements-20260909
validate-platform	Checkout platform repository	2026-09-14T07:10:25.3232134Z  * [new branch]        codex/part-a-instruction-consistency-20260912 -> origin/codex/part-a-instruction-consistency-20260912
validate-platform	Checkout platform repository	2026-09-14T07:10:25.3232960Z  * [new branch]        codex/part-a-pdf-human-review-workflow-20260702 -> origin/codex/part-a-pdf-human-review-workflow-20260702
validate-platform	Checkout platform repository	2026-09-14T07:10:25.3233840Z  * [new branch]        codex/part-a-textbook-exercise-structure-1-20260829 -> origin/codex/part-a-textbook-exercise-structure-1-20260829
validate-platform	Checkout platform repository	2026-09-14T07:10:25.3234707Z  * [new branch]        codex/payload-authorization-wording-1-20260630 -> origin/codex/payload-authorization-wording-1-20260630
validate-platform	Checkout platform repository	2026-09-14T07:10:25.3235638Z  * [new branch]        codex/payload-integration-state-explainability-1-20260701 -> origin/codex/payload-integration-state-explainability-1-20260701
validate-platform	Checkout platform repository	2026-09-14T07:10:25.3236534Z  * [new branch]        codex/pr-governance-convergence-1-20260624 -> origin/codex/pr-governance-convergence-1-20260624
validate-platform	Checkout platform repository	2026-09-14T07:10:25.3237237Z  * [new branch]        codex/pr-integration-lane-1-20260623 -> origin/codex/pr-integration-lane-1-20260623
validate-platform	Checkout platform repository	2026-09-14T07:10:25.3238023Z  * [new branch]        codex/pr-readiness-comment-body-file-20260703 -> origin/codex/pr-readiness-comment-body-file-20260703
validate-platform	Checkout platform repository	2026-09-14T07:10:25.3238735Z  * [new branch]        codex/pr-readiness-router-20260622 -> origin/codex/pr-readiness-router-20260622
validate-platform	Checkout platform repository	2026-09-14T07:10:25.3239499Z  * [new branch]        codex/presentation-v2-113-graph-transfer-1-20260623 -> origin/codex/presentation-v2-113-graph-transfer-1-20260623
validate-platform	Checkout platform repository	2026-09-14T07:10:25.3240443Z  * [new branch]        codex/presentation-v2-pptx-derivative-111-113-1-20260624 -> origin/codex/presentation-v2-pptx-derivative-111-113-1-20260624
validate-platform	Checkout platform repository	2026-09-14T07:10:25.3241321Z  * [new branch]        codex/presentation-workflow-cleanup-20260629 -> origin/codex/presentation-workflow-cleanup-20260629
validate-platform	Checkout platform repository	2026-09-14T07:10:25.3242129Z  * [new branch]        codex/presentation-workflow-hardening-20260701 -> origin/codex/presentation-workflow-hardening-20260701
validate-platform	Checkout platform repository	2026-09-14T07:10:25.3242941Z  * [new branch]        codex/proportionate-instruction-ci-20260912 -> origin/codex/proportionate-instruction-ci-20260912
validate-platform	Checkout platform repository	2026-09-14T07:10:25.3243624Z  * [new branch]        codex/quality-standards-20260608 -> origin/codex/quality-standards-20260608
validate-platform	Checkout platform repository	2026-09-14T07:10:25.3244674Z  * [new branch]        codex/reasoning-golden-family-platform-20260620 -> origin/codex/reasoning-golden-family-platform-20260620
validate-platform	Checkout platform repository	2026-09-14T07:10:25.3245686Z  * [new branch]        codex/recovered-inspect-8-main-holder-20260831 -> origin/codex/recovered-inspect-8-main-holder-20260831
validate-platform	Checkout platform repository	2026-09-14T07:10:25.3246349Z  * [new branch]        codex/reorganize-2-20260908 -> origin/codex/reorganize-2-20260908
validate-platform	Checkout platform repository	2026-09-14T07:10:25.3246848Z  * [new branch]        codex/reorganize-20260908  -> origin/codex/reorganize-20260908
validate-platform	Checkout platform repository	2026-09-14T07:10:25.3247345Z  * [new branch]        codex/reorganize-4-20260909 -> origin/codex/reorganize-4-20260909
validate-platform	Checkout platform repository	2026-09-14T07:10:25.3247970Z  * [new branch]        codex/residual-bundle-readiness-20260827 -> origin/codex/residual-bundle-readiness-20260827
validate-platform	Checkout platform repository	2026-09-14T07:10:25.3248562Z  * [new branch]        codex/review-20260610      -> origin/codex/review-20260610
validate-platform	Checkout platform repository	2026-09-14T07:10:25.3249150Z  * [new branch]        codex/review-throughput-packets-20260614 -> origin/codex/review-throughput-packets-20260614
validate-platform	Checkout platform repository	2026-09-14T07:10:25.3249914Z  * [new branch]        codex/review-throughput-pr58-packet-20260615 -> origin/codex/review-throughput-pr58-packet-20260615
validate-platform	Checkout platform repository	2026-09-14T07:10:25.3250570Z  * [new branch]        codex/running-goals-20260608 -> origin/codex/running-goals-20260608
validate-platform	Checkout platform repository	2026-09-14T07:10:25.3251104Z  * [new branch]        codex/scale-proof-3p-20260612 -> origin/codex/scale-proof-3p-20260612
validate-platform	Checkout platform repository	2026-09-14T07:10:25.3251846Z  * [new branch]        codex/scale-proof-3p-readiness-product-path-20260622 -> origin/codex/scale-proof-3p-readiness-product-path-20260622
validate-platform	Checkout platform repository	2026-09-14T07:10:25.3252735Z  * [new branch]        codex/single-account-review-governance-20260622 -> origin/codex/single-account-review-governance-20260622
validate-platform	Checkout platform repository	2026-09-14T07:10:25.3253715Z  * [new branch]        codex/single-pr-dry-run-repair-20260830 -> origin/codex/single-pr-dry-run-repair-20260830
validate-platform	Checkout platform repository	2026-09-14T07:10:25.3254389Z  * [new branch]        codex/skill-consolidation-20260912 -> origin/codex/skill-consolidation-20260912
validate-platform	Checkout platform repository	2026-09-14T07:10:25.3255006Z  * [new branch]        codex/skill-progression-20260624 -> origin/codex/skill-progression-20260624
validate-platform	Checkout platform repository	2026-09-14T07:10:25.3255639Z  * [new branch]        codex/skilltree-improvement-20260618 -> origin/codex/skilltree-improvement-20260618
validate-platform	Checkout platform repository	2026-09-14T07:10:25.3256342Z  * [new branch]        codex/targeted-authoring-cleanup-20260914 -> origin/codex/targeted-authoring-cleanup-20260914
validate-platform	Checkout platform repository	2026-09-14T07:10:25.3256951Z  * [new branch]        codex/textbook-20260608    -> origin/codex/textbook-20260608
validate-platform	Checkout platform repository	2026-09-14T07:10:25.3257601Z  * [new branch]        codex/textbook-paragraph-optimization-20260609 -> origin/codex/textbook-paragraph-optimization-20260609
validate-platform	Checkout platform repository	2026-09-14T07:10:25.3258469Z  * [new branch]        codex/textbook-rendered-page-acceptance-1-20260616 -> origin/codex/textbook-rendered-page-acceptance-1-20260616
validate-platform	Checkout platform repository	2026-09-14T07:10:25.3259275Z  * [new branch]        codex/textbook-roadmap-2-2-ready-20260612 -> origin/codex/textbook-roadmap-2-2-ready-20260612
validate-platform	Checkout platform repository	2026-09-14T07:10:25.3260010Z  * [new branch]        codex/textbook-workflow-cleanup-1-20260630 -> origin/codex/textbook-workflow-cleanup-1-20260630
validate-platform	Checkout platform repository	2026-09-14T07:10:25.3260713Z  * [new branch]        codex/workflow-optimization-20260627 -> origin/codex/workflow-optimization-20260627
validate-platform	Checkout platform repository	2026-09-14T07:10:25.3261444Z  * [new branch]        codex/workflow-split-paragraph-a-b-1-20260629 -> origin/codex/workflow-split-paragraph-a-b-1-20260629
validate-platform	Checkout platform repository	2026-09-14T07:10:25.3262194Z  * [new branch]        codex/y1-evidence-prerequisite-20260827 -> origin/codex/y1-evidence-prerequisite-20260827
validate-platform	Checkout platform repository	2026-09-14T07:10:25.3262935Z  * [new branch]        codex/y1-foundation-closure-review-1-20260617 -> origin/codex/y1-foundation-closure-review-1-20260617
validate-platform	Checkout platform repository	2026-09-14T07:10:25.3263670Z  * [new branch]        codex/y1-golden-rollout-wave-1-20260703 -> origin/codex/y1-golden-rollout-wave-1-20260703
validate-platform	Checkout platform repository	2026-09-14T07:10:25.3264716Z  * [new branch]        codex/y1-golden-rollout-wave-renewal-20260823 -> origin/codex/y1-golden-rollout-wave-renewal-20260823
validate-platform	Checkout platform repository	2026-09-14T07:10:25.3265588Z  * [new branch]        codex/y1-placeholder-target-review-followup-20260611 -> origin/codex/y1-placeholder-target-review-followup-20260611
validate-platform	Checkout platform repository	2026-09-14T07:10:25.3266532Z  * [new branch]        codex/y1-renewal-descendants-20260908 -> origin/codex/y1-renewal-descendants-20260908
validate-platform	Checkout platform repository	2026-09-14T07:10:25.3267345Z  * [new branch]        codex/y2-four-target-bounded-route-adoption-1-20260629 -> origin/codex/y2-four-target-bounded-route-adoption-1-20260629
validate-platform	Checkout platform repository	2026-09-14T07:10:25.3268362Z  * [new branch]        codex/y2-four-target-cp6-scale-gate-decision-bundle-1-20260702 -> origin/codex/y2-four-target-cp6-scale-gate-decision-bundle-1-20260702
validate-platform	Checkout platform repository	2026-09-14T07:10:25.3269445Z  * [new branch]        codex/y2-four-target-cp6-scale-gate-owner-decision-1-20260703 -> origin/codex/y2-four-target-cp6-scale-gate-owner-decision-1-20260703
validate-platform	Checkout platform repository	2026-09-14T07:10:25.3270544Z  * [new branch]        codex/y2-four-target-cp6-scale-gate-readiness-bundle-1-20260701 -> origin/codex/y2-four-target-cp6-scale-gate-readiness-bundle-1-20260701
validate-platform	Checkout platform repository	2026-09-14T07:10:25.3271621Z  * [new branch]        codex/y2-four-target-cross-repo-lesson-production-1-20260626 -> origin/codex/y2-four-target-cross-repo-lesson-production-1-20260626
validate-platform	Checkout platform repository	2026-09-14T07:10:25.3272751Z  * [new branch]        codex/y2-four-target-post-adoption-proof-scale-precheck-1-20260630 -> origin/codex/y2-four-target-post-adoption-proof-scale-precheck-1-20260630
validate-platform	Checkout platform repository	2026-09-14T07:10:25.3273781Z  * [new branch]        codex/y2-four-target-product-proof-gate-1-20260626 -> origin/codex/y2-four-target-product-proof-gate-1-20260626
validate-platform	Checkout platform repository	2026-09-14T07:10:25.3274738Z  * [new branch]        codex/y2-four-target-product-route-adoption-prep-1-20260627 -> origin/codex/y2-four-target-product-route-adoption-prep-1-20260627
validate-platform	Checkout platform repository	2026-09-14T07:10:25.3275811Z  * [new branch]        codex/y2-governed-support-closure-bundle-1-20260625 -> origin/codex/y2-governed-support-closure-bundle-1-20260625
validate-platform	Checkout platform repository	2026-09-14T07:10:25.3276711Z  * [new branch]        codex/y2-source-reconstruction-mtu-proof-1-20260623 -> origin/codex/y2-source-reconstruction-mtu-proof-1-20260623
validate-platform	Checkout platform repository	2026-09-14T07:10:25.3277629Z  * [new branch]        codex/y2-target-production-readiness-bundle-1-20260624 -> origin/codex/y2-target-production-readiness-bundle-1-20260624
validate-platform	Checkout platform repository	2026-09-14T07:10:25.3278469Z  * [new branch]        evidence/book2-target-goal-audit-20260904 -> origin/evidence/book2-target-goal-audit-20260904
validate-platform	Checkout platform repository	2026-09-14T07:10:25.3279073Z  * [new branch]        layout/1.1.1-round-2-redo  -> origin/layout/1.1.1-round-2-redo
validate-platform	Checkout platform repository	2026-09-14T07:10:25.3279487Z  * [new branch]        main                       -> origin/main
validate-platform	Checkout platform repository	2026-09-14T07:10:25.3279858Z  * [new branch]        webdocs/1.5d               -> origin/webdocs/1.5d
validate-platform	Checkout platform repository	2026-09-14T07:10:25.3280370Z  * [new tag]           checkpoint/AGENT-WORKTREE-SAFETY-1 -> checkpoint/AGENT-WORKTREE-SAFETY-1
validate-platform	Checkout platform repository	2026-09-14T07:10:25.3280972Z  * [new tag]           checkpoint/CP.6a-lesson-side-alignment -> checkpoint/CP.6a-lesson-side-alignment
validate-platform	Checkout platform repository	2026-09-14T07:10:25.3281563Z  * [new tag]           checkpoint/CP.6a-lesson-side-recheck -> checkpoint/CP.6a-lesson-side-recheck
validate-platform	Checkout platform repository	2026-09-14T07:10:25.3282173Z  * [new tag]           checkpoint/CP.6b-target-exercise-review -> checkpoint/CP.6b-target-exercise-review
validate-platform	Checkout platform repository	2026-09-14T07:10:25.3282844Z  * [new tag]           checkpoint/CP.6c-mtu-backfill-classification -> checkpoint/CP.6c-mtu-backfill-classification
validate-platform	Checkout platform repository	2026-09-14T07:10:25.3283565Z  * [new tag]           checkpoint/CP.6d-graph-heavy-evidence-upgrade -> checkpoint/CP.6d-graph-heavy-evidence-upgrade
validate-platform	Checkout platform repository	2026-09-14T07:10:25.3284286Z  * [new tag]           checkpoint/CP.6e-113-part-a-failed-clearance -> checkpoint/CP.6e-113-part-a-failed-clearance
validate-platform	Checkout platform repository	2026-09-14T07:10:25.3285248Z  * [new tag]           checkpoint/CP.6f-113-part-a-cleared -> checkpoint/CP.6f-113-part-a-cleared
validate-platform	Checkout platform repository	2026-09-14T07:10:25.3285851Z  * [new tag]           checkpoint/EX-0-exam-ingestion-contract -> checkpoint/EX-0-exam-ingestion-contract
validate-platform	Checkout platform repository	2026-09-14T07:10:25.3286455Z  * [new tag]           checkpoint/EX-1-exam-ingestion-pilot -> checkpoint/EX-1-exam-ingestion-pilot
validate-platform	Checkout platform repository	2026-09-14T07:10:25.3287044Z  * [new tag]           checkpoint/EX-2-mapping-review-packet -> checkpoint/EX-2-mapping-review-packet
validate-platform	Checkout platform repository	2026-09-14T07:10:25.3287802Z  * [new tag]           checkpoint/EX-3-exam-coverage-dashboard -> checkpoint/EX-3-exam-coverage-dashboard
validate-platform	Checkout platform repository	2026-09-14T07:10:25.3288385Z  * [new tag]           checkpoint/EX-4-mutation-planning -> checkpoint/EX-4-mutation-planning
validate-platform	Checkout platform repository	2026-09-14T07:10:25.3289041Z  * [new tag]           checkpoint/EX-5-operation-answer-skill-contract -> checkpoint/EX-5-operation-answer-skill-contract
validate-platform	Checkout platform repository	2026-09-14T07:10:25.3289863Z  * [new tag]           checkpoint/EX-6-validator-cli-planning -> checkpoint/EX-6-validator-cli-planning
validate-platform	Checkout platform repository	2026-09-14T07:10:25.3290689Z  * [new tag]           checkpoint/EX-7-dry-run-cli-implementation -> checkpoint/EX-7-dry-run-cli-implementation
validate-platform	Checkout platform repository	2026-09-14T07:10:25.3291387Z  * [new tag]           checkpoint/EX-NS0-exam-ingestion-north-star -> checkpoint/EX-NS0-exam-ingestion-north-star
validate-platform	Checkout platform repository	2026-09-14T07:10:25.3292095Z  * [new tag]           checkpoint/GAME-UX-1-shared-skill-map-engine -> checkpoint/GAME-UX-1-shared-skill-map-engine
validate-platform	Checkout platform repository	2026-09-14T07:10:25.3292753Z  * [new tag]           checkpoint/GAME-UX-2-exit-ticket-mvp -> checkpoint/GAME-UX-2-exit-ticket-mvp
validate-platform	Checkout platform repository	2026-09-14T07:10:25.3293408Z  * [new tag]           checkpoint/GATE-CP6-routing-decision -> checkpoint/GATE-CP6-routing-decision
validate-platform	Checkout platform repository	2026-09-14T07:10:25.3294291Z  * [new tag]           checkpoint/GATE-EX0-pass-with-conditions -> checkpoint/GATE-EX0-pass-with-conditions
validate-platform	Checkout platform repository	2026-09-14T07:10:25.3294967Z  * [new tag]           checkpoint/GATE-EX2-pass-with-conditions -> checkpoint/GATE-EX2-pass-with-conditions
validate-platform	Checkout platform repository	2026-09-14T07:10:25.3295617Z  * [new tag]           checkpoint/GATE-EX4-pass-with-conditions -> checkpoint/GATE-EX4-pass-with-conditions
validate-platform	Checkout platform repository	2026-09-14T07:10:25.3296517Z  * [new tag]           checkpoint/GATE-EX5-pass-with-conditions -> checkpoint/GATE-EX5-pass-with-conditions
validate-platform	Checkout platform repository	2026-09-14T07:10:25.3297164Z  * [new tag]           checkpoint/GATE-EX6-pass-with-conditions -> checkpoint/GATE-EX6-pass-with-conditions
validate-platform	Checkout platform repository	2026-09-14T07:10:25.3298021Z  * [new tag]           checkpoint/GATE-SHARED-TASK-INGEST-REPAIR-1-pass-with-flags -> checkpoint/GATE-SHARED-TASK-INGEST-REPAIR-1-pass-with-flags
validate-platform	Checkout platform repository	2026-09-14T07:10:25.3298858Z  * [new tag]           checkpoint/R4.4-micro-unit-quality-packet -> checkpoint/R4.4-micro-unit-quality-packet
validate-platform	Checkout platform repository	2026-09-14T07:10:25.3299581Z  * [new tag]           checkpoint/R4.5-reviewed-micro-unit-corrections -> checkpoint/R4.5-reviewed-micro-unit-corrections
validate-platform	Checkout platform repository	2026-09-14T07:10:25.3300433Z  * [new tag]           checkpoint/R5.3-graph-gate -> checkpoint/R5.3-graph-gate
validate-platform	Checkout platform repository	2026-09-14T07:10:25.3301174Z  * [new tag]           checkpoint/R6.1-json-first-reports -> checkpoint/R6.1-json-first-reports
validate-platform	Checkout platform repository	2026-09-14T07:10:25.3301992Z  * [new tag]           checkpoint/R6.2-reference-health -> checkpoint/R6.2-reference-health
validate-platform	Checkout platform repository	2026-09-14T07:10:25.3302727Z  * [new tag]           checkpoint/R7.1-deterministic-chunks -> checkpoint/R7.1-deterministic-chunks
validate-platform	Checkout platform repository	2026-09-14T07:10:25.3303287Z  * [new tag]           checkpoint/R7.2-hybrid-retrieval -> checkpoint/R7.2-hybrid-retrieval
validate-platform	Checkout platform repository	2026-09-14T07:10:25.3303807Z  * [new tag]           checkpoint/R7.3-retrieval-eval -> checkpoint/R7.3-retrieval-eval
validate-platform	Checkout platform repository	2026-09-14T07:10:25.3304312Z  * [new tag]           checkpoint/R7.4-rag-review-gate -> checkpoint/R7.4-rag-review-gate
validate-platform	Checkout platform repository	2026-09-14T07:10:25.3305181Z  * [new tag]           checkpoint/R7.4-rag-review-packet -> checkpoint/R7.4-rag-review-packet
validate-platform	Checkout platform repository	2026-09-14T07:10:25.3305711Z  * [new tag]           checkpoint/R7.5-merge-readiness -> checkpoint/R7.5-merge-readiness
validate-platform	Checkout platform repository	2026-09-14T07:10:25.3306236Z  * [new tag]           checkpoint/R8.1-qc-issue-model -> checkpoint/R8.1-qc-issue-model
validate-platform	Checkout platform repository	2026-09-14T07:10:25.3306786Z  * [new tag]           checkpoint/R9.1-owned-source-registry -> checkpoint/R9.1-owned-source-registry
validate-platform	Checkout platform repository	2026-09-14T07:10:25.3307421Z  * [new tag]           checkpoint/R9.2-content-graph-projection -> checkpoint/R9.2-content-graph-projection
validate-platform	Checkout platform repository	2026-09-14T07:10:25.3308094Z  * [new tag]           checkpoint/REF-CP6-remediation-readiness -> checkpoint/REF-CP6-remediation-readiness
validate-platform	Checkout platform repository	2026-09-14T07:10:25.3309011Z  * [new tag]           checkpoint/REF-CT0-lead-review-procedure -> checkpoint/REF-CT0-lead-review-procedure
validate-platform	Checkout platform repository	2026-09-14T07:10:25.3309717Z  * [new tag]           checkpoint/REF-CT0-prototype-classification -> checkpoint/REF-CT0-prototype-classification
validate-platform	Checkout platform repository	2026-09-14T07:10:25.3310430Z  * [new tag]           checkpoint/REF-CT1-year1-coverage-baseline -> checkpoint/REF-CT1-year1-coverage-baseline
validate-platform	Checkout platform repository	2026-09-14T07:10:25.3311162Z  * [new tag]           checkpoint/REF-CT2-precision-dual-coding-audit -> checkpoint/REF-CT2-precision-dual-coding-audit
validate-platform	Checkout platform repository	2026-09-14T07:10:25.3311973Z  * [new tag]           checkpoint/RX.1-representation-operation-inventory -> checkpoint/RX.1-representation-operation-inventory
validate-platform	Checkout platform repository	2026-09-14T07:10:25.3312728Z  * [new tag]           checkpoint/RX.2-first-lane-mutation-review -> checkpoint/RX.2-first-lane-mutation-review
validate-platform	Checkout platform repository	2026-09-14T07:10:25.3313399Z  * [new tag]           checkpoint/RX.2-first-lane-units-applied -> checkpoint/RX.2-first-lane-units-applied
validate-platform	Checkout platform repository	2026-09-14T07:10:25.3314097Z  * [new tag]           checkpoint/RX1-representation-unit-scope-gate -> checkpoint/RX1-representation-unit-scope-gate
validate-platform	Checkout platform repository	2026-09-14T07:10:25.3314727Z  * [new tag]           checkpoint/S1-schema-audit-gate -> checkpoint/S1-schema-audit-gate
validate-platform	Checkout platform repository	2026-09-14T07:10:25.3315315Z  * [new tag]           checkpoint/S4-cp3-schema-extension-dry-run -> checkpoint/S4-cp3-schema-extension-dry-run
validate-platform	Checkout platform repository	2026-09-14T07:10:25.3315992Z  * [new tag]           checkpoint/S4.1-exercise-overlay-conditions -> checkpoint/S4.1-exercise-overlay-conditions
validate-platform	Checkout platform repository	2026-09-14T07:10:25.3316735Z  * [new tag]           checkpoint/SYNC-2-exit-ticket-scale-gate-roadmap -> checkpoint/SYNC-2-exit-ticket-scale-gate-roadmap
validate-platform	Checkout platform repository	2026-09-14T07:10:25.3317641Z  * [new tag]           checkpoint/reference-foundation-r7.5-integrated -> checkpoint/reference-foundation-r7.5-integrated
validate-platform	Checkout platform repository	2026-09-14T07:10:25.3318255Z  * [new tag]           refsprint-R0.1-complete    -> refsprint-R0.1-complete
validate-platform	Checkout platform repository	2026-09-14T07:10:25.3318722Z  * [new tag]           roadmap/v2-cp-structure-adopted -> roadmap/v2-cp-structure-adopted
validate-platform	Checkout platform repository	2026-09-14T07:10:25.3319225Z  * [new tag]           tooling/agent-readable-urls-v1 -> tooling/agent-readable-urls-v1
validate-platform	Checkout platform repository	2026-09-14T07:10:25.3320605Z [command]"C:\Program Files\Git\bin\git.exe" rev-parse --verify --quiet 2bc4ee84393b8c2bf85734f71bb50288f5cf5122^{object}
validate-platform	Checkout platform repository	2026-09-14T07:10:25.3339636Z 2bc4ee84393b8c2bf85734f71bb50288f5cf5122
validate-platform	Checkout platform repository	2026-09-14T07:10:25.3381812Z ##[endgroup]
validate-platform	Checkout platform repository	2026-09-14T07:10:25.3382479Z ##[group]Determining the checkout info
validate-platform	Checkout platform repository	2026-09-14T07:10:25.3383037Z ##[endgroup]
validate-platform	Checkout platform repository	2026-09-14T07:10:25.3393268Z [command]"C:\Program Files\Git\bin\git.exe" sparse-checkout disable
validate-platform	Checkout platform repository	2026-09-14T07:10:25.3785546Z [command]"C:\Program Files\Git\bin\git.exe" config --local --unset-all extensions.worktreeConfig
validate-platform	Checkout platform repository	2026-09-14T07:10:25.4111586Z ##[group]Checking out the ref
validate-platform	Checkout platform repository	2026-09-14T07:10:25.4128455Z [command]"C:\Program Files\Git\bin\git.exe" checkout --progress --force 2bc4ee84393b8c2bf85734f71bb50288f5cf5122
validate-platform	Checkout platform repository	2026-09-14T07:10:26.4811024Z Updating files:  35% (2724/7718)
validate-platform	Checkout platform repository	2026-09-14T07:10:26.7750477Z Updating files:  36% (2779/7718)
validate-platform	Checkout platform repository	2026-09-14T07:10:26.7977367Z Updating files:  37% (2856/7718)
validate-platform	Checkout platform repository	2026-09-14T07:10:26.8280542Z Updating files:  38% (2933/7718)
validate-platform	Checkout platform repository	2026-09-14T07:10:26.8542806Z Updating files:  39% (3011/7718)
validate-platform	Checkout platform repository	2026-09-14T07:10:26.8761625Z Updating files:  40% (3088/7718)
validate-platform	Checkout platform repository	2026-09-14T07:10:26.9027944Z Updating files:  41% (3165/7718)
validate-platform	Checkout platform repository	2026-09-14T07:10:26.9300581Z Updating files:  42% (3242/7718)
validate-platform	Checkout platform repository	2026-09-14T07:10:26.9605373Z Updating files:  43% (3319/7718)
validate-platform	Checkout platform repository	2026-09-14T07:10:27.0791805Z Updating files:  44% (3396/7718)
validate-platform	Checkout platform repository	2026-09-14T07:10:27.1357649Z Updating files:  45% (3474/7718)
validate-platform	Checkout platform repository	2026-09-14T07:10:27.1727262Z Updating files:  46% (3551/7718)
validate-platform	Checkout platform repository	2026-09-14T07:10:27.2000606Z Updating files:  47% (3628/7718)
validate-platform	Checkout platform repository	2026-09-14T07:10:27.2319281Z Updating files:  48% (3705/7718)
validate-platform	Checkout platform repository	2026-09-14T07:10:27.3407402Z Updating files:  49% (3782/7718)
validate-platform	Checkout platform repository	2026-09-14T07:10:27.4416914Z Updating files:  50% (3859/7718)
validate-platform	Checkout platform repository	2026-09-14T07:10:27.4611729Z Updating files:  51% (3937/7718)
validate-platform	Checkout platform repository	2026-09-14T07:10:27.5642428Z Updating files:  51% (3950/7718)
validate-platform	Checkout platform repository	2026-09-14T07:10:27.6580205Z Updating files:  52% (4014/7718)
validate-platform	Checkout platform repository	2026-09-14T07:10:27.7942737Z Updating files:  53% (4091/7718)
validate-platform	Checkout platform repository	2026-09-14T07:10:27.9053797Z Updating files:  54% (4168/7718)
validate-platform	Checkout platform repository	2026-09-14T07:10:28.0266042Z Updating files:  55% (4245/7718)
validate-platform	Checkout platform repository	2026-09-14T07:10:28.0844434Z Updating files:  56% (4323/7718)
validate-platform	Checkout platform repository	2026-09-14T07:10:28.1037721Z Updating files:  57% (4400/7718)
validate-platform	Checkout platform repository	2026-09-14T07:10:28.1355584Z Updating files:  58% (4477/7718)
validate-platform	Checkout platform repository	2026-09-14T07:10:28.1577148Z Updating files:  59% (4554/7718)
validate-platform	Checkout platform repository	2026-09-14T07:10:28.1803273Z Updating files:  60% (4631/7718)
validate-platform	Checkout platform repository	2026-09-14T07:10:28.2002494Z Updating files:  61% (4708/7718)
validate-platform	Checkout platform repository	2026-09-14T07:10:28.2347922Z Updating files:  62% (4786/7718)
validate-platform	Checkout platform repository	2026-09-14T07:10:28.2878340Z Updating files:  63% (4863/7718)
validate-platform	Checkout platform repository	2026-09-14T07:10:28.3073296Z Updating files:  64% (4940/7718)
validate-platform	Checkout platform repository	2026-09-14T07:10:28.3653215Z Updating files:  65% (5017/7718)
validate-platform	Checkout platform repository	2026-09-14T07:10:28.4098350Z Updating files:  66% (5094/7718)
validate-platform	Checkout platform repository	2026-09-14T07:10:28.4440530Z Updating files:  67% (5172/7718)
validate-platform	Checkout platform repository	2026-09-14T07:10:28.4721459Z Updating files:  68% (5249/7718)
validate-platform	Checkout platform repository	2026-09-14T07:10:28.4875942Z Updating files:  68% (5312/7718)
validate-platform	Checkout platform repository	2026-09-14T07:10:28.5104808Z Updating files:  69% (5326/7718)
validate-platform	Checkout platform repository	2026-09-14T07:10:28.5295415Z Updating files:  70% (5403/7718)
validate-platform	Checkout platform repository	2026-09-14T07:10:28.5487302Z Updating files:  71% (5480/7718)
validate-platform	Checkout platform repository	2026-09-14T07:10:28.5699167Z Updating files:  72% (5557/7718)
validate-platform	Checkout platform repository	2026-09-14T07:10:28.5955434Z Updating files:  73% (5635/7718)
validate-platform	Checkout platform repository	2026-09-14T07:10:28.6259688Z Updating files:  74% (5712/7718)
validate-platform	Checkout platform repository	2026-09-14T07:10:28.6447946Z Updating files:  75% (5789/7718)
validate-platform	Checkout platform repository	2026-09-14T07:10:28.6792883Z Updating files:  76% (5866/7718)
validate-platform	Checkout platform repository	2026-09-14T07:10:28.6984463Z Updating files:  77% (5943/7718)
validate-platform	Checkout platform repository	2026-09-14T07:10:28.7385341Z Updating files:  78% (6021/7718)
validate-platform	Checkout platform repository	2026-09-14T07:10:28.7583526Z Updating files:  79% (6098/7718)
validate-platform	Checkout platform repository	2026-09-14T07:10:28.7975682Z Updating files:  80% (6175/7718)
validate-platform	Checkout platform repository	2026-09-14T07:10:28.8485630Z Updating files:  81% (6252/7718)
validate-platform	Checkout platform repository	2026-09-14T07:10:28.9009358Z Updating files:  82% (6329/7718)
validate-platform	Checkout platform repository	2026-09-14T07:10:28.9453055Z Updating files:  83% (6406/7718)
validate-platform	Checkout platform repository	2026-09-14T07:10:28.9695813Z Updating files:  84% (6484/7718)
validate-platform	Checkout platform repository	2026-09-14T07:10:28.9952235Z Updating files:  85% (6561/7718)
validate-platform	Checkout platform repository	2026-09-14T07:10:29.0219615Z Updating files:  86% (6638/7718)
validate-platform	Checkout platform repository	2026-09-14T07:10:29.0781234Z Updating files:  87% (6715/7718)
validate-platform	Checkout platform repository	2026-09-14T07:10:29.1243380Z Updating files:  88% (6792/7718)
validate-platform	Checkout platform repository	2026-09-14T07:10:29.1517505Z Updating files:  89% (6870/7718)
validate-platform	Checkout platform repository	2026-09-14T07:10:29.1807970Z Updating files:  90% (6947/7718)
validate-platform	Checkout platform repository	2026-09-14T07:10:29.2361924Z Updating files:  91% (7024/7718)
validate-platform	Checkout platform repository	2026-09-14T07:10:29.2790638Z Updating files:  92% (7101/7718)
validate-platform	Checkout platform repository	2026-09-14T07:10:29.3039196Z Updating files:  93% (7178/7718)
validate-platform	Checkout platform repository	2026-09-14T07:10:29.3241345Z Updating files:  94% (7255/7718)
validate-platform	Checkout platform repository	2026-09-14T07:10:29.3433944Z Updating files:  95% (7333/7718)
validate-platform	Checkout platform repository	2026-09-14T07:10:29.3943388Z Updating files:  96% (7410/7718)
validate-platform	Checkout platform repository	2026-09-14T07:10:29.4157363Z Updating files:  97% (7487/7718)
validate-platform	Checkout platform repository	2026-09-14T07:10:29.4394910Z Updating files:  98% (7564/7718)
validate-platform	Checkout platform repository	2026-09-14T07:10:29.4640656Z Updating files:  99% (7641/7718)
validate-platform	Checkout platform repository	2026-09-14T07:10:29.4641129Z Updating files: 100% (7718/7718)
validate-platform	Checkout platform repository	2026-09-14T07:10:29.4641517Z Updating files: 100% (7718/7718), done.
validate-platform	Checkout platform repository	2026-09-14T07:10:29.4835612Z Note: switching to '2bc4ee84393b8c2bf85734f71bb50288f5cf5122'.
validate-platform	Checkout platform repository	2026-09-14T07:10:29.4836395Z 
validate-platform	Checkout platform repository	2026-09-14T07:10:29.4837531Z You are in 'detached HEAD' state. You can look around, make experimental
validate-platform	Checkout platform repository	2026-09-14T07:10:29.4838257Z changes and commit them, and you can discard any commits you make in this
validate-platform	Checkout platform repository	2026-09-14T07:10:29.4839349Z state without impacting any branches by switching back to a branch.
validate-platform	Checkout platform repository	2026-09-14T07:10:29.4839891Z 
validate-platform	Checkout platform repository	2026-09-14T07:10:29.4840190Z If you want to create a new branch to retain commits you create, you may
validate-platform	Checkout platform repository	2026-09-14T07:10:29.4840933Z do so (now or later) by using -c with the switch command. Example:
validate-platform	Checkout platform repository	2026-09-14T07:10:29.4841378Z 
validate-platform	Checkout platform repository	2026-09-14T07:10:29.4841572Z   git switch -c <new-branch-name>
validate-platform	Checkout platform repository	2026-09-14T07:10:29.4841857Z 
validate-platform	Checkout platform repository	2026-09-14T07:10:29.4842329Z Or undo this operation with:
validate-platform	Checkout platform repository	2026-09-14T07:10:29.4842586Z 
validate-platform	Checkout platform repository	2026-09-14T07:10:29.4842706Z   git switch -
validate-platform	Checkout platform repository	2026-09-14T07:10:29.4843229Z 
validate-platform	Checkout platform repository	2026-09-14T07:10:29.4843572Z Turn off this advice by setting config variable advice.detachedHead to false
validate-platform	Checkout platform repository	2026-09-14T07:10:29.4844103Z 
validate-platform	Checkout platform repository	2026-09-14T07:10:29.4844457Z HEAD is now at 2bc4ee84 Remove context novelty mandates and copied PDF recipes
validate-platform	Checkout platform repository	2026-09-14T07:10:29.5274365Z ##[endgroup]
validate-platform	Checkout platform repository	2026-09-14T07:10:29.5621612Z [command]"C:\Program Files\Git\bin\git.exe" log -1 --format=%H
validate-platform	Checkout platform repository	2026-09-14T07:10:29.5906254Z 2bc4ee84393b8c2bf85734f71bb50288f5cf5122
validate-platform	Checkout platform repository	2026-09-14T07:10:29.5947868Z ##[group]Removing auth
validate-platform	Checkout platform repository	2026-09-14T07:10:29.5948193Z Removing SSH command configuration
validate-platform	Checkout platform repository	2026-09-14T07:10:29.5957864Z [command]"C:\Program Files\Git\bin\git.exe" config --local --name-only --get-regexp core\.sshCommand
validate-platform	Checkout platform repository	2026-09-14T07:10:29.6268739Z [command]"C:\Program Files\Git\bin\git.exe" submodule foreach --recursive "sh -c \"git config --local --name-only --get-regexp 'core\.sshCommand' && git config --local --unset-all 'core.sshCommand' || :\""
validate-platform	Checkout platform repository	2026-09-14T07:10:30.1517650Z Removing HTTP extra header
validate-platform	Checkout platform repository	2026-09-14T07:10:30.1527545Z [command]"C:\Program Files\Git\bin\git.exe" config --local --name-only --get-regexp http\.https\:\/\/github\.com\/\.extraheader
validate-platform	Checkout platform repository	2026-09-14T07:10:30.1829174Z [command]"C:\Program Files\Git\bin\git.exe" submodule foreach --recursive "sh -c \"git config --local --name-only --get-regexp 'http\.https\:\/\/github\.com\/\.extraheader' && git config --local --unset-all 'http.https://github.com/.extraheader' || :\""
validate-platform	Checkout platform repository	2026-09-14T07:10:30.7260885Z Removing includeIf entries pointing to credentials config files
validate-platform	Checkout platform repository	2026-09-14T07:10:30.7270054Z [command]"C:\Program Files\Git\bin\git.exe" config --local --name-only --get-regexp ^includeIf\.gitdir:
validate-platform	Checkout platform repository	2026-09-14T07:10:30.7530303Z includeif.gitdir:D:/a/4veco-platform/4veco-platform/4veco-platform/.git.path
validate-platform	Checkout platform repository	2026-09-14T07:10:30.7531310Z includeif.gitdir:D:/a/4veco-platform/4veco-platform/4veco-platform/.git/worktrees/*.path
validate-platform	Checkout platform repository	2026-09-14T07:10:30.7532181Z includeif.gitdir:/github/workspace/4veco-platform/.git.path
validate-platform	Checkout platform repository	2026-09-14T07:10:30.7532921Z includeif.gitdir:/github/workspace/4veco-platform/.git/worktrees/*.path
validate-platform	Checkout platform repository	2026-09-14T07:10:30.7569295Z [command]"C:\Program Files\Git\bin\git.exe" config --local --get-all includeif.gitdir:D:/a/4veco-platform/4veco-platform/4veco-platform/.git.path
validate-platform	Checkout platform repository	2026-09-14T07:10:30.7825333Z D:\a\_temp\git-credentials-21015fb4-1787-4524-8a41-a36e85b49d76.config
validate-platform	Checkout platform repository	2026-09-14T07:10:30.7868796Z [command]"C:\Program Files\Git\bin\git.exe" config --local --unset includeif.gitdir:D:/a/4veco-platform/4veco-platform/4veco-platform/.git.path D:\a\_temp\git-credentials-21015fb4-1787-4524-8a41-a36e85b49d76.config
validate-platform	Checkout platform repository	2026-09-14T07:10:30.8217914Z [command]"C:\Program Files\Git\bin\git.exe" config --local --get-all includeif.gitdir:D:/a/4veco-platform/4veco-platform/4veco-platform/.git/worktrees/*.path
validate-platform	Checkout platform repository	2026-09-14T07:10:30.8478262Z D:\a\_temp\git-credentials-21015fb4-1787-4524-8a41-a36e85b49d76.config
validate-platform	Checkout platform repository	2026-09-14T07:10:30.8516033Z [command]"C:\Program Files\Git\bin\git.exe" config --local --unset includeif.gitdir:D:/a/4veco-platform/4veco-platform/4veco-platform/.git/worktrees/*.path D:\a\_temp\git-credentials-21015fb4-1787-4524-8a41-a36e85b49d76.config
validate-platform	Checkout platform repository	2026-09-14T07:10:30.8811160Z [command]"C:\Program Files\Git\bin\git.exe" config --local --get-all includeif.gitdir:/github/workspace/4veco-platform/.git.path
validate-platform	Checkout platform repository	2026-09-14T07:10:30.9096677Z /github/runner_temp/git-credentials-21015fb4-1787-4524-8a41-a36e85b49d76.config
validate-platform	Checkout platform repository	2026-09-14T07:10:30.9143403Z [command]"C:\Program Files\Git\bin\git.exe" config --local --unset includeif.gitdir:/github/workspace/4veco-platform/.git.path /github/runner_temp/git-credentials-21015fb4-1787-4524-8a41-a36e85b49d76.config
validate-platform	Checkout platform repository	2026-09-14T07:10:30.9456511Z [command]"C:\Program Files\Git\bin\git.exe" config --local --get-all includeif.gitdir:/github/workspace/4veco-platform/.git/worktrees/*.path
validate-platform	Checkout platform repository	2026-09-14T07:10:30.9717617Z /github/runner_temp/git-credentials-21015fb4-1787-4524-8a41-a36e85b49d76.config
validate-platform	Checkout platform repository	2026-09-14T07:10:30.9754216Z [command]"C:\Program Files\Git\bin\git.exe" config --local --unset includeif.gitdir:/github/workspace/4veco-platform/.git/worktrees/*.path /github/runner_temp/git-credentials-21015fb4-1787-4524-8a41-a36e85b49d76.config
validate-platform	Checkout platform repository	2026-09-14T07:10:31.0053887Z [command]"C:\Program Files\Git\bin\git.exe" submodule foreach --recursive "git config --local --show-origin --name-only --get-regexp remote.origin.url"
validate-platform	Checkout platform repository	2026-09-14T07:10:31.5374725Z Removing credentials config 'D:\a\_temp\git-credentials-21015fb4-1787-4524-8a41-a36e85b49d76.config'
validate-platform	Checkout platform repository	2026-09-14T07:10:31.5386255Z ##[endgroup]
validate-platform	Checkout lessen repository	﻿2026-09-14T07:10:31.5803619Z ##[group]Run actions/checkout@v6
validate-platform	Checkout lessen repository	2026-09-14T07:10:31.5803966Z with:
validate-platform	Checkout lessen repository	2026-09-14T07:10:31.5804174Z   repository: meijer1973/4veco-lessen
validate-platform	Checkout lessen repository	2026-09-14T07:10:31.5804433Z   path: 4veco-lessen
validate-platform	Checkout lessen repository	2026-09-14T07:10:31.5804621Z   fetch-depth: 0
validate-platform	Checkout lessen repository	2026-09-14T07:10:31.5804809Z   persist-credentials: true
validate-platform	Checkout lessen repository	2026-09-14T07:10:31.5807171Z   token: ***
validate-platform	Checkout lessen repository	2026-09-14T07:10:31.5807347Z   ssh-strict: true
validate-platform	Checkout lessen repository	2026-09-14T07:10:31.5807524Z   ssh-user: git
validate-platform	Checkout lessen repository	2026-09-14T07:10:31.5807697Z   clean: true
validate-platform	Checkout lessen repository	2026-09-14T07:10:31.5807877Z   sparse-checkout-cone-mode: true
validate-platform	Checkout lessen repository	2026-09-14T07:10:31.5808108Z   fetch-tags: false
validate-platform	Checkout lessen repository	2026-09-14T07:10:31.5808288Z   show-progress: true
validate-platform	Checkout lessen repository	2026-09-14T07:10:31.5808469Z   lfs: false
validate-platform	Checkout lessen repository	2026-09-14T07:10:31.5808630Z   submodules: false
validate-platform	Checkout lessen repository	2026-09-14T07:10:31.5808811Z   set-safe-directory: true
validate-platform	Checkout lessen repository	2026-09-14T07:10:31.5809030Z   allow-unsafe-pr-checkout: false
validate-platform	Checkout lessen repository	2026-09-14T07:10:31.5809255Z ##[endgroup]
validate-platform	Checkout lessen repository	2026-09-14T07:10:31.6931770Z Syncing repository: meijer1973/4veco-lessen
validate-platform	Checkout lessen repository	2026-09-14T07:10:31.6940072Z ##[group]Getting Git version info
validate-platform	Checkout lessen repository	2026-09-14T07:10:31.6941087Z Working directory is 'D:\a\4veco-platform\4veco-platform\4veco-lessen'
validate-platform	Checkout lessen repository	2026-09-14T07:10:31.7749876Z [command]"C:\Program Files\Git\bin\git.exe" version
validate-platform	Checkout lessen repository	2026-09-14T07:10:31.8018905Z git version 2.55.0.windows.5
validate-platform	Checkout lessen repository	2026-09-14T07:10:31.8061036Z ##[endgroup]
validate-platform	Checkout lessen repository	2026-09-14T07:10:31.8079235Z Temporarily overriding HOME='D:\a\_temp\9580e478-78ed-4823-991d-1170982a4e56' before making global git config changes
validate-platform	Checkout lessen repository	2026-09-14T07:10:31.8079970Z Adding repository directory to the temporary git global config as a safe directory
validate-platform	Checkout lessen repository	2026-09-14T07:10:31.8089675Z [command]"C:\Program Files\Git\bin\git.exe" config --global --add safe.directory D:\a\4veco-platform\4veco-platform\4veco-lessen
validate-platform	Checkout lessen repository	2026-09-14T07:10:31.8383580Z ##[group]Determining repository object format
validate-platform	Checkout lessen repository	2026-09-14T07:10:32.1444113Z ##[endgroup]
validate-platform	Checkout lessen repository	2026-09-14T07:10:32.1445247Z ##[group]Initializing the repository
validate-platform	Checkout lessen repository	2026-09-14T07:10:32.1458868Z [command]"C:\Program Files\Git\bin\git.exe" init D:\a\4veco-platform\4veco-platform\4veco-lessen
validate-platform	Checkout lessen repository	2026-09-14T07:10:32.2105575Z Initialized empty Git repository in D:/a/4veco-platform/4veco-platform/4veco-lessen/.git/
validate-platform	Checkout lessen repository	2026-09-14T07:10:32.2164108Z [command]"C:\Program Files\Git\bin\git.exe" remote add origin https://github.com/meijer1973/4veco-lessen
validate-platform	Checkout lessen repository	2026-09-14T07:10:32.2543421Z ##[endgroup]
validate-platform	Checkout lessen repository	2026-09-14T07:10:32.2544021Z ##[group]Disabling automatic garbage collection
validate-platform	Checkout lessen repository	2026-09-14T07:10:32.2555346Z [command]"C:\Program Files\Git\bin\git.exe" config --local gc.auto 0
validate-platform	Checkout lessen repository	2026-09-14T07:10:32.2958313Z ##[endgroup]
validate-platform	Checkout lessen repository	2026-09-14T07:10:32.2958874Z ##[group]Setting up auth
validate-platform	Checkout lessen repository	2026-09-14T07:10:32.2961163Z Removing SSH command configuration
validate-platform	Checkout lessen repository	2026-09-14T07:10:32.2977200Z [command]"C:\Program Files\Git\bin\git.exe" config --local --name-only --get-regexp core\.sshCommand
validate-platform	Checkout lessen repository	2026-09-14T07:10:32.3298939Z [command]"C:\Program Files\Git\bin\git.exe" submodule foreach --recursive "sh -c \"git config --local --name-only --get-regexp 'core\.sshCommand' && git config --local --unset-all 'core.sshCommand' || :\""
validate-platform	Checkout lessen repository	2026-09-14T07:10:32.8993662Z Removing HTTP extra header
validate-platform	Checkout lessen repository	2026-09-14T07:10:32.9004943Z [command]"C:\Program Files\Git\bin\git.exe" config --local --name-only --get-regexp http\.https\:\/\/github\.com\/\.extraheader
validate-platform	Checkout lessen repository	2026-09-14T07:10:32.9338585Z [command]"C:\Program Files\Git\bin\git.exe" submodule foreach --recursive "sh -c \"git config --local --name-only --get-regexp 'http\.https\:\/\/github\.com\/\.extraheader' && git config --local --unset-all 'http.https://github.com/.extraheader' || :\""
validate-platform	Checkout lessen repository	2026-09-14T07:10:33.4946228Z Removing includeIf entries pointing to credentials config files
validate-platform	Checkout lessen repository	2026-09-14T07:10:33.4958518Z [command]"C:\Program Files\Git\bin\git.exe" config --local --name-only --get-regexp ^includeIf\.gitdir:
validate-platform	Checkout lessen repository	2026-09-14T07:10:33.5281663Z [command]"C:\Program Files\Git\bin\git.exe" submodule foreach --recursive "git config --local --show-origin --name-only --get-regexp remote.origin.url"
validate-platform	Checkout lessen repository	2026-09-14T07:10:34.1073498Z [command]"C:\Program Files\Git\bin\git.exe" config --file D:\a\_temp\git-credentials-c0f0f0c4-0429-4245-9576-fa500bcbcaf3.config http.https://github.com/.extraheader "AUTHORIZATION: basic ***"
validate-platform	Checkout lessen repository	2026-09-14T07:10:34.1395094Z [command]"C:\Program Files\Git\bin\git.exe" config --local includeIf.gitdir:D:/a/4veco-platform/4veco-platform/4veco-lessen/.git.path D:\a\_temp\git-credentials-c0f0f0c4-0429-4245-9576-fa500bcbcaf3.config
validate-platform	Checkout lessen repository	2026-09-14T07:10:34.1717641Z [command]"C:\Program Files\Git\bin\git.exe" config --local includeIf.gitdir:D:/a/4veco-platform/4veco-platform/4veco-lessen/.git/worktrees/*.path D:\a\_temp\git-credentials-c0f0f0c4-0429-4245-9576-fa500bcbcaf3.config
validate-platform	Checkout lessen repository	2026-09-14T07:10:34.2051226Z [command]"C:\Program Files\Git\bin\git.exe" config --local includeIf.gitdir:/github/workspace/4veco-lessen/.git.path /github/runner_temp/git-credentials-c0f0f0c4-0429-4245-9576-fa500bcbcaf3.config
validate-platform	Checkout lessen repository	2026-09-14T07:10:34.2433446Z [command]"C:\Program Files\Git\bin\git.exe" config --local includeIf.gitdir:/github/workspace/4veco-lessen/.git/worktrees/*.path /github/runner_temp/git-credentials-c0f0f0c4-0429-4245-9576-fa500bcbcaf3.config
validate-platform	Checkout lessen repository	2026-09-14T07:10:34.2769893Z ##[endgroup]
validate-platform	Checkout lessen repository	2026-09-14T07:10:34.2770464Z ##[group]Determining the default branch
validate-platform	Checkout lessen repository	2026-09-14T07:10:34.2774963Z Retrieving the default branch name
validate-platform	Checkout lessen repository	2026-09-14T07:10:34.5260561Z Default branch 'main'
validate-platform	Checkout lessen repository	2026-09-14T07:10:34.5261927Z ##[endgroup]
validate-platform	Checkout lessen repository	2026-09-14T07:10:34.5262893Z ##[group]Fetching the repository
validate-platform	Checkout lessen repository	2026-09-14T07:10:34.5277871Z [command]"C:\Program Files\Git\bin\git.exe" -c protocol.version=2 fetch --no-tags --prune --no-recurse-submodules origin +refs/heads/*:refs/remotes/origin/* +refs/tags/*:refs/tags/*
validate-platform	Checkout lessen repository	2026-09-14T07:10:38.8014441Z From https://github.com/meijer1973/4veco-lessen
validate-platform	Checkout lessen repository	2026-09-14T07:10:38.8015392Z  * [new branch]      agent/book2-211-alt-correction-20260905 -> origin/agent/book2-211-alt-correction-20260905
validate-platform	Checkout lessen repository	2026-09-14T07:10:38.8016572Z  * [new branch]      agent/book2-211-bonus-correction-20260905 -> origin/agent/book2-211-bonus-correction-20260905
validate-platform	Checkout lessen repository	2026-09-14T07:10:38.8018100Z  * [new branch]      agent/book2-211-production-20260905 -> origin/agent/book2-211-production-20260905
validate-platform	Checkout lessen repository	2026-09-14T07:10:38.8019120Z  * [new branch]      agent/book2-211-qc-20260905 -> origin/agent/book2-211-qc-20260905
validate-platform	Checkout lessen repository	2026-09-14T07:10:38.8019863Z  * [new branch]      agent/book2-211-r5-qc-20260906 -> origin/agent/book2-211-r5-qc-20260906
validate-platform	Checkout lessen repository	2026-09-14T07:10:38.8020784Z  * [new branch]      agent/book2-211-r5-review-20260905 -> origin/agent/book2-211-r5-review-20260905
validate-platform	Checkout lessen repository	2026-09-14T07:10:38.8021881Z  * [new branch]      agent/book2-212-alt-correction-20260905 -> origin/agent/book2-212-alt-correction-20260905
validate-platform	Checkout lessen repository	2026-09-14T07:10:38.8023664Z  * [new branch]      agent/book2-212-bonus-correction-20260905 -> origin/agent/book2-212-bonus-correction-20260905
validate-platform	Checkout lessen repository	2026-09-14T07:10:38.8024838Z  * [new branch]      agent/book2-212-production-20260905 -> origin/agent/book2-212-production-20260905
validate-platform	Checkout lessen repository	2026-09-14T07:10:38.8025738Z  * [new branch]      agent/book2-212-qc-20260905 -> origin/agent/book2-212-qc-20260905
validate-platform	Checkout lessen repository	2026-09-14T07:10:38.8026536Z  * [new branch]      agent/book2-212-qc-20260906 -> origin/agent/book2-212-qc-20260906
validate-platform	Checkout lessen repository	2026-09-14T07:10:38.8027397Z  * [new branch]      agent/book2-212-r7-review-20260906 -> origin/agent/book2-212-r7-review-20260906
validate-platform	Checkout lessen repository	2026-09-14T07:10:38.8028358Z  * [new branch]      agent/book2-212-s1-review-20260906 -> origin/agent/book2-212-s1-review-20260906
validate-platform	Checkout lessen repository	2026-09-14T07:10:38.8029340Z  * [new branch]      agent/book2-212-succession-20260906 -> origin/agent/book2-212-succession-20260906
validate-platform	Checkout lessen repository	2026-09-14T07:10:38.8030460Z  * [new branch]      agent/book2-213-alt-correction-20260905 -> origin/agent/book2-213-alt-correction-20260905
validate-platform	Checkout lessen repository	2026-09-14T07:10:38.8032023Z  * [new branch]      agent/book2-213-bonus-correction-20260905 -> origin/agent/book2-213-bonus-correction-20260905
validate-platform	Checkout lessen repository	2026-09-14T07:10:38.8034054Z  * [new branch]      agent/book2-213-independent-review-20260905 -> origin/agent/book2-213-independent-review-20260905
validate-platform	Checkout lessen repository	2026-09-14T07:10:38.8035270Z  * [new branch]      agent/book2-213-output-20260905 -> origin/agent/book2-213-output-20260905
validate-platform	Checkout lessen repository	2026-09-14T07:10:38.8037591Z  * [new branch]      agent/book2-213-production-20260905 -> origin/agent/book2-213-production-20260905
validate-platform	Checkout lessen repository	2026-09-14T07:10:38.8038877Z  * [new branch]      agent/book2-213-qc-current-20260906 -> origin/agent/book2-213-qc-current-20260906
validate-platform	Checkout lessen repository	2026-09-14T07:10:38.8040020Z  * [new branch]      agent/book2-213-r5-qc-20260905 -> origin/agent/book2-213-r5-qc-20260905
validate-platform	Checkout lessen repository	2026-09-14T07:10:38.8041085Z  * [new branch]      agent/book2-213-r6-qc-20260905 -> origin/agent/book2-213-r6-qc-20260905
validate-platform	Checkout lessen repository	2026-09-14T07:10:38.8042211Z  * [new branch]      agent/book2-213-r6-review-20260905 -> origin/agent/book2-213-r6-review-20260905
validate-platform	Checkout lessen repository	2026-09-14T07:10:38.8043314Z  * [new branch]      agent/book2-213-r7-review-20260905 -> origin/agent/book2-213-r7-review-20260905
validate-platform	Checkout lessen repository	2026-09-14T07:10:38.8044401Z  * [new branch]      agent/book2-213-s1-review-20260906 -> origin/agent/book2-213-s1-review-20260906
validate-platform	Checkout lessen repository	2026-09-14T07:10:38.8045484Z  * [new branch]      agent/book2-213-succession-20260906 -> origin/agent/book2-213-succession-20260906
validate-platform	Checkout lessen repository	2026-09-14T07:10:38.8046762Z  * [new branch]      agent/book2-214-232-input-review-20260906 -> origin/agent/book2-214-232-input-review-20260906
validate-platform	Checkout lessen repository	2026-09-14T07:10:38.8048261Z  * [new branch]      agent/book2-214-build-current-20260906 -> origin/agent/book2-214-build-current-20260906
validate-platform	Checkout lessen repository	2026-09-14T07:10:38.8049482Z  * [new branch]      agent/book2-214-paragraph-review-20260906 -> origin/agent/book2-214-paragraph-review-20260906
validate-platform	Checkout lessen repository	2026-09-14T07:10:38.8050631Z  * [new branch]      agent/book2-214-plan-review-20260906 -> origin/agent/book2-214-plan-review-20260906
validate-platform	Checkout lessen repository	2026-09-14T07:10:38.8051681Z  * [new branch]      agent/book2-214-production-20260906 -> origin/agent/book2-214-production-20260906
validate-platform	Checkout lessen repository	2026-09-14T07:10:38.8053125Z  * [new branch]      agent/book2-22-consistency-review-20260906 -> origin/agent/book2-22-consistency-review-20260906
validate-platform	Checkout lessen repository	2026-09-14T07:10:38.8054386Z  * [new branch]      agent/book2-22-front-recheck-20260906 -> origin/agent/book2-22-front-recheck-20260906
validate-platform	Checkout lessen repository	2026-09-14T07:10:38.8055751Z  * [new branch]      agent/book2-221-presentation-20260905 -> origin/agent/book2-221-presentation-20260905
validate-platform	Checkout lessen repository	2026-09-14T07:10:38.8057161Z  * [new branch]      agent/book2-221-production-20260905 -> origin/agent/book2-221-production-20260905
validate-platform	Checkout lessen repository	2026-09-14T07:10:38.8058083Z  * [new branch]      agent/book2-221-qc-20260905 -> origin/agent/book2-221-qc-20260905
validate-platform	Checkout lessen repository	2026-09-14T07:10:38.8058889Z  * [new branch]      agent/book2-221-r7-qc-20260905 -> origin/agent/book2-221-r7-qc-20260905
validate-platform	Checkout lessen repository	2026-09-14T07:10:38.8059777Z  * [new branch]      agent/book2-221-r7-review-20260905 -> origin/agent/book2-221-r7-review-20260905
validate-platform	Checkout lessen repository	2026-09-14T07:10:38.8060654Z  * [new branch]      agent/book2-221-r8-qc-20260905 -> origin/agent/book2-221-r8-qc-20260905
validate-platform	Checkout lessen repository	2026-09-14T07:10:38.8061542Z  * [new branch]      agent/book2-221-r8-review-20260905 -> origin/agent/book2-221-r8-review-20260905
validate-platform	Checkout lessen repository	2026-09-14T07:10:38.8062575Z  * [new branch]      agent/book2-222-correction-20260905 -> origin/agent/book2-222-correction-20260905
validate-platform	Checkout lessen repository	2026-09-14T07:10:38.8063646Z  * [new branch]      agent/book2-222-production-20260905 -> origin/agent/book2-222-production-20260905
validate-platform	Checkout lessen repository	2026-09-14T07:10:38.8064660Z  * [new branch]      agent/book2-222-r13-qc-20260905 -> origin/agent/book2-222-r13-qc-20260905
validate-platform	Checkout lessen repository	2026-09-14T07:10:38.8079832Z  * [new branch]      agent/book2-222-r13-review-20260905 -> origin/agent/book2-222-r13-review-20260905
validate-platform	Checkout lessen repository	2026-09-14T07:10:38.8081251Z  * [new branch]      agent/book2-222-review-20260905 -> origin/agent/book2-222-review-20260905
validate-platform	Checkout lessen repository	2026-09-14T07:10:38.8082145Z  * [new branch]      agent/book2-223-alt-correction-20260906 -> origin/agent/book2-223-alt-correction-20260906
validate-platform	Checkout lessen repository	2026-09-14T07:10:38.8083285Z  * [new branch]      agent/book2-223-alt-review-20260906 -> origin/agent/book2-223-alt-review-20260906
validate-platform	Checkout lessen repository	2026-09-14T07:10:38.8084382Z  * [new branch]      agent/book2-223-independent-review-20260905 -> origin/agent/book2-223-independent-review-20260905
validate-platform	Checkout lessen repository	2026-09-14T07:10:38.8085097Z  * [new branch]      agent/book2-223-production-20260905 -> origin/agent/book2-223-production-20260905
validate-platform	Checkout lessen repository	2026-09-14T07:10:38.8086194Z  * [new branch]      agent/book2-223-qc-20260906 -> origin/agent/book2-223-qc-20260906
validate-platform	Checkout lessen repository	2026-09-14T07:10:38.8086771Z  * [new branch]      agent/book2-223-qc-renewal-20260906 -> origin/agent/book2-223-qc-renewal-20260906
validate-platform	Checkout lessen repository	2026-09-14T07:10:38.8087373Z  * [new branch]      agent/book2-223-s1-review-20260906 -> origin/agent/book2-223-s1-review-20260906
validate-platform	Checkout lessen repository	2026-09-14T07:10:38.8087972Z  * [new branch]      agent/book2-223-succession-20260906 -> origin/agent/book2-223-succession-20260906
validate-platform	Checkout lessen repository	2026-09-14T07:10:38.8088534Z  * [new branch]      agent/book2-224-build-20260906 -> origin/agent/book2-224-build-20260906
validate-platform	Checkout lessen repository	2026-09-14T07:10:38.8089110Z  * [new branch]      agent/book2-224-production-20260906 -> origin/agent/book2-224-production-20260906
validate-platform	Checkout lessen repository	2026-09-14T07:10:38.8089721Z  * [new branch]      agent/book2-224-qc-current-20260906 -> origin/agent/book2-224-qc-current-20260906
validate-platform	Checkout lessen repository	2026-09-14T07:10:38.8090285Z  * [new branch]      agent/book2-224-review-20260906 -> origin/agent/book2-224-review-20260906
validate-platform	Checkout lessen repository	2026-09-14T07:10:38.8090884Z  * [new branch]      agent/book2-231-plan-review-20260905 -> origin/agent/book2-231-plan-review-20260905
validate-platform	Checkout lessen repository	2026-09-14T07:10:38.8091671Z  * [new branch]      agent/book2-231-production-20260905 -> origin/agent/book2-231-production-20260905
validate-platform	Checkout lessen repository	2026-09-14T07:10:38.8092220Z  * [new branch]      agent/book2-231-qc-20260906 -> origin/agent/book2-231-qc-20260906
validate-platform	Checkout lessen repository	2026-09-14T07:10:38.8092730Z  * [new branch]      agent/book2-231-review-20260906 -> origin/agent/book2-231-review-20260906
validate-platform	Checkout lessen repository	2026-09-14T07:10:38.8093341Z  * [new branch]      agent/book2-232-build-current-20260906 -> origin/agent/book2-232-build-current-20260906
validate-platform	Checkout lessen repository	2026-09-14T07:10:38.8093969Z  * [new branch]      agent/book2-232-f1-review-20260906 -> origin/agent/book2-232-f1-review-20260906
validate-platform	Checkout lessen repository	2026-09-14T07:10:38.8094538Z  * [new branch]      agent/book2-232-plan-f1-20260906 -> origin/agent/book2-232-plan-f1-20260906
validate-platform	Checkout lessen repository	2026-09-14T07:10:38.8095532Z  * [new branch]      agent/book2-232-plan-review-20260906 -> origin/agent/book2-232-plan-review-20260906
validate-platform	Checkout lessen repository	2026-09-14T07:10:38.8096603Z  * [new branch]      agent/book2-232-production-20260906 -> origin/agent/book2-232-production-20260906
validate-platform	Checkout lessen repository	2026-09-14T07:10:38.8097736Z  * [new branch]      agent/book2-232-repro-routes-20260906 -> origin/agent/book2-232-repro-routes-20260906
validate-platform	Checkout lessen repository	2026-09-14T07:10:38.8098736Z  * [new branch]      agent/book2-233-plan-20260906 -> origin/agent/book2-233-plan-20260906
validate-platform	Checkout lessen repository	2026-09-14T07:10:38.8099751Z  * [new branch]      agent/book2-233-plan-review-20260906 -> origin/agent/book2-233-plan-review-20260906
validate-platform	Checkout lessen repository	2026-09-14T07:10:38.8100883Z  * [new branch]      agent/book2-234-paper-review-20260906 -> origin/agent/book2-234-paper-review-20260906
validate-platform	Checkout lessen repository	2026-09-14T07:10:38.8101885Z  * [new branch]      agent/book2-234-plan-20260906 -> origin/agent/book2-234-plan-20260906
validate-platform	Checkout lessen repository	2026-09-14T07:10:38.8102787Z  * [new branch]      agent/book2-234-plan-f1-20260906 -> origin/agent/book2-234-plan-f1-20260906
validate-platform	Checkout lessen repository	2026-09-14T07:10:38.8103905Z  * [new branch]      agent/book2-234-plan-f1-review-20260906 -> origin/agent/book2-234-plan-f1-review-20260906
validate-platform	Checkout lessen repository	2026-09-14T07:10:38.8105091Z  * [new branch]      agent/book2-234-plan-review-20260906 -> origin/agent/book2-234-plan-review-20260906
validate-platform	Checkout lessen repository	2026-09-14T07:10:38.8106241Z  * [new branch]      agent/book2-book-proof-review-20260906 -> origin/agent/book2-book-proof-review-20260906
validate-platform	Checkout lessen repository	2026-09-14T07:10:38.8107492Z  * [new branch]      agent/book2-elasticity-planning-20260905 -> origin/agent/book2-elasticity-planning-20260905
validate-platform	Checkout lessen repository	2026-09-14T07:10:38.8108753Z  * [new branch]      agent/book2-short-alt-correction-20260905 -> origin/agent/book2-short-alt-correction-20260905
validate-platform	Checkout lessen repository	2026-09-14T07:10:38.8110052Z  * [new branch]      agent/companion-route-consistency-20260813 -> origin/agent/companion-route-consistency-20260813
validate-platform	Checkout lessen repository	2026-09-14T07:10:38.8111602Z  * [new branch]      codex/a96-calculation-answer-form-scale-gate-1-20260624 -> origin/codex/a96-calculation-answer-form-scale-gate-1-20260624
validate-platform	Checkout lessen repository	2026-09-14T07:10:38.8112978Z  * [new branch]      codex/agent-branch-safety-20260607 -> origin/codex/agent-branch-safety-20260607
validate-platform	Checkout lessen repository	2026-09-14T07:10:38.8114463Z  * [new branch]      codex/agent-doc-governance-cleanup-20260630 -> origin/codex/agent-doc-governance-cleanup-20260630
validate-platform	Checkout lessen repository	2026-09-14T07:10:38.8116216Z  * [new branch]      codex/agent-worktree-review-fixes-20260608 -> origin/codex/agent-worktree-review-fixes-20260608
validate-platform	Checkout lessen repository	2026-09-14T07:10:38.8117433Z  * [new branch]      codex/agent-worktree-safety-20260607 -> origin/codex/agent-worktree-safety-20260607
validate-platform	Checkout lessen repository	2026-09-14T07:10:38.8118717Z  * [new branch]      codex/agents-entrypoint-unification-20260625 -> origin/codex/agents-entrypoint-unification-20260625
validate-platform	Checkout lessen repository	2026-09-14T07:10:38.8120132Z  * [new branch]      codex/agents-md-entrypoint-cleanup-20260627 -> origin/codex/agents-md-entrypoint-cleanup-20260627
validate-platform	Checkout lessen repository	2026-09-14T07:10:38.8121527Z  * [new branch]      codex/b1-graph-evidence-112-bundle-1-20260617 -> origin/codex/b1-graph-evidence-112-bundle-1-20260617
validate-platform	Checkout lessen repository	2026-09-14T07:10:38.8123036Z  * [new branch]      codex/b1-graph-evidence-113-alignment-output-1-20260615 -> origin/codex/b1-graph-evidence-113-alignment-output-1-20260615
validate-platform	Checkout lessen repository	2026-09-14T07:10:38.8124917Z  * [new branch]      codex/b1-graph-evidence-113-flag-implementation-1-20260616 -> origin/codex/b1-graph-evidence-113-flag-implementation-1-20260616
validate-platform	Checkout lessen repository	2026-09-14T07:10:38.8126124Z  * [new branch]      codex/b1-target-evidence-111-bundle-1-20260617 -> origin/codex/b1-target-evidence-111-bundle-1-20260617
validate-platform	Checkout lessen repository	2026-09-14T07:10:38.8126886Z  * [new branch]      codex/b2-2.2-chapter-complete-1-20260619 -> origin/codex/b2-2.2-chapter-complete-1-20260619
validate-platform	Checkout lessen repository	2026-09-14T07:10:38.8127488Z  * [new branch]      codex/b2-2.2.1-harden-20260617 -> origin/codex/b2-2.2.1-harden-20260617
validate-platform	Checkout lessen repository	2026-09-14T07:10:38.8127978Z  * [new branch]      codex/blueprint-20260610 -> origin/codex/blueprint-20260610
validate-platform	Checkout lessen repository	2026-09-14T07:10:38.8128535Z  * [new branch]      codex/book-heading-anchors-20260702 -> origin/codex/book-heading-anchors-20260702
validate-platform	Checkout lessen repository	2026-09-14T07:10:38.8129296Z  * [new branch]      codex/book-landing-v2-minimal-navigation-1-20260617 -> origin/codex/book-landing-v2-minimal-navigation-1-20260617
validate-platform	Checkout lessen repository	2026-09-14T07:10:38.8130107Z  * [new branch]      codex/book2-part-a-production-20260905 -> origin/codex/book2-part-a-production-20260905
validate-platform	Checkout lessen repository	2026-09-14T07:10:38.8130916Z  * [new branch]      codex/chapter-landing-v2-minimal-navigation-1-20260617 -> origin/codex/chapter-landing-v2-minimal-navigation-1-20260617
validate-platform	Checkout lessen repository	2026-09-14T07:10:38.8131703Z  * [new branch]      codex/cold-paragraph-trial-20260909 -> origin/codex/cold-paragraph-trial-20260909
validate-platform	Checkout lessen repository	2026-09-14T07:10:38.8132321Z  * [new branch]      codex/companion-material-20260608 -> origin/codex/companion-material-20260608
validate-platform	Checkout lessen repository	2026-09-14T07:10:38.8133027Z  * [new branch]      codex/entrypoints-selective-loading-20260912 -> origin/codex/entrypoints-selective-loading-20260912
validate-platform	Checkout lessen repository	2026-09-14T07:10:38.8133647Z  * [new branch]      codex/exercises-20260609 -> origin/codex/exercises-20260609
validate-platform	Checkout lessen repository	2026-09-14T07:10:38.8134289Z  * [new branch]      codex/golden-graph-advisory-113-bundle-20260620 -> origin/codex/golden-graph-advisory-113-bundle-20260620
validate-platform	Checkout lessen repository	2026-09-14T07:10:38.8135206Z  * [new branch]      codex/golden-presentation-111-implemented-web-1-20260621 -> origin/codex/golden-presentation-111-implemented-web-1-20260621
validate-platform	Checkout lessen repository	2026-09-14T07:10:38.8136542Z  * [new branch]      codex/golden-route-111-start-copy-bundle-20260619 -> origin/codex/golden-route-111-start-copy-bundle-20260619
validate-platform	Checkout lessen repository	2026-09-14T07:10:38.8137386Z  * [new branch]      codex/golden-surface-visual-revision-1-20260615 -> origin/codex/golden-surface-visual-revision-1-20260615
validate-platform	Checkout lessen repository	2026-09-14T07:10:38.8138383Z  * [new branch]      codex/golden-ticket-layout-reset-20260608 -> origin/codex/golden-ticket-layout-reset-20260608
validate-platform	Checkout lessen repository	2026-09-14T07:10:38.8139601Z  * [new branch]      codex/hide-golden-ticket-workbench-label -> origin/codex/hide-golden-ticket-workbench-label
validate-platform	Checkout lessen repository	2026-09-14T07:10:38.8140752Z  * [new branch]      codex/import-book2-chat-20260913 -> origin/codex/import-book2-chat-20260913
validate-platform	Checkout lessen repository	2026-09-14T07:10:38.8142171Z  * [new branch]      codex/inspect-11d-chapter-13-paired-repair-output-20260618 -> origin/codex/inspect-11d-chapter-13-paired-repair-output-20260618
validate-platform	Checkout lessen repository	2026-09-14T07:10:38.8144570Z  * [new branch]      codex/issue223-lesson-20260901 -> origin/codex/issue223-lesson-20260901
validate-platform	Checkout lessen repository	2026-09-14T07:10:38.8145748Z  * [new branch]      codex/landing-v2-regression-guard-1-20260615 -> origin/codex/landing-v2-regression-guard-1-20260615
validate-platform	Checkout lessen repository	2026-09-14T07:10:38.8146996Z  * [new branch]      codex/landing-v2-row-order-20260615 -> origin/codex/landing-v2-row-order-20260615
validate-platform	Checkout lessen repository	2026-09-14T07:10:38.8148070Z  * [new branch]      codex/mtu-hardening-20260608 -> origin/codex/mtu-hardening-20260608
validate-platform	Checkout lessen repository	2026-09-14T07:10:38.8149151Z  * [new branch]      codex/paragraph-landing-page-20260610 -> origin/codex/paragraph-landing-page-20260610
validate-platform	Checkout lessen repository	2026-09-14T07:10:38.8150525Z  * [new branch]      codex/presentation-v2-113-graph-transfer-1-20260623 -> origin/codex/presentation-v2-113-graph-transfer-1-20260623
validate-platform	Checkout lessen repository	2026-09-14T07:10:38.8152242Z  * [new branch]      codex/presentation-v2-pptx-derivative-111-113-1-20260624 -> origin/codex/presentation-v2-pptx-derivative-111-113-1-20260624
validate-platform	Checkout lessen repository	2026-09-14T07:10:38.8154077Z  * [new branch]      codex/presentation-workflow-cleanup-20260629 -> origin/codex/presentation-workflow-cleanup-20260629
validate-platform	Checkout lessen repository	2026-09-14T07:10:38.8155334Z  * [new branch]      codex/quality-standards-20260608 -> origin/codex/quality-standards-20260608
validate-platform	Checkout lessen repository	2026-09-14T07:10:38.8156904Z  * [new branch]      codex/reasoning-golden-family-lessen-20260620 -> origin/codex/reasoning-golden-family-lessen-20260620
validate-platform	Checkout lessen repository	2026-09-14T07:10:38.8158402Z  * [new branch]      codex/reasoning-golden-family-platform-20260620 -> origin/codex/reasoning-golden-family-platform-20260620
validate-platform	Checkout lessen repository	2026-09-14T07:10:38.8159596Z  * [new branch]      codex/reorganize-2-20260908 -> origin/codex/reorganize-2-20260908
validate-platform	Checkout lessen repository	2026-09-14T07:10:38.8160464Z  * [new branch]      codex/reorganize-20260908 -> origin/codex/reorganize-20260908
validate-platform	Checkout lessen repository	2026-09-14T07:10:38.8161306Z  * [new branch]      codex/reorganize-4-20260909 -> origin/codex/reorganize-4-20260909
validate-platform	Checkout lessen repository	2026-09-14T07:10:38.8162151Z  * [new branch]      codex/review-20260610   -> origin/codex/review-20260610
validate-platform	Checkout lessen repository	2026-09-14T07:10:38.8162998Z  * [new branch]      codex/running-goals-20260608 -> origin/codex/running-goals-20260608
validate-platform	Checkout lessen repository	2026-09-14T07:10:38.8163992Z  * [new branch]      codex/skill-progression-20260624 -> origin/codex/skill-progression-20260624
validate-platform	Checkout lessen repository	2026-09-14T07:10:38.8165104Z  * [new branch]      codex/skilltree-improvement-20260618 -> origin/codex/skilltree-improvement-20260618
validate-platform	Checkout lessen repository	2026-09-14T07:10:38.8166010Z  * [new branch]      codex/textbook-20260608 -> origin/codex/textbook-20260608
validate-platform	Checkout lessen repository	2026-09-14T07:10:38.8166671Z  * [new branch]      codex/textbook-paragraph-optimization-20260609 -> origin/codex/textbook-paragraph-optimization-20260609
validate-platform	Checkout lessen repository	2026-09-14T07:10:38.8167424Z  * [new branch]      codex/workflow-optimization-20260627 -> origin/codex/workflow-optimization-20260627
validate-platform	Checkout lessen repository	2026-09-14T07:10:38.8168244Z  * [new branch]      codex/y2-four-target-bounded-route-adoption-1-20260629 -> origin/codex/y2-four-target-bounded-route-adoption-1-20260629
validate-platform	Checkout lessen repository	2026-09-14T07:10:38.8169267Z  * [new branch]      codex/y2-four-target-cross-repo-lesson-production-1-20260626 -> origin/codex/y2-four-target-cross-repo-lesson-production-1-20260626
validate-platform	Checkout lessen repository	2026-09-14T07:10:38.8169972Z  * [new branch]      main                    -> origin/main
validate-platform	Checkout lessen repository	2026-09-14T07:10:38.8170492Z  * [new tag]         checkpoint/GAME-UX-2-exit-ticket-mvp-lesson -> checkpoint/GAME-UX-2-exit-ticket-mvp-lesson
validate-platform	Checkout lessen repository	2026-09-14T07:10:38.8171297Z  * [new tag]         checkpoint/L-roadmap-exit-ticket-scale-gate-precision -> checkpoint/L-roadmap-exit-ticket-scale-gate-precision
validate-platform	Checkout lessen repository	2026-09-14T07:10:38.8171909Z  * [new tag]         pages-live              -> pages-live
validate-platform	Checkout lessen repository	2026-09-14T07:10:38.8172663Z ##[endgroup]
validate-platform	Checkout lessen repository	2026-09-14T07:10:38.8172972Z ##[group]Determining the checkout info
validate-platform	Checkout lessen repository	2026-09-14T07:10:38.8173322Z ##[endgroup]
validate-platform	Checkout lessen repository	2026-09-14T07:10:38.8173579Z [command]"C:\Program Files\Git\bin\git.exe" sparse-checkout disable
validate-platform	Checkout lessen repository	2026-09-14T07:10:38.8457840Z [command]"C:\Program Files\Git\bin\git.exe" config --local --unset-all extensions.worktreeConfig
validate-platform	Checkout lessen repository	2026-09-14T07:10:38.8749420Z ##[group]Checking out the ref
validate-platform	Checkout lessen repository	2026-09-14T07:10:38.8757711Z [command]"C:\Program Files\Git\bin\git.exe" checkout --progress --force -B main refs/remotes/origin/main
validate-platform	Checkout lessen repository	2026-09-14T07:10:39.9226393Z Updating files:  86% (1536/1778)
validate-platform	Checkout lessen repository	2026-09-14T07:10:39.9333010Z Updating files:  87% (1547/1778)
validate-platform	Checkout lessen repository	2026-09-14T07:10:39.9383002Z Updating files:  88% (1565/1778)
validate-platform	Checkout lessen repository	2026-09-14T07:10:39.9474346Z Updating files:  89% (1583/1778)
validate-platform	Checkout lessen repository	2026-09-14T07:10:39.9542673Z Updating files:  90% (1601/1778)
validate-platform	Checkout lessen repository	2026-09-14T07:10:39.9652795Z Updating files:  91% (1618/1778)
validate-platform	Checkout lessen repository	2026-09-14T07:10:39.9749654Z Updating files:  92% (1636/1778)
validate-platform	Checkout lessen repository	2026-09-14T07:10:39.9842745Z Updating files:  93% (1654/1778)
validate-platform	Checkout lessen repository	2026-09-14T07:10:39.9936696Z Updating files:  94% (1672/1778)
validate-platform	Checkout lessen repository	2026-09-14T07:10:40.0003860Z Updating files:  95% (1690/1778)
validate-platform	Checkout lessen repository	2026-09-14T07:10:40.0052756Z Updating files:  96% (1707/1778)
validate-platform	Checkout lessen repository	2026-09-14T07:10:40.0121968Z Updating files:  97% (1725/1778)
validate-platform	Checkout lessen repository	2026-09-14T07:10:40.0190540Z Updating files:  98% (1743/1778)
validate-platform	Checkout lessen repository	2026-09-14T07:10:40.0244682Z Updating files:  99% (1761/1778)
validate-platform	Checkout lessen repository	2026-09-14T07:10:40.0245440Z Updating files: 100% (1778/1778)
validate-platform	Checkout lessen repository	2026-09-14T07:10:40.0245695Z Updating files: 100% (1778/1778), done.
validate-platform	Checkout lessen repository	2026-09-14T07:10:40.0402660Z Switched to a new branch 'main'
validate-platform	Checkout lessen repository	2026-09-14T07:10:40.0421454Z branch 'main' set up to track 'origin/main'.
validate-platform	Checkout lessen repository	2026-09-14T07:10:40.0636812Z ##[endgroup]
validate-platform	Checkout lessen repository	2026-09-14T07:10:40.0967448Z [command]"C:\Program Files\Git\bin\git.exe" log -1 --format=%H
validate-platform	Checkout lessen repository	2026-09-14T07:10:40.1240302Z 0acaaa97443e5c4fee34f7da8a12ccd5db62d762
validate-platform	Normalize repository line endings	﻿2026-09-14T07:10:40.1571315Z ##[group]Run git config --global core.autocrlf false
validate-platform	Normalize repository line endings	2026-09-14T07:10:40.1571797Z [36;1mgit config --global core.autocrlf false[0m
validate-platform	Normalize repository line endings	2026-09-14T07:10:40.1572099Z [36;1mgit reset --hard[0m
validate-platform	Normalize repository line endings	2026-09-14T07:10:40.1572391Z [36;1mgit -c core.autocrlf=false checkout-index -f --all[0m
validate-platform	Normalize repository line endings	2026-09-14T07:10:40.1572723Z [36;1mgit -C ../4veco-lessen reset --hard[0m
validate-platform	Normalize repository line endings	2026-09-14T07:10:40.1729185Z shell: C:\Program Files\PowerShell\7\pwsh.EXE -command ". '{0}'"
validate-platform	Normalize repository line endings	2026-09-14T07:10:40.1729563Z ##[endgroup]
validate-platform	Normalize repository line endings	2026-09-14T07:10:41.3028712Z HEAD is now at 2bc4ee84 Remove context novelty mandates and copied PDF recipes
validate-platform	Normalize repository line endings	2026-09-14T07:10:41.4896260Z HEAD is now at 0acaaa9 Merge pull request #49 from meijer1973/codex/entrypoints-selective-loading-20260912
validate-platform	Set up Node.js	﻿2026-09-14T07:10:41.6385058Z ##[group]Run actions/setup-node@v6
validate-platform	Set up Node.js	2026-09-14T07:10:41.6385389Z with:
validate-platform	Set up Node.js	2026-09-14T07:10:41.6385565Z   node-version: 20.x
validate-platform	Set up Node.js	2026-09-14T07:10:41.6385757Z   cache: npm
validate-platform	Set up Node.js	2026-09-14T07:10:41.6386007Z   cache-dependency-path: 4veco-platform/package-lock.json
validate-platform	Set up Node.js	2026-09-14T07:10:41.6386316Z   check-latest: false
validate-platform	Set up Node.js	2026-09-14T07:10:41.6388609Z   token: ***
validate-platform	Set up Node.js	2026-09-14T07:10:41.6388801Z   package-manager-cache: true
validate-platform	Set up Node.js	2026-09-14T07:10:41.6389020Z ##[endgroup]
validate-platform	Set up Node.js	2026-09-14T07:10:41.8098102Z Attempting to download 20.x...
validate-platform	Set up Node.js	2026-09-14T07:10:42.4570826Z Acquiring 20.20.2 - x64 from https://github.com/actions/node-versions/releases/download/20.20.2-23521894959/node-20.20.2-win32-x64.7z
validate-platform	Set up Node.js	2026-09-14T07:10:42.7988766Z Extracting ...
validate-platform	Set up Node.js	2026-09-14T07:10:45.0443753Z Adding to the cache ...
validate-platform	Set up Node.js	2026-09-14T07:10:48.3042963Z ##[group]Environment details
validate-platform	Set up Node.js	2026-09-14T07:10:49.4844214Z node: v20.20.2
validate-platform	Set up Node.js	2026-09-14T07:10:49.4844495Z npm: 10.8.2
validate-platform	Set up Node.js	2026-09-14T07:10:49.4844678Z yarn: 1.22.22
validate-platform	Set up Node.js	2026-09-14T07:10:49.4845105Z ##[endgroup]
validate-platform	Set up Node.js	2026-09-14T07:10:49.5580375Z [command]C:\Windows\system32\cmd.exe /D /S /C "C:\hostedtoolcache\windows\node\20.20.2\x64\npm.cmd config get cache"
validate-platform	Set up Node.js	2026-09-14T07:10:49.9141876Z C:\npm\cache
validate-platform	Set up Node.js	2026-09-14T07:10:50.1476573Z Cache hit for: node-cache-Windows-x64-npm-9bbee0ad11db4ee553bad330ba43843b9c2f7a0d46e13c620d896e218cc83a3a
validate-platform	Set up Node.js	2026-09-14T07:10:50.8331550Z Received 55333258 of 55333258 (100.0%), 93.2 MBs/sec
validate-platform	Set up Node.js	2026-09-14T07:10:50.8334461Z Cache Size: ~53 MB (55333258 B)
validate-platform	Set up Node.js	2026-09-14T07:10:50.8405498Z [command]"C:\Program Files\Git\usr\bin\tar.exe" -xf D:/a/_temp/8c105fd1-44a1-4096-b7b2-216f4dbaef73/cache.tzst -P -C D:/a/4veco-platform/4veco-platform --force-local --use-compress-program "zstd -d"
validate-platform	Set up Node.js	2026-09-14T07:10:53.9712303Z Cache restored successfully
validate-platform	Set up Node.js	2026-09-14T07:10:53.9770034Z Cache restored from key: node-cache-Windows-x64-npm-9bbee0ad11db4ee553bad330ba43843b9c2f7a0d46e13c620d896e218cc83a3a
validate-platform	Select CI profile	﻿2026-09-14T07:10:54.0096337Z ##[group]Run node build-scripts/ci/maintenance-ci.js plan
validate-platform	Select CI profile	2026-09-14T07:10:54.0096838Z [36;1mnode build-scripts/ci/maintenance-ci.js plan[0m
validate-platform	Select CI profile	2026-09-14T07:10:54.0167042Z shell: C:\Program Files\PowerShell\7\pwsh.EXE -command ". '{0}'"
validate-platform	Select CI profile	2026-09-14T07:10:54.0167382Z env:
validate-platform	Select CI profile	2026-09-14T07:10:54.0167656Z   CI_BASE_SHA: 85b0f347f3070e005eae3f35f0b11ce6eac71b4d
validate-platform	Select CI profile	2026-09-14T07:10:54.0168005Z   CI_HEAD_SHA: 2bc4ee84393b8c2bf85734f71bb50288f5cf5122
validate-platform	Select CI profile	2026-09-14T07:10:54.0168294Z   CI_FORCE_FULL: false
validate-platform	Select CI profile	2026-09-14T07:10:54.0168487Z ##[endgroup]
validate-platform	Select CI profile	2026-09-14T07:10:54.9720584Z {
validate-platform	Select CI profile	2026-09-14T07:10:54.9721611Z   "profile": "product",
validate-platform	Select CI profile	2026-09-14T07:10:54.9722412Z   "base": "85b0f347f3070e005eae3f35f0b11ce6eac71b4d",
validate-platform	Select CI profile	2026-09-14T07:10:54.9723538Z   "head": "2bc4ee84393b8c2bf85734f71bb50288f5cf5122",
validate-platform	Select CI profile	2026-09-14T07:10:54.9724044Z   "paths": [
validate-platform	Select CI profile	2026-09-14T07:10:54.9724717Z     "BUILD-CHAPTER.md",
validate-platform	Select CI profile	2026-09-14T07:10:54.9725160Z     "docs/workflows/part-a-start.md",
validate-platform	Select CI profile	2026-09-14T07:10:54.9725796Z     "references/authored/book-outlines/book-2-outline.meta.json",
validate-platform	Select CI profile	2026-09-14T07:10:54.9726564Z     "references/authored/didactiek-principes.md",
validate-platform	Select CI profile	2026-09-14T07:10:54.9727174Z     "references/authored/vraagtypen-en-opgaveontwerp.md",
validate-platform	Select CI profile	2026-09-14T07:10:54.9798262Z     "skills/econ-chapter-builder.md",
validate-platform	Select CI profile	2026-09-14T07:10:54.9798917Z     "skills/econ-exercise-builder.md",
validate-platform	Select CI profile	2026-09-14T07:10:54.9799467Z     "skills/econ-paragraph-review.md",
validate-platform	Select CI profile	2026-09-14T07:10:54.9800033Z     "skills/econ-pdf-builder.md",
validate-platform	Select CI profile	2026-09-14T07:10:54.9800458Z     "skills/econ-testprep-builder.md",
validate-platform	Select CI profile	2026-09-14T07:10:54.9800986Z     "skills/econ-textbook-paragraph.md"
validate-platform	Select CI profile	2026-09-14T07:10:54.9801409Z   ],
validate-platform	Select CI profile	2026-09-14T07:10:54.9801677Z   "reasons": [
validate-platform	Select CI profile	2026-09-14T07:10:54.9802728Z     "Committed exercise-source checksum-only refresh verified; this is test selection, not approval.",
validate-platform	Select CI profile	2026-09-14T07:10:54.9803871Z     "Full validation required by: references/authored/didactiek-principes.md",
validate-platform	Select CI profile	2026-09-14T07:10:54.9804917Z     "Full validation required by: references/authored/vraagtypen-en-opgaveontwerp.md",
validate-platform	Select CI profile	2026-09-14T07:10:54.9805798Z     "Full validation required by: skills/econ-pdf-builder.md"
validate-platform	Select CI profile	2026-09-14T07:10:54.9806321Z   ],
validate-platform	Select CI profile	2026-09-14T07:10:54.9806615Z   "focused_jest_args": null,
validate-platform	Select CI profile	2026-09-14T07:10:54.9807362Z   "archived_workflow_test_suites": "check-y1-golden-rollout-wave-1(-current)?\\.test\\.js$",
validate-platform	Select CI profile	2026-09-14T07:10:54.9808201Z   "policy": "docs/review/maintenance-workflow.md"
validate-platform	Select CI profile	2026-09-14T07:10:54.9808678Z }
validate-platform	Verify Y1 runtime checkout bytes	﻿2026-09-14T07:10:55.1072796Z ##[group]Run node build-scripts/sprints/inspect-y1-runtime-checkout.js
validate-platform	Verify Y1 runtime checkout bytes	2026-09-14T07:10:55.1073389Z [36;1mnode build-scripts/sprints/inspect-y1-runtime-checkout.js[0m
validate-platform	Verify Y1 runtime checkout bytes	2026-09-14T07:10:55.1145883Z shell: C:\Program Files\PowerShell\7\pwsh.EXE -command ". '{0}'"
validate-platform	Verify Y1 runtime checkout bytes	2026-09-14T07:10:55.1146246Z ##[endgroup]
validate-platform	Verify Y1 runtime checkout bytes	2026-09-14T07:10:58.6528047Z {
validate-platform	Verify Y1 runtime checkout bytes	2026-09-14T07:10:58.6528541Z   "ok": true,
validate-platform	Verify Y1 runtime checkout bytes	2026-09-14T07:10:58.6529164Z   "checkpoint": "before_dependencies_and_tests",
validate-platform	Verify Y1 runtime checkout bytes	2026-09-14T07:10:58.6529942Z   "platform_head_sha": "2bc4ee84393b8c2bf85734f71bb50288f5cf5122",
validate-platform	Verify Y1 runtime checkout bytes	2026-09-14T07:10:58.6530787Z   "git_version": "git version 2.55.0.windows.5",
validate-platform	Verify Y1 runtime checkout bytes	2026-09-14T07:10:58.6531326Z   "configuration": {
validate-platform	Verify Y1 runtime checkout bytes	2026-09-14T07:10:58.6531939Z     "core.autocrlf": "global\tfile:C:/Users/runneradmin/.gitconfig\tfalse",
validate-platform	Verify Y1 runtime checkout bytes	2026-09-14T07:10:58.6532578Z     "core.eol": null,
validate-platform	Verify Y1 runtime checkout bytes	2026-09-14T07:10:58.6533329Z     "core.attributesFile": null
validate-platform	Verify Y1 runtime checkout bytes	2026-09-14T07:10:58.6534382Z   },
validate-platform	Verify Y1 runtime checkout bytes	2026-09-14T07:10:58.6534981Z   "checkout_eol": [
validate-platform	Verify Y1 runtime checkout bytes	2026-09-14T07:10:58.6535579Z     "i/lf    w/lf    attr/text eol=lf      \t.gitattributes",
validate-platform	Verify Y1 runtime checkout bytes	2026-09-14T07:10:58.6536899Z     "i/lf    w/lf    attr/text eol=lf      \t.github/workflows/platform-ci.yml",
validate-platform	Verify Y1 runtime checkout bytes	2026-09-14T07:10:58.6537863Z     "i/lf    w/lf    attr/text eol=lf      \tbuild-scripts/platform/build-exit-ticket-shells.js",
validate-platform	Verify Y1 runtime checkout bytes	2026-09-14T07:10:58.6538850Z     "i/lf    w/lf    attr/text eol=lf      \tbuild-scripts/platform/build-landing-page.js",
validate-platform	Verify Y1 runtime checkout bytes	2026-09-14T07:10:58.6540205Z     "i/lf    w/lf    attr/text eol=lf      \tbuild-scripts/sprints/capture-scale-proof-3p-readiness-product-path-proof-1.js",
validate-platform	Verify Y1 runtime checkout bytes	2026-09-14T07:10:58.6541815Z     "i/lf    w/lf    attr/text eol=lf      \tbuild-scripts/sprints/capture-y1-golden-rollout-wave-1-rendered-renewal.js",
validate-platform	Verify Y1 runtime checkout bytes	2026-09-14T07:10:58.6543387Z     "i/lf    w/lf    attr/text eol=lf      \tbuild-scripts/sprints/check-scale-proof-3p-readiness-product-path-proof-1.js",
validate-platform	Verify Y1 runtime checkout bytes	2026-09-14T07:10:58.6544505Z     "i/lf    w/lf    attr/text eol=lf      \tbuild-scripts/sprints/check-y1-golden-rollout-wave-1-current.js",
validate-platform	Verify Y1 runtime checkout bytes	2026-09-14T07:10:58.6545256Z     "i/lf    w/lf    attr/text eol=lf      \tbuild-scripts/sprints/check-y1-golden-rollout-wave-1-current.test.js",
validate-platform	Verify Y1 runtime checkout bytes	2026-09-14T07:10:58.6545954Z     "i/lf    w/lf    attr/text eol=lf      \tbuild-scripts/sprints/check-y1-golden-rollout-wave-1.js",
validate-platform	Verify Y1 runtime checkout bytes	2026-09-14T07:10:58.6547053Z     "i/lf    w/lf    attr/text eol=lf      \tbuild-scripts/sprints/check-y1-golden-rollout-wave-1.test.js",
validate-platform	Verify Y1 runtime checkout bytes	2026-09-14T07:10:58.6550642Z     "i/lf    w/lf    attr/text eol=lf      \tbuild-scripts/sprints/inspect-y1-runtime-checkout.js",
validate-platform	Verify Y1 runtime checkout bytes	2026-09-14T07:10:58.6551676Z     "i/lf    w/lf    attr/text eol=lf      \tbuild-scripts/sprints/write-y1-golden-rollout-wave-1-current-evidence.js",
validate-platform	Verify Y1 runtime checkout bytes	2026-09-14T07:10:58.6552349Z     "i/lf    w/lf    attr/text eol=lf      \tengines/golden-ticket-graph.js",
validate-platform	Verify Y1 runtime checkout bytes	2026-09-14T07:10:58.6552851Z     "i/lf    w/lf    attr/text eol=lf      \tengines/golden-ticket-layout.css",
validate-platform	Verify Y1 runtime checkout bytes	2026-09-14T07:10:58.6553339Z     "i/lf    w/lf    attr/text eol=lf      \tengines/golden-ticket-layout.js",
validate-platform	Verify Y1 runtime checkout bytes	2026-09-14T07:10:58.6553786Z     "i/lf    w/lf    attr/text eol=lf      \tpackage-lock.json",
validate-platform	Verify Y1 runtime checkout bytes	2026-09-14T07:10:58.6554172Z     "i/lf    w/lf    attr/text eol=lf      \tpackage.json",
validate-platform	Verify Y1 runtime checkout bytes	2026-09-14T07:10:58.6555082Z     "i/lf    w/lf    attr/text eol=lf      \treferences/data/exercises/y1-golden-rollout-wave-1.json",
validate-platform	Verify Y1 runtime checkout bytes	2026-09-14T07:10:58.6556615Z     "i/lf    w/lf    attr/text eol=lf      \treferences/data/sprints/Y1-GOLDEN-ROLLOUT-WAVE-1.result.json",
validate-platform	Verify Y1 runtime checkout bytes	2026-09-14T07:10:58.6557831Z     "i/lf    w/lf    attr/text eol=lf      \treferences/ui/golden-exercise-checker-fixtures.json",
validate-platform	Verify Y1 runtime checkout bytes	2026-09-14T07:10:58.6559108Z     "i/lf    w/lf    attr/text eol=lf      \treports/json/scale-proof-3p-readiness-product-path-proof-1-proof.json",
validate-platform	Verify Y1 runtime checkout bytes	2026-09-14T07:10:58.6560313Z     "i/lf    w/lf    attr/text eol=lf      \treports/json/y1-golden-rollout-wave-1-proof.json",
validate-platform	Verify Y1 runtime checkout bytes	2026-09-14T07:10:58.6561497Z     "i/lf    w/lf    attr/text eol=lf      \treports/json/y1-golden-rollout-wave-1-rendered-delta-proof.json",
validate-platform	Verify Y1 runtime checkout bytes	2026-09-14T07:10:58.6565819Z     "i/lf    w/lf    attr/text eol=lf      \treports/review-gates/GATE-Y1-GOLDEN-ROLLOUT-WAVE-1/bundle-urls.md",
validate-platform	Verify Y1 runtime checkout bytes	2026-09-14T07:10:58.6567154Z     "i/lf    w/lf    attr/text eol=lf      \treports/review-gates/GATE-Y1-GOLDEN-ROLLOUT-WAVE-1/review-packet.json",
validate-platform	Verify Y1 runtime checkout bytes	2026-09-14T07:10:58.6568672Z     "i/lf    w/lf    attr/text eol=lf      \treports/sprints/SCALE-PROOF-3P-READINESS-PRODUCT-PATH-PROOF-1-route-inventory.md",
validate-platform	Verify Y1 runtime checkout bytes	2026-09-14T07:10:58.6570639Z     "i/lf    w/lf    attr/text eol=lf      \treports/sprints/SCALE-PROOF-3P-READINESS-PRODUCT-PATH-PROOF-1-screenshot-manifest.md",
validate-platform	Verify Y1 runtime checkout bytes	2026-09-14T07:10:58.6573103Z     "i/-text w/-text attr/                 \treports/sprints/SCALE-PROOF-3P-READINESS-PRODUCT-PATH-PROOF-1-screenshots/111-exit-ticket-desktop-light-completed-feedback.png",
validate-platform	Verify Y1 runtime checkout bytes	2026-09-14T07:10:58.6575351Z     "i/-text w/-text attr/                 \treports/sprints/SCALE-PROOF-3P-READINESS-PRODUCT-PATH-PROOF-1-screenshots/111-exit-ticket-desktop-light-initial.png",
validate-platform	Verify Y1 runtime checkout bytes	2026-09-14T07:10:58.6577938Z     "i/-text w/-text attr/                 \treports/sprints/SCALE-PROOF-3P-READINESS-PRODUCT-PATH-PROOF-1-screenshots/111-exit-ticket-mobile-dark-completed-feedback.png",
validate-platform	Verify Y1 runtime checkout bytes	2026-09-14T07:10:58.6580183Z     "i/-text w/-text attr/                 \treports/sprints/SCALE-PROOF-3P-READINESS-PRODUCT-PATH-PROOF-1-screenshots/111-landing-desktop-light-overview.png",
validate-platform	Verify Y1 runtime checkout bytes	2026-09-14T07:10:58.6581749Z     "i/-text w/-text attr/                 \treports/sprints/SCALE-PROOF-3P-READINESS-PRODUCT-PATH-PROOF-1-screenshots/111-landing-mobile-dark-exit-row.png",
validate-platform	Verify Y1 runtime checkout bytes	2026-09-14T07:10:58.6582973Z     "i/-text w/-text attr/                 \treports/sprints/SCALE-PROOF-3P-READINESS-PRODUCT-PATH-PROOF-1-screenshots/111-learn-desktop-light-uitleg-vaardigheden.png",
validate-platform	Verify Y1 runtime checkout bytes	2026-09-14T07:10:58.6584196Z     "i/-text w/-text attr/                 \treports/sprints/SCALE-PROOF-3P-READINESS-PRODUCT-PATH-PROOF-1-screenshots/111-normal-practice-desktop-light-opgaven.png",
validate-platform	Verify Y1 runtime checkout bytes	2026-09-14T07:10:58.6585428Z     "i/-text w/-text attr/                 \treports/sprints/SCALE-PROOF-3P-READINESS-PRODUCT-PATH-PROOF-1-screenshots/111-practice-desktop-light-redeneer-spel.png",
validate-platform	Verify Y1 runtime checkout bytes	2026-09-14T07:10:58.6586689Z     "i/-text w/-text attr/                 \treports/sprints/SCALE-PROOF-3P-READINESS-PRODUCT-PATH-PROOF-1-screenshots/111-short-check-desktop-light-completed-feedback.png",
validate-platform	Verify Y1 runtime checkout bytes	2026-09-14T07:10:58.6587917Z     "i/-text w/-text attr/                 \treports/sprints/SCALE-PROOF-3P-READINESS-PRODUCT-PATH-PROOF-1-screenshots/111-short-check-desktop-light.png",
validate-platform	Verify Y1 runtime checkout bytes	2026-09-14T07:10:58.6589343Z     "i/-text w/-text attr/                 \treports/sprints/SCALE-PROOF-3P-READINESS-PRODUCT-PATH-PROOF-1-screenshots/111-skill-map-desktop-light-wiskundevaardigheden.png",
validate-platform	Verify Y1 runtime checkout bytes	2026-09-14T07:10:58.6590548Z     "i/-text w/-text attr/                 \treports/sprints/SCALE-PROOF-3P-READINESS-PRODUCT-PATH-PROOF-1-screenshots/111-start-desktop-light-instapquiz.png",
validate-platform	Verify Y1 runtime checkout bytes	2026-09-14T07:10:58.6591662Z     "i/-text w/-text attr/                 \treports/sprints/SCALE-PROOF-3P-READINESS-PRODUCT-PATH-PROOF-1-screenshots/112-a96-correct-response-feedback.png",
validate-platform	Verify Y1 runtime checkout bytes	2026-09-14T07:10:58.6592754Z     "i/-text w/-text attr/                 \treports/sprints/SCALE-PROOF-3P-READINESS-PRODUCT-PATH-PROOF-1-screenshots/112-a96-missing-notation-feedback.png",
validate-platform	Verify Y1 runtime checkout bytes	2026-09-14T07:10:58.6593864Z     "i/-text w/-text attr/                 \treports/sprints/SCALE-PROOF-3P-READINESS-PRODUCT-PATH-PROOF-1-screenshots/112-a96-missing-parts-feedback-list.png",
validate-platform	Verify Y1 runtime checkout bytes	2026-09-14T07:10:58.6594989Z     "i/-text w/-text attr/                 \treports/sprints/SCALE-PROOF-3P-READINESS-PRODUCT-PATH-PROOF-1-screenshots/112-a96-missing-substitution-feedback.png",
validate-platform	Verify Y1 runtime checkout bytes	2026-09-14T07:10:58.6596122Z     "i/-text w/-text attr/                 \treports/sprints/SCALE-PROOF-3P-READINESS-PRODUCT-PATH-PROOF-1-screenshots/112-a96-partial-wrong-formula-feedback.png",
validate-platform	Verify Y1 runtime checkout bytes	2026-09-14T07:10:58.6597666Z     "i/-text w/-text attr/                 \treports/sprints/SCALE-PROOF-3P-READINESS-PRODUCT-PATH-PROOF-1-screenshots/112-a96-v3-exemplar-comparison.png",
validate-platform	Verify Y1 runtime checkout bytes	2026-09-14T07:10:58.6599607Z     "i/-text w/-text attr/                 \treports/sprints/SCALE-PROOF-3P-READINESS-PRODUCT-PATH-PROOF-1-screenshots/112-a96-wrong-denominator-feedback.png",
validate-platform	Verify Y1 runtime checkout bytes	2026-09-14T07:10:58.6600734Z     "i/-text w/-text attr/                 \treports/sprints/SCALE-PROOF-3P-READINESS-PRODUCT-PATH-PROOF-1-screenshots/112-exit-ticket-desktop-dark-initial.png",
validate-platform	Verify Y1 runtime checkout bytes	2026-09-14T07:10:58.6601926Z     "i/-text w/-text attr/                 \treports/sprints/SCALE-PROOF-3P-READINESS-PRODUCT-PATH-PROOF-1-screenshots/112-exit-ticket-desktop-light-completed-feedback.png",
validate-platform	Verify Y1 runtime checkout bytes	2026-09-14T07:10:58.6603123Z     "i/-text w/-text attr/                 \treports/sprints/SCALE-PROOF-3P-READINESS-PRODUCT-PATH-PROOF-1-screenshots/112-exit-ticket-desktop-light-initial.png",
validate-platform	Verify Y1 runtime checkout bytes	2026-09-14T07:10:58.6604517Z     "i/-text w/-text attr/                 \treports/sprints/SCALE-PROOF-3P-READINESS-PRODUCT-PATH-PROOF-1-screenshots/112-exit-ticket-mobile-dark-completed-feedback.png",
validate-platform	Verify Y1 runtime checkout bytes	2026-09-14T07:10:58.6605705Z     "i/-text w/-text attr/                 \treports/sprints/SCALE-PROOF-3P-READINESS-PRODUCT-PATH-PROOF-1-screenshots/112-exit-ticket-mobile-light-initial.png",
validate-platform	Verify Y1 runtime checkout bytes	2026-09-14T07:10:58.6607466Z     "i/-text w/-text attr/                 \treports/sprints/SCALE-PROOF-3P-READINESS-PRODUCT-PATH-PROOF-1-screenshots/112-landing-desktop-light-overview.png",
validate-platform	Verify Y1 runtime checkout bytes	2026-09-14T07:10:58.6609546Z     "i/-text w/-text attr/                 \treports/sprints/SCALE-PROOF-3P-READINESS-PRODUCT-PATH-PROOF-1-screenshots/112-landing-mobile-dark-exit-row.png",
validate-platform	Verify Y1 runtime checkout bytes	2026-09-14T07:10:58.6611723Z     "i/-text w/-text attr/                 \treports/sprints/SCALE-PROOF-3P-READINESS-PRODUCT-PATH-PROOF-1-screenshots/112-learn-desktop-light-uitleg-vaardigheden.png",
validate-platform	Verify Y1 runtime checkout bytes	2026-09-14T07:10:58.6613948Z     "i/-text w/-text attr/                 \treports/sprints/SCALE-PROOF-3P-READINESS-PRODUCT-PATH-PROOF-1-screenshots/112-normal-practice-desktop-light-opgaven.png",
validate-platform	Verify Y1 runtime checkout bytes	2026-09-14T07:10:58.6616192Z     "i/-text w/-text attr/                 \treports/sprints/SCALE-PROOF-3P-READINESS-PRODUCT-PATH-PROOF-1-screenshots/112-practice-desktop-light-wiskundevaardigheden.png",
validate-platform	Verify Y1 runtime checkout bytes	2026-09-14T07:10:58.6618842Z     "i/-text w/-text attr/                 \treports/sprints/SCALE-PROOF-3P-READINESS-PRODUCT-PATH-PROOF-1-screenshots/112-short-check-desktop-light-completed-feedback.png",
validate-platform	Verify Y1 runtime checkout bytes	2026-09-14T07:10:58.6620944Z     "i/-text w/-text attr/                 \treports/sprints/SCALE-PROOF-3P-READINESS-PRODUCT-PATH-PROOF-1-screenshots/112-short-check-desktop-light.png",
validate-platform	Verify Y1 runtime checkout bytes	2026-09-14T07:10:58.6623350Z     "i/-text w/-text attr/                 \treports/sprints/SCALE-PROOF-3P-READINESS-PRODUCT-PATH-PROOF-1-screenshots/112-skill-map-desktop-light-wiskundevaardigheden.png",
validate-platform	Verify Y1 runtime checkout bytes	2026-09-14T07:10:58.6625561Z     "i/-text w/-text attr/                 \treports/sprints/SCALE-PROOF-3P-READINESS-PRODUCT-PATH-PROOF-1-screenshots/112-start-desktop-light-instapquiz.png",
validate-platform	Verify Y1 runtime checkout bytes	2026-09-14T07:10:58.6628007Z     "i/-text w/-text attr/                 \treports/sprints/SCALE-PROOF-3P-READINESS-PRODUCT-PATH-PROOF-1-screenshots/113-exit-ticket-desktop-light-completed-feedback.png",
validate-platform	Verify Y1 runtime checkout bytes	2026-09-14T07:10:58.6629261Z     "i/-text w/-text attr/                 \treports/sprints/SCALE-PROOF-3P-READINESS-PRODUCT-PATH-PROOF-1-screenshots/113-exit-ticket-desktop-light-initial.png",
validate-platform	Verify Y1 runtime checkout bytes	2026-09-14T07:10:58.6630695Z     "i/-text w/-text attr/                 \treports/sprints/SCALE-PROOF-3P-READINESS-PRODUCT-PATH-PROOF-1-screenshots/113-exit-ticket-mobile-dark-completed-feedback.png",
validate-platform	Verify Y1 runtime checkout bytes	2026-09-14T07:10:58.6631886Z     "i/-text w/-text attr/                 \treports/sprints/SCALE-PROOF-3P-READINESS-PRODUCT-PATH-PROOF-1-screenshots/113-landing-desktop-light-overview.png",
validate-platform	Verify Y1 runtime checkout bytes	2026-09-14T07:10:58.6633350Z     "i/-text w/-text attr/                 \treports/sprints/SCALE-PROOF-3P-READINESS-PRODUCT-PATH-PROOF-1-screenshots/113-landing-mobile-dark-exit-row.png",
validate-platform	Verify Y1 runtime checkout bytes	2026-09-14T07:10:58.6634516Z     "i/-text w/-text attr/                 \treports/sprints/SCALE-PROOF-3P-READINESS-PRODUCT-PATH-PROOF-1-screenshots/113-learn-desktop-light-uitleg-vaardigheden.png",
validate-platform	Verify Y1 runtime checkout bytes	2026-09-14T07:10:58.6635927Z     "i/-text w/-text attr/                 \treports/sprints/SCALE-PROOF-3P-READINESS-PRODUCT-PATH-PROOF-1-screenshots/113-normal-practice-desktop-light-opgaven.png",
validate-platform	Verify Y1 runtime checkout bytes	2026-09-14T07:10:58.6637105Z     "i/-text w/-text attr/                 \treports/sprints/SCALE-PROOF-3P-READINESS-PRODUCT-PATH-PROOF-1-screenshots/113-practice-desktop-light-grafiekenspel.png",
validate-platform	Verify Y1 runtime checkout bytes	2026-09-14T07:10:58.6638327Z     "i/-text w/-text attr/                 \treports/sprints/SCALE-PROOF-3P-READINESS-PRODUCT-PATH-PROOF-1-screenshots/113-short-check-desktop-light-completed-feedback.png",
validate-platform	Verify Y1 runtime checkout bytes	2026-09-14T07:10:58.6639482Z     "i/-text w/-text attr/                 \treports/sprints/SCALE-PROOF-3P-READINESS-PRODUCT-PATH-PROOF-1-screenshots/113-short-check-desktop-light.png",
validate-platform	Verify Y1 runtime checkout bytes	2026-09-14T07:10:58.6640643Z     "i/-text w/-text attr/                 \treports/sprints/SCALE-PROOF-3P-READINESS-PRODUCT-PATH-PROOF-1-screenshots/113-skill-map-desktop-light-wiskundevaardigheden.png",
validate-platform	Verify Y1 runtime checkout bytes	2026-09-14T07:10:58.6641819Z     "i/-text w/-text attr/                 \treports/sprints/SCALE-PROOF-3P-READINESS-PRODUCT-PATH-PROOF-1-screenshots/113-start-desktop-light-instapquiz.png",
validate-platform	Verify Y1 runtime checkout bytes	2026-09-14T07:10:58.6643004Z     "i/-text w/-text attr/                 \treports/sprints/SCALE-PROOF-3P-READINESS-PRODUCT-PATH-PROOF-1-screenshots/114-landing-mobile-dark-exit-row-same-copy-hygiene.png",
validate-platform	Verify Y1 runtime checkout bytes	2026-09-14T07:10:58.6644105Z     "i/lf    w/lf    attr/text eol=lf      \treports/sprints/SCALE-PROOF-3P-READINESS-PRODUCT-PATH-PROOF-1-screenshots/manifest.json",
validate-platform	Verify Y1 runtime checkout bytes	2026-09-14T07:10:58.6644985Z     "i/lf    w/lf    attr/text eol=lf      \treports/sprints/Y1-GOLDEN-ROLLOUT-WAVE-1-descendant-verifier-certificate.json",
validate-platform	Verify Y1 runtime checkout bytes	2026-09-14T07:10:58.6645848Z     "i/lf    w/lf    attr/text eol=lf      \treports/sprints/Y1-GOLDEN-ROLLOUT-WAVE-1-evidence-prerequisite-source-manifest.json",
validate-platform	Verify Y1 runtime checkout bytes	2026-09-14T07:10:58.6646716Z     "i/lf    w/lf    attr/text eol=lf      \treports/sprints/Y1-GOLDEN-ROLLOUT-WAVE-1-evidence-prerequisite-visual-review.md",
validate-platform	Verify Y1 runtime checkout bytes	2026-09-14T07:10:58.6647775Z     "i/-text w/-text attr/                 \treports/sprints/Y1-GOLDEN-ROLLOUT-WAVE-1-evidence-renewal-screenshots/112-normal-practice-desktop-light-opgaven-pixel-diff.png",
validate-platform	Verify Y1 runtime checkout bytes	2026-09-14T07:10:58.6648958Z     "i/-text w/-text attr/                 \treports/sprints/Y1-GOLDEN-ROLLOUT-WAVE-1-evidence-renewal-screenshots/112-normal-practice-desktop-light-opgaven.png",
validate-platform	Verify Y1 runtime checkout bytes	2026-09-14T07:10:58.6650065Z     "i/lf    w/lf    attr/text eol=lf      \treports/sprints/Y1-GOLDEN-ROLLOUT-WAVE-1-evidence-renewal-screenshots/comparison.json",
validate-platform	Verify Y1 runtime checkout bytes	2026-09-14T07:10:58.6650960Z     "i/lf    w/lf    attr/text eol=lf      \treports/sprints/Y1-GOLDEN-ROLLOUT-WAVE-1-evidence-renewal-screenshots/manifest.json",
validate-platform	Verify Y1 runtime checkout bytes	2026-09-14T07:10:58.6651784Z     "i/lf    w/lf    attr/text eol=lf      \treports/sprints/Y1-GOLDEN-ROLLOUT-WAVE-1-evidence-renewal-visual-review.md",
validate-platform	Verify Y1 runtime checkout bytes	2026-09-14T07:10:58.6652984Z     "i/lf    w/lf    attr/text eol=lf      \treports/sprints/Y1-GOLDEN-ROLLOUT-WAVE-1-rendered-renewal.json",
validate-platform	Verify Y1 runtime checkout bytes	2026-09-14T07:10:58.6653659Z     "i/lf    w/lf    attr/text eol=lf      \tsource-data/book-1/exit-ticket/1.1.1-exit-ticket.json",
validate-platform	Verify Y1 runtime checkout bytes	2026-09-14T07:10:58.6654244Z     "i/lf    w/lf    attr/text eol=lf      \tsource-data/book-1/exit-ticket/1.1.1-korte-check.json",
validate-platform	Verify Y1 runtime checkout bytes	2026-09-14T07:10:58.6654814Z     "i/lf    w/lf    attr/text eol=lf      \tsource-data/book-1/exit-ticket/1.1.2-exit-ticket.json",
validate-platform	Verify Y1 runtime checkout bytes	2026-09-14T07:10:58.6655383Z     "i/lf    w/lf    attr/text eol=lf      \tsource-data/book-1/exit-ticket/1.1.2-korte-check.json",
validate-platform	Verify Y1 runtime checkout bytes	2026-09-14T07:10:58.6655946Z     "i/lf    w/lf    attr/text eol=lf      \tsource-data/book-1/exit-ticket/1.1.3-exit-ticket.json",
validate-platform	Verify Y1 runtime checkout bytes	2026-09-14T07:10:58.6656512Z     "i/lf    w/lf    attr/text eol=lf      \tsource-data/book-1/exit-ticket/1.1.3-korte-check.json"
validate-platform	Verify Y1 runtime checkout bytes	2026-09-14T07:10:58.6656890Z   ],
validate-platform	Verify Y1 runtime checkout bytes	2026-09-14T07:10:58.6657072Z   "effective_attributes": [
validate-platform	Verify Y1 runtime checkout bytes	2026-09-14T07:10:58.6657494Z     "build-scripts/sprints/check-y1-golden-rollout-wave-1-current.js: text: set",
validate-platform	Verify Y1 runtime checkout bytes	2026-09-14T07:10:58.6658073Z     "build-scripts/sprints/check-y1-golden-rollout-wave-1-current.js: eol: lf",
validate-platform	Verify Y1 runtime checkout bytes	2026-09-14T07:10:58.6658791Z     "build-scripts/sprints/check-y1-golden-rollout-wave-1-current.test.js: text: set",
validate-platform	Verify Y1 runtime checkout bytes	2026-09-14T07:10:58.6659397Z     "build-scripts/sprints/check-y1-golden-rollout-wave-1-current.test.js: eol: lf",
validate-platform	Verify Y1 runtime checkout bytes	2026-09-14T07:10:58.6660020Z     "build-scripts/sprints/write-y1-golden-rollout-wave-1-current-evidence.js: text: set",
validate-platform	Verify Y1 runtime checkout bytes	2026-09-14T07:10:58.6660663Z     "build-scripts/sprints/write-y1-golden-rollout-wave-1-current-evidence.js: eol: lf",
validate-platform	Verify Y1 runtime checkout bytes	2026-09-14T07:10:58.6661221Z     "build-scripts/sprints/inspect-y1-runtime-checkout.js: text: set",
validate-platform	Verify Y1 runtime checkout bytes	2026-09-14T07:10:58.6661691Z     "build-scripts/sprints/inspect-y1-runtime-checkout.js: eol: lf",
validate-platform	Verify Y1 runtime checkout bytes	2026-09-14T07:10:58.6662058Z     "package.json: text: set",
validate-platform	Verify Y1 runtime checkout bytes	2026-09-14T07:10:58.6662298Z     "package.json: eol: lf",
validate-platform	Verify Y1 runtime checkout bytes	2026-09-14T07:10:58.6662583Z     ".github/workflows/platform-ci.yml: text: set",
validate-platform	Verify Y1 runtime checkout bytes	2026-09-14T07:10:58.6662925Z     ".github/workflows/platform-ci.yml: eol: lf",
validate-platform	Verify Y1 runtime checkout bytes	2026-09-14T07:10:58.6663231Z     "package-lock.json: text: set",
validate-platform	Verify Y1 runtime checkout bytes	2026-09-14T07:10:58.6663500Z     "package-lock.json: eol: lf",
validate-platform	Verify Y1 runtime checkout bytes	2026-09-14T07:10:58.6663752Z     ".gitattributes: text: set",
validate-platform	Verify Y1 runtime checkout bytes	2026-09-14T07:10:58.6664003Z     ".gitattributes: eol: lf",
validate-platform	Verify Y1 runtime checkout bytes	2026-09-14T07:10:58.6664349Z     "build-scripts/platform/build-exit-ticket-shells.js: text: set",
validate-platform	Verify Y1 runtime checkout bytes	2026-09-14T07:10:58.6664815Z     "build-scripts/platform/build-exit-ticket-shells.js: eol: lf",
validate-platform	Verify Y1 runtime checkout bytes	2026-09-14T07:10:58.6665260Z     "build-scripts/platform/build-landing-page.js: text: set",
validate-platform	Verify Y1 runtime checkout bytes	2026-09-14T07:10:58.6665668Z     "build-scripts/platform/build-landing-page.js: eol: lf",
validate-platform	Verify Y1 runtime checkout bytes	2026-09-14T07:10:58.6666232Z     "build-scripts/sprints/capture-scale-proof-3p-readiness-product-path-proof-1.js: text: set",
validate-platform	Verify Y1 runtime checkout bytes	2026-09-14T07:10:58.6666958Z     "build-scripts/sprints/capture-scale-proof-3p-readiness-product-path-proof-1.js: eol: lf",
validate-platform	Verify Y1 runtime checkout bytes	2026-09-14T07:10:58.6667647Z     "build-scripts/sprints/capture-y1-golden-rollout-wave-1-rendered-renewal.js: text: set",
validate-platform	Verify Y1 runtime checkout bytes	2026-09-14T07:10:58.6668315Z     "build-scripts/sprints/capture-y1-golden-rollout-wave-1-rendered-renewal.js: eol: lf",
validate-platform	Verify Y1 runtime checkout bytes	2026-09-14T07:10:58.6669000Z     "build-scripts/sprints/check-scale-proof-3p-readiness-product-path-proof-1.js: text: set",
validate-platform	Verify Y1 runtime checkout bytes	2026-09-14T07:10:58.6669680Z     "build-scripts/sprints/check-scale-proof-3p-readiness-product-path-proof-1.js: eol: lf",
validate-platform	Verify Y1 runtime checkout bytes	2026-09-14T07:10:58.6670279Z     "build-scripts/sprints/check-y1-golden-rollout-wave-1.js: text: set",
validate-platform	Verify Y1 runtime checkout bytes	2026-09-14T07:10:58.6670878Z     "build-scripts/sprints/check-y1-golden-rollout-wave-1.js: eol: lf",
validate-platform	Verify Y1 runtime checkout bytes	2026-09-14T07:10:58.6671398Z     "build-scripts/sprints/check-y1-golden-rollout-wave-1.test.js: text: set",
validate-platform	Verify Y1 runtime checkout bytes	2026-09-14T07:10:58.6671937Z     "build-scripts/sprints/check-y1-golden-rollout-wave-1.test.js: eol: lf",
validate-platform	Verify Y1 runtime checkout bytes	2026-09-14T07:10:58.6672365Z     "engines/golden-ticket-graph.js: text: set",
validate-platform	Verify Y1 runtime checkout bytes	2026-09-14T07:10:58.6673033Z     "engines/golden-ticket-graph.js: eol: lf",
validate-platform	Verify Y1 runtime checkout bytes	2026-09-14T07:10:58.6673366Z     "engines/golden-ticket-layout.css: text: set",
validate-platform	Verify Y1 runtime checkout bytes	2026-09-14T07:10:58.6673702Z     "engines/golden-ticket-layout.css: eol: lf",
validate-platform	Verify Y1 runtime checkout bytes	2026-09-14T07:10:58.6674027Z     "engines/golden-ticket-layout.js: text: set",
validate-platform	Verify Y1 runtime checkout bytes	2026-09-14T07:10:58.6674354Z     "engines/golden-ticket-layout.js: eol: lf",
validate-platform	Verify Y1 runtime checkout bytes	2026-09-14T07:10:58.6674765Z     "references/data/exercises/y1-golden-rollout-wave-1.json: text: set",
validate-platform	Verify Y1 runtime checkout bytes	2026-09-14T07:10:58.6675258Z     "references/data/exercises/y1-golden-rollout-wave-1.json: eol: lf",
validate-platform	Verify Y1 runtime checkout bytes	2026-09-14T07:10:58.6675783Z     "references/data/sprints/Y1-GOLDEN-ROLLOUT-WAVE-1.result.json: text: set",
validate-platform	Verify Y1 runtime checkout bytes	2026-09-14T07:10:58.6676312Z     "references/data/sprints/Y1-GOLDEN-ROLLOUT-WAVE-1.result.json: eol: lf",
validate-platform	Verify Y1 runtime checkout bytes	2026-09-14T07:10:58.6676807Z     "references/ui/golden-exercise-checker-fixtures.json: text: set",
validate-platform	Verify Y1 runtime checkout bytes	2026-09-14T07:10:58.6677281Z     "references/ui/golden-exercise-checker-fixtures.json: eol: lf",
validate-platform	Verify Y1 runtime checkout bytes	2026-09-14T07:10:58.6677836Z     "reports/json/scale-proof-3p-readiness-product-path-proof-1-proof.json: text: set",
validate-platform	Verify Y1 runtime checkout bytes	2026-09-14T07:10:58.6678472Z     "reports/json/scale-proof-3p-readiness-product-path-proof-1-proof.json: eol: lf",
validate-platform	Verify Y1 runtime checkout bytes	2026-09-14T07:10:58.6679735Z     "reports/json/y1-golden-rollout-wave-1-proof.json: text: set",
validate-platform	Verify Y1 runtime checkout bytes	2026-09-14T07:10:58.6680188Z     "reports/json/y1-golden-rollout-wave-1-proof.json: eol: lf",
validate-platform	Verify Y1 runtime checkout bytes	2026-09-14T07:10:58.6680701Z     "reports/json/y1-golden-rollout-wave-1-rendered-delta-proof.json: text: set",
validate-platform	Verify Y1 runtime checkout bytes	2026-09-14T07:10:58.6681281Z     "reports/json/y1-golden-rollout-wave-1-rendered-delta-proof.json: eol: lf",
validate-platform	Verify Y1 runtime checkout bytes	2026-09-14T07:10:58.6681858Z     "reports/review-gates/GATE-Y1-GOLDEN-ROLLOUT-WAVE-1/bundle-urls.md: text: set",
validate-platform	Verify Y1 runtime checkout bytes	2026-09-14T07:10:58.6682423Z     "reports/review-gates/GATE-Y1-GOLDEN-ROLLOUT-WAVE-1/bundle-urls.md: eol: lf",
validate-platform	Verify Y1 runtime checkout bytes	2026-09-14T07:10:58.6682998Z     "reports/review-gates/GATE-Y1-GOLDEN-ROLLOUT-WAVE-1/review-packet.json: text: set",
validate-platform	Verify Y1 runtime checkout bytes	2026-09-14T07:10:58.6683590Z     "reports/review-gates/GATE-Y1-GOLDEN-ROLLOUT-WAVE-1/review-packet.json: eol: lf",
validate-platform	Verify Y1 runtime checkout bytes	2026-09-14T07:10:58.6684268Z     "reports/sprints/SCALE-PROOF-3P-READINESS-PRODUCT-PATH-PROOF-1-route-inventory.md: text: set",
validate-platform	Verify Y1 runtime checkout bytes	2026-09-14T07:10:58.6685017Z     "reports/sprints/SCALE-PROOF-3P-READINESS-PRODUCT-PATH-PROOF-1-route-inventory.md: eol: lf",
validate-platform	Verify Y1 runtime checkout bytes	2026-09-14T07:10:58.6685779Z     "reports/sprints/SCALE-PROOF-3P-READINESS-PRODUCT-PATH-PROOF-1-screenshot-manifest.md: text: set",
validate-platform	Verify Y1 runtime checkout bytes	2026-09-14T07:10:58.6686573Z     "reports/sprints/SCALE-PROOF-3P-READINESS-PRODUCT-PATH-PROOF-1-screenshot-manifest.md: eol: lf",
validate-platform	Verify Y1 runtime checkout bytes	2026-09-14T07:10:58.6687592Z     "reports/sprints/SCALE-PROOF-3P-READINESS-PRODUCT-PATH-PROOF-1-screenshots/111-exit-ticket-desktop-light-completed-feedback.png: text: unspecified",
validate-platform	Verify Y1 runtime checkout bytes	2026-09-14T07:10:58.6688800Z     "reports/sprints/SCALE-PROOF-3P-READINESS-PRODUCT-PATH-PROOF-1-screenshots/111-exit-ticket-desktop-light-completed-feedback.png: eol: unspecified",
validate-platform	Verify Y1 runtime checkout bytes	2026-09-14T07:10:58.6689947Z     "reports/sprints/SCALE-PROOF-3P-READINESS-PRODUCT-PATH-PROOF-1-screenshots/111-exit-ticket-desktop-light-initial.png: text: unspecified",
validate-platform	Verify Y1 runtime checkout bytes	2026-09-14T07:10:58.6691041Z     "reports/sprints/SCALE-PROOF-3P-READINESS-PRODUCT-PATH-PROOF-1-screenshots/111-exit-ticket-desktop-light-initial.png: eol: unspecified",
validate-platform	Verify Y1 runtime checkout bytes	2026-09-14T07:10:58.6692189Z     "reports/sprints/SCALE-PROOF-3P-READINESS-PRODUCT-PATH-PROOF-1-screenshots/111-exit-ticket-mobile-dark-completed-feedback.png: text: unspecified",
validate-platform	Verify Y1 runtime checkout bytes	2026-09-14T07:10:58.6693754Z     "reports/sprints/SCALE-PROOF-3P-READINESS-PRODUCT-PATH-PROOF-1-screenshots/111-exit-ticket-mobile-dark-completed-feedback.png: eol: unspecified",
validate-platform	Verify Y1 runtime checkout bytes	2026-09-14T07:10:58.6695028Z     "reports/sprints/SCALE-PROOF-3P-READINESS-PRODUCT-PATH-PROOF-1-screenshots/111-landing-desktop-light-overview.png: text: unspecified",
validate-platform	Verify Y1 runtime checkout bytes	2026-09-14T07:10:58.6696100Z     "reports/sprints/SCALE-PROOF-3P-READINESS-PRODUCT-PATH-PROOF-1-screenshots/111-landing-desktop-light-overview.png: eol: unspecified",
validate-platform	Verify Y1 runtime checkout bytes	2026-09-14T07:10:58.6697158Z     "reports/sprints/SCALE-PROOF-3P-READINESS-PRODUCT-PATH-PROOF-1-screenshots/111-landing-mobile-dark-exit-row.png: text: unspecified",
validate-platform	Verify Y1 runtime checkout bytes	2026-09-14T07:10:58.6698257Z     "reports/sprints/SCALE-PROOF-3P-READINESS-PRODUCT-PATH-PROOF-1-screenshots/111-landing-mobile-dark-exit-row.png: eol: unspecified",
validate-platform	Verify Y1 runtime checkout bytes	2026-09-14T07:10:58.6699414Z     "reports/sprints/SCALE-PROOF-3P-READINESS-PRODUCT-PATH-PROOF-1-screenshots/111-learn-desktop-light-uitleg-vaardigheden.png: text: unspecified",
validate-platform	Verify Y1 runtime checkout bytes	2026-09-14T07:10:58.6700590Z     "reports/sprints/SCALE-PROOF-3P-READINESS-PRODUCT-PATH-PROOF-1-screenshots/111-learn-desktop-light-uitleg-vaardigheden.png: eol: unspecified",
validate-platform	Verify Y1 runtime checkout bytes	2026-09-14T07:10:58.6701743Z     "reports/sprints/SCALE-PROOF-3P-READINESS-PRODUCT-PATH-PROOF-1-screenshots/111-normal-practice-desktop-light-opgaven.png: text: unspecified",
validate-platform	Verify Y1 runtime checkout bytes	2026-09-14T07:10:58.6702883Z     "reports/sprints/SCALE-PROOF-3P-READINESS-PRODUCT-PATH-PROOF-1-screenshots/111-normal-practice-desktop-light-opgaven.png: eol: unspecified",
validate-platform	Verify Y1 runtime checkout bytes	2026-09-14T07:10:58.6704009Z     "reports/sprints/SCALE-PROOF-3P-READINESS-PRODUCT-PATH-PROOF-1-screenshots/111-practice-desktop-light-redeneer-spel.png: text: unspecified",
validate-platform	Verify Y1 runtime checkout bytes	2026-09-14T07:10:58.6705127Z     "reports/sprints/SCALE-PROOF-3P-READINESS-PRODUCT-PATH-PROOF-1-screenshots/111-practice-desktop-light-redeneer-spel.png: eol: unspecified",
validate-platform	Verify Y1 runtime checkout bytes	2026-09-14T07:10:58.6706396Z     "reports/sprints/SCALE-PROOF-3P-READINESS-PRODUCT-PATH-PROOF-1-screenshots/111-short-check-desktop-light-completed-feedback.png: text: unspecified",
validate-platform	Verify Y1 runtime checkout bytes	2026-09-14T07:10:58.6707635Z     "reports/sprints/SCALE-PROOF-3P-READINESS-PRODUCT-PATH-PROOF-1-screenshots/111-short-check-desktop-light-completed-feedback.png: eol: unspecified",
validate-platform	Verify Y1 runtime checkout bytes	2026-09-14T07:10:58.6708757Z     "reports/sprints/SCALE-PROOF-3P-READINESS-PRODUCT-PATH-PROOF-1-screenshots/111-short-check-desktop-light.png: text: unspecified",
validate-platform	Verify Y1 runtime checkout bytes	2026-09-14T07:10:58.6709775Z     "reports/sprints/SCALE-PROOF-3P-READINESS-PRODUCT-PATH-PROOF-1-screenshots/111-short-check-desktop-light.png: eol: unspecified",
validate-platform	Verify Y1 runtime checkout bytes	2026-09-14T07:10:58.6710890Z     "reports/sprints/SCALE-PROOF-3P-READINESS-PRODUCT-PATH-PROOF-1-screenshots/111-skill-map-desktop-light-wiskundevaardigheden.png: text: unspecified",
validate-platform	Verify Y1 runtime checkout bytes	2026-09-14T07:10:58.6712100Z     "reports/sprints/SCALE-PROOF-3P-READINESS-PRODUCT-PATH-PROOF-1-screenshots/111-skill-map-desktop-light-wiskundevaardigheden.png: eol: unspecified",
validate-platform	Verify Y1 runtime checkout bytes	2026-09-14T07:10:58.6713572Z     "reports/sprints/SCALE-PROOF-3P-READINESS-PRODUCT-PATH-PROOF-1-screenshots/111-start-desktop-light-instapquiz.png: text: unspecified",
validate-platform	Verify Y1 runtime checkout bytes	2026-09-14T07:10:58.6714653Z     "reports/sprints/SCALE-PROOF-3P-READINESS-PRODUCT-PATH-PROOF-1-screenshots/111-start-desktop-light-instapquiz.png: eol: unspecified",
validate-platform	Verify Y1 runtime checkout bytes	2026-09-14T07:10:58.6715714Z     "reports/sprints/SCALE-PROOF-3P-READINESS-PRODUCT-PATH-PROOF-1-screenshots/112-a96-correct-response-feedback.png: text: unspecified",
validate-platform	Verify Y1 runtime checkout bytes	2026-09-14T07:10:58.6716769Z     "reports/sprints/SCALE-PROOF-3P-READINESS-PRODUCT-PATH-PROOF-1-screenshots/112-a96-correct-response-feedback.png: eol: unspecified",
validate-platform	Verify Y1 runtime checkout bytes	2026-09-14T07:10:58.6717811Z     "reports/sprints/SCALE-PROOF-3P-READINESS-PRODUCT-PATH-PROOF-1-screenshots/112-a96-missing-notation-feedback.png: text: unspecified",
validate-platform	Verify Y1 runtime checkout bytes	2026-09-14T07:10:58.6718848Z     "reports/sprints/SCALE-PROOF-3P-READINESS-PRODUCT-PATH-PROOF-1-screenshots/112-a96-missing-notation-feedback.png: eol: unspecified",
validate-platform	Verify Y1 runtime checkout bytes	2026-09-14T07:10:58.6719917Z     "reports/sprints/SCALE-PROOF-3P-READINESS-PRODUCT-PATH-PROOF-1-screenshots/112-a96-missing-parts-feedback-list.png: text: unspecified",
validate-platform	Verify Y1 runtime checkout bytes	2026-09-14T07:10:58.6720984Z     "reports/sprints/SCALE-PROOF-3P-READINESS-PRODUCT-PATH-PROOF-1-screenshots/112-a96-missing-parts-feedback-list.png: eol: unspecified",
validate-platform	Verify Y1 runtime checkout bytes	2026-09-14T07:10:58.6722187Z     "reports/sprints/SCALE-PROOF-3P-READINESS-PRODUCT-PATH-PROOF-1-screenshots/112-a96-missing-substitution-feedback.png: text: unspecified",
validate-platform	Verify Y1 runtime checkout bytes	2026-09-14T07:10:58.6723274Z     "reports/sprints/SCALE-PROOF-3P-READINESS-PRODUCT-PATH-PROOF-1-screenshots/112-a96-missing-substitution-feedback.png: eol: unspecified",
validate-platform	Verify Y1 runtime checkout bytes	2026-09-14T07:10:58.6724361Z     "reports/sprints/SCALE-PROOF-3P-READINESS-PRODUCT-PATH-PROOF-1-screenshots/112-a96-partial-wrong-formula-feedback.png: text: unspecified",
validate-platform	Verify Y1 runtime checkout bytes	2026-09-14T07:10:58.6725459Z     "reports/sprints/SCALE-PROOF-3P-READINESS-PRODUCT-PATH-PROOF-1-screenshots/112-a96-partial-wrong-formula-feedback.png: eol: unspecified",
validate-platform	Verify Y1 runtime checkout bytes	2026-09-14T07:10:58.6726523Z     "reports/sprints/SCALE-PROOF-3P-READINESS-PRODUCT-PATH-PROOF-1-screenshots/112-a96-v3-exemplar-comparison.png: text: unspecified",
validate-platform	Verify Y1 runtime checkout bytes	2026-09-14T07:10:58.6727545Z     "reports/sprints/SCALE-PROOF-3P-READINESS-PRODUCT-PATH-PROOF-1-screenshots/112-a96-v3-exemplar-comparison.png: eol: unspecified",
validate-platform	Verify Y1 runtime checkout bytes	2026-09-14T07:10:58.6728579Z     "reports/sprints/SCALE-PROOF-3P-READINESS-PRODUCT-PATH-PROOF-1-screenshots/112-a96-wrong-denominator-feedback.png: text: unspecified",
validate-platform	Verify Y1 runtime checkout bytes	2026-09-14T07:10:58.6729631Z     "reports/sprints/SCALE-PROOF-3P-READINESS-PRODUCT-PATH-PROOF-1-screenshots/112-a96-wrong-denominator-feedback.png: eol: unspecified",
validate-platform	Verify Y1 runtime checkout bytes	2026-09-14T07:10:58.6730704Z     "reports/sprints/SCALE-PROOF-3P-READINESS-PRODUCT-PATH-PROOF-1-screenshots/112-exit-ticket-desktop-dark-initial.png: text: unspecified",
validate-platform	Verify Y1 runtime checkout bytes	2026-09-14T07:10:58.6731791Z     "reports/sprints/SCALE-PROOF-3P-READINESS-PRODUCT-PATH-PROOF-1-screenshots/112-exit-ticket-desktop-dark-initial.png: eol: unspecified",
validate-platform	Verify Y1 runtime checkout bytes	2026-09-14T07:10:58.6733393Z     "reports/sprints/SCALE-PROOF-3P-READINESS-PRODUCT-PATH-PROOF-1-screenshots/112-exit-ticket-desktop-light-completed-feedback.png: text: unspecified",
validate-platform	Verify Y1 runtime checkout bytes	2026-09-14T07:10:58.6734666Z     "reports/sprints/SCALE-PROOF-3P-READINESS-PRODUCT-PATH-PROOF-1-screenshots/112-exit-ticket-desktop-light-completed-feedback.png: eol: unspecified",
validate-platform	Verify Y1 runtime checkout bytes	2026-09-14T07:10:58.6735839Z     "reports/sprints/SCALE-PROOF-3P-READINESS-PRODUCT-PATH-PROOF-1-screenshots/112-exit-ticket-desktop-light-initial.png: text: unspecified",
validate-platform	Verify Y1 runtime checkout bytes	2026-09-14T07:10:58.6736930Z     "reports/sprints/SCALE-PROOF-3P-READINESS-PRODUCT-PATH-PROOF-1-screenshots/112-exit-ticket-desktop-light-initial.png: eol: unspecified",
validate-platform	Verify Y1 runtime checkout bytes	2026-09-14T07:10:58.6738071Z     "reports/sprints/SCALE-PROOF-3P-READINESS-PRODUCT-PATH-PROOF-1-screenshots/112-exit-ticket-mobile-dark-completed-feedback.png: text: unspecified",
validate-platform	Verify Y1 runtime checkout bytes	2026-09-14T07:10:58.6739253Z     "reports/sprints/SCALE-PROOF-3P-READINESS-PRODUCT-PATH-PROOF-1-screenshots/112-exit-ticket-mobile-dark-completed-feedback.png: eol: unspecified",
validate-platform	Verify Y1 runtime checkout bytes	2026-09-14T07:10:58.6740380Z     "reports/sprints/SCALE-PROOF-3P-READINESS-PRODUCT-PATH-PROOF-1-screenshots/112-exit-ticket-mobile-light-initial.png: text: unspecified",
validate-platform	Verify Y1 runtime checkout bytes	2026-09-14T07:10:58.6741469Z     "reports/sprints/SCALE-PROOF-3P-READINESS-PRODUCT-PATH-PROOF-1-screenshots/112-exit-ticket-mobile-light-initial.png: eol: unspecified",
validate-platform	Verify Y1 runtime checkout bytes	2026-09-14T07:10:58.6742547Z     "reports/sprints/SCALE-PROOF-3P-READINESS-PRODUCT-PATH-PROOF-1-screenshots/112-landing-desktop-light-overview.png: text: unspecified",
validate-platform	Verify Y1 runtime checkout bytes	2026-09-14T07:10:58.6743611Z     "reports/sprints/SCALE-PROOF-3P-READINESS-PRODUCT-PATH-PROOF-1-screenshots/112-landing-desktop-light-overview.png: eol: unspecified",
validate-platform	Verify Y1 runtime checkout bytes	2026-09-14T07:10:58.6744659Z     "reports/sprints/SCALE-PROOF-3P-READINESS-PRODUCT-PATH-PROOF-1-screenshots/112-landing-mobile-dark-exit-row.png: text: unspecified",
validate-platform	Verify Y1 runtime checkout bytes	2026-09-14T07:10:58.6745703Z     "reports/sprints/SCALE-PROOF-3P-READINESS-PRODUCT-PATH-PROOF-1-screenshots/112-landing-mobile-dark-exit-row.png: eol: unspecified",
validate-platform	Verify Y1 runtime checkout bytes	2026-09-14T07:10:58.6746808Z     "reports/sprints/SCALE-PROOF-3P-READINESS-PRODUCT-PATH-PROOF-1-screenshots/112-learn-desktop-light-uitleg-vaardigheden.png: text: unspecified",
validate-platform	Verify Y1 runtime checkout bytes	2026-09-14T07:10:58.6747966Z     "reports/sprints/SCALE-PROOF-3P-READINESS-PRODUCT-PATH-PROOF-1-screenshots/112-learn-desktop-light-uitleg-vaardigheden.png: eol: unspecified",
validate-platform	Verify Y1 runtime checkout bytes	2026-09-14T07:10:58.6749240Z     "reports/sprints/SCALE-PROOF-3P-READINESS-PRODUCT-PATH-PROOF-1-screenshots/112-normal-practice-desktop-light-opgaven.png: text: unspecified",
validate-platform	Verify Y1 runtime checkout bytes	2026-09-14T07:10:58.6750372Z     "reports/sprints/SCALE-PROOF-3P-READINESS-PRODUCT-PATH-PROOF-1-screenshots/112-normal-practice-desktop-light-opgaven.png: eol: unspecified",
validate-platform	Verify Y1 runtime checkout bytes	2026-09-14T07:10:58.6751538Z     "reports/sprints/SCALE-PROOF-3P-READINESS-PRODUCT-PATH-PROOF-1-screenshots/112-practice-desktop-light-wiskundevaardigheden.png: text: unspecified",
validate-platform	Verify Y1 runtime checkout bytes	2026-09-14T07:10:58.6752738Z     "reports/sprints/SCALE-PROOF-3P-READINESS-PRODUCT-PATH-PROOF-1-screenshots/112-practice-desktop-light-wiskundevaardigheden.png: eol: unspecified",
validate-platform	Verify Y1 runtime checkout bytes	2026-09-14T07:10:58.6754270Z     "reports/sprints/SCALE-PROOF-3P-READINESS-PRODUCT-PATH-PROOF-1-screenshots/112-short-check-desktop-light-completed-feedback.png: text: unspecified",
validate-platform	Verify Y1 runtime checkout bytes	2026-09-14T07:10:58.6755478Z     "reports/sprints/SCALE-PROOF-3P-READINESS-PRODUCT-PATH-PROOF-1-screenshots/112-short-check-desktop-light-completed-feedback.png: eol: unspecified",
validate-platform	Verify Y1 runtime checkout bytes	2026-09-14T07:10:58.6756584Z     "reports/sprints/SCALE-PROOF-3P-READINESS-PRODUCT-PATH-PROOF-1-screenshots/112-short-check-desktop-light.png: text: unspecified",
validate-platform	Verify Y1 runtime checkout bytes	2026-09-14T07:10:58.6757605Z     "reports/sprints/SCALE-PROOF-3P-READINESS-PRODUCT-PATH-PROOF-1-screenshots/112-short-check-desktop-light.png: eol: unspecified",
validate-platform	Verify Y1 runtime checkout bytes	2026-09-14T07:10:58.6758715Z     "reports/sprints/SCALE-PROOF-3P-READINESS-PRODUCT-PATH-PROOF-1-screenshots/112-skill-map-desktop-light-wiskundevaardigheden.png: text: unspecified",
validate-platform	Verify Y1 runtime checkout bytes	2026-09-14T07:10:58.6760023Z     "reports/sprints/SCALE-PROOF-3P-READINESS-PRODUCT-PATH-PROOF-1-screenshots/112-skill-map-desktop-light-wiskundevaardigheden.png: eol: unspecified",
validate-platform	Verify Y1 runtime checkout bytes	2026-09-14T07:10:58.6761155Z     "reports/sprints/SCALE-PROOF-3P-READINESS-PRODUCT-PATH-PROOF-1-screenshots/112-start-desktop-light-instapquiz.png: text: unspecified",
validate-platform	Verify Y1 runtime checkout bytes	2026-09-14T07:10:58.6762229Z     "reports/sprints/SCALE-PROOF-3P-READINESS-PRODUCT-PATH-PROOF-1-screenshots/112-start-desktop-light-instapquiz.png: eol: unspecified",
validate-platform	Verify Y1 runtime checkout bytes	2026-09-14T07:10:58.6763364Z     "reports/sprints/SCALE-PROOF-3P-READINESS-PRODUCT-PATH-PROOF-1-screenshots/113-exit-ticket-desktop-light-completed-feedback.png: text: unspecified",
validate-platform	Verify Y1 runtime checkout bytes	2026-09-14T07:10:58.6764557Z     "reports/sprints/SCALE-PROOF-3P-READINESS-PRODUCT-PATH-PROOF-1-screenshots/113-exit-ticket-desktop-light-completed-feedback.png: eol: unspecified",
validate-platform	Verify Y1 runtime checkout bytes	2026-09-14T07:10:58.6765703Z     "reports/sprints/SCALE-PROOF-3P-READINESS-PRODUCT-PATH-PROOF-1-screenshots/113-exit-ticket-desktop-light-initial.png: text: unspecified",
validate-platform	Verify Y1 runtime checkout bytes	2026-09-14T07:10:58.6766795Z     "reports/sprints/SCALE-PROOF-3P-READINESS-PRODUCT-PATH-PROOF-1-screenshots/113-exit-ticket-desktop-light-initial.png: eol: unspecified",
validate-platform	Verify Y1 runtime checkout bytes	2026-09-14T07:10:58.6767929Z     "reports/sprints/SCALE-PROOF-3P-READINESS-PRODUCT-PATH-PROOF-1-screenshots/113-exit-ticket-mobile-dark-completed-feedback.png: text: unspecified",
validate-platform	Verify Y1 runtime checkout bytes	2026-09-14T07:10:58.6769116Z     "reports/sprints/SCALE-PROOF-3P-READINESS-PRODUCT-PATH-PROOF-1-screenshots/113-exit-ticket-mobile-dark-completed-feedback.png: eol: unspecified",
validate-platform	Verify Y1 runtime checkout bytes	2026-09-14T07:10:58.6770232Z     "reports/sprints/SCALE-PROOF-3P-READINESS-PRODUCT-PATH-PROOF-1-screenshots/113-landing-desktop-light-overview.png: text: unspecified",
validate-platform	Verify Y1 runtime checkout bytes	2026-09-14T07:10:58.6771294Z     "reports/sprints/SCALE-PROOF-3P-READINESS-PRODUCT-PATH-PROOF-1-screenshots/113-landing-desktop-light-overview.png: eol: unspecified",
validate-platform	Verify Y1 runtime checkout bytes	2026-09-14T07:10:58.6772345Z     "reports/sprints/SCALE-PROOF-3P-READINESS-PRODUCT-PATH-PROOF-1-screenshots/113-landing-mobile-dark-exit-row.png: text: unspecified",
validate-platform	Verify Y1 runtime checkout bytes	2026-09-14T07:10:58.6773394Z     "reports/sprints/SCALE-PROOF-3P-READINESS-PRODUCT-PATH-PROOF-1-screenshots/113-landing-mobile-dark-exit-row.png: eol: unspecified",
validate-platform	Verify Y1 runtime checkout bytes	2026-09-14T07:10:58.6774501Z     "reports/sprints/SCALE-PROOF-3P-READINESS-PRODUCT-PATH-PROOF-1-screenshots/113-learn-desktop-light-uitleg-vaardigheden.png: text: unspecified",
validate-platform	Verify Y1 runtime checkout bytes	2026-09-14T07:10:58.6776264Z     "reports/sprints/SCALE-PROOF-3P-READINESS-PRODUCT-PATH-PROOF-1-screenshots/113-learn-desktop-light-uitleg-vaardigheden.png: eol: unspecified",
validate-platform	Verify Y1 runtime checkout bytes	2026-09-14T07:10:58.6777437Z     "reports/sprints/SCALE-PROOF-3P-READINESS-PRODUCT-PATH-PROOF-1-screenshots/113-normal-practice-desktop-light-opgaven.png: text: unspecified",
validate-platform	Verify Y1 runtime checkout bytes	2026-09-14T07:10:58.6778936Z     "reports/sprints/SCALE-PROOF-3P-READINESS-PRODUCT-PATH-PROOF-1-screenshots/113-normal-practice-desktop-light-opgaven.png: eol: unspecified",
validate-platform	Verify Y1 runtime checkout bytes	2026-09-14T07:10:58.6780094Z     "reports/sprints/SCALE-PROOF-3P-READINESS-PRODUCT-PATH-PROOF-1-screenshots/113-practice-desktop-light-grafiekenspel.png: text: unspecified",
validate-platform	Verify Y1 runtime checkout bytes	2026-09-14T07:10:58.6781221Z     "reports/sprints/SCALE-PROOF-3P-READINESS-PRODUCT-PATH-PROOF-1-screenshots/113-practice-desktop-light-grafiekenspel.png: eol: unspecified",
validate-platform	Verify Y1 runtime checkout bytes	2026-09-14T07:10:58.6782387Z     "reports/sprints/SCALE-PROOF-3P-READINESS-PRODUCT-PATH-PROOF-1-screenshots/113-short-check-desktop-light-completed-feedback.png: text: unspecified",
validate-platform	Verify Y1 runtime checkout bytes	2026-09-14T07:10:58.6783603Z     "reports/sprints/SCALE-PROOF-3P-READINESS-PRODUCT-PATH-PROOF-1-screenshots/113-short-check-desktop-light-completed-feedback.png: eol: unspecified",
validate-platform	Verify Y1 runtime checkout bytes	2026-09-14T07:10:58.6784709Z     "reports/sprints/SCALE-PROOF-3P-READINESS-PRODUCT-PATH-PROOF-1-screenshots/113-short-check-desktop-light.png: text: unspecified",
validate-platform	Verify Y1 runtime checkout bytes	2026-09-14T07:10:58.6785726Z     "reports/sprints/SCALE-PROOF-3P-READINESS-PRODUCT-PATH-PROOF-1-screenshots/113-short-check-desktop-light.png: eol: unspecified",
validate-platform	Verify Y1 runtime checkout bytes	2026-09-14T07:10:58.6786841Z     "reports/sprints/SCALE-PROOF-3P-READINESS-PRODUCT-PATH-PROOF-1-screenshots/113-skill-map-desktop-light-wiskundevaardigheden.png: text: unspecified",
validate-platform	Verify Y1 runtime checkout bytes	2026-09-14T07:10:58.6789083Z     "reports/sprints/SCALE-PROOF-3P-READINESS-PRODUCT-PATH-PROOF-1-screenshots/113-skill-map-desktop-light-wiskundevaardigheden.png: eol: unspecified",
validate-platform	Verify Y1 runtime checkout bytes	2026-09-14T07:10:58.6790318Z     "reports/sprints/SCALE-PROOF-3P-READINESS-PRODUCT-PATH-PROOF-1-screenshots/113-start-desktop-light-instapquiz.png: text: unspecified",
validate-platform	Verify Y1 runtime checkout bytes	2026-09-14T07:10:58.6791410Z     "reports/sprints/SCALE-PROOF-3P-READINESS-PRODUCT-PATH-PROOF-1-screenshots/113-start-desktop-light-instapquiz.png: eol: unspecified",
validate-platform	Verify Y1 runtime checkout bytes	2026-09-14T07:10:58.6792569Z     "reports/sprints/SCALE-PROOF-3P-READINESS-PRODUCT-PATH-PROOF-1-screenshots/114-landing-mobile-dark-exit-row-same-copy-hygiene.png: text: unspecified",
validate-platform	Verify Y1 runtime checkout bytes	2026-09-14T07:10:58.6793785Z     "reports/sprints/SCALE-PROOF-3P-READINESS-PRODUCT-PATH-PROOF-1-screenshots/114-landing-mobile-dark-exit-row-same-copy-hygiene.png: eol: unspecified",
validate-platform	Verify Y1 runtime checkout bytes	2026-09-14T07:10:58.6794792Z     "reports/sprints/SCALE-PROOF-3P-READINESS-PRODUCT-PATH-PROOF-1-screenshots/manifest.json: text: set",
validate-platform	Verify Y1 runtime checkout bytes	2026-09-14T07:10:58.6795588Z     "reports/sprints/SCALE-PROOF-3P-READINESS-PRODUCT-PATH-PROOF-1-screenshots/manifest.json: eol: lf",
validate-platform	Verify Y1 runtime checkout bytes	2026-09-14T07:10:58.6796366Z     "reports/sprints/Y1-GOLDEN-ROLLOUT-WAVE-1-evidence-prerequisite-source-manifest.json: text: set",
validate-platform	Verify Y1 runtime checkout bytes	2026-09-14T07:10:58.6797142Z     "reports/sprints/Y1-GOLDEN-ROLLOUT-WAVE-1-evidence-prerequisite-source-manifest.json: eol: lf",
validate-platform	Verify Y1 runtime checkout bytes	2026-09-14T07:10:58.6797883Z     "reports/sprints/Y1-GOLDEN-ROLLOUT-WAVE-1-evidence-prerequisite-visual-review.md: text: set",
validate-platform	Verify Y1 runtime checkout bytes	2026-09-14T07:10:58.6798609Z     "reports/sprints/Y1-GOLDEN-ROLLOUT-WAVE-1-evidence-prerequisite-visual-review.md: eol: lf",
validate-platform	Verify Y1 runtime checkout bytes	2026-09-14T07:10:58.6799622Z     "reports/sprints/Y1-GOLDEN-ROLLOUT-WAVE-1-evidence-renewal-screenshots/112-normal-practice-desktop-light-opgaven-pixel-diff.png: text: unspecified",
validate-platform	Verify Y1 runtime checkout bytes	2026-09-14T07:10:58.6800822Z     "reports/sprints/Y1-GOLDEN-ROLLOUT-WAVE-1-evidence-renewal-screenshots/112-normal-practice-desktop-light-opgaven-pixel-diff.png: eol: unspecified",
validate-platform	Verify Y1 runtime checkout bytes	2026-09-14T07:10:58.6801968Z     "reports/sprints/Y1-GOLDEN-ROLLOUT-WAVE-1-evidence-renewal-screenshots/112-normal-practice-desktop-light-opgaven.png: text: unspecified",
validate-platform	Verify Y1 runtime checkout bytes	2026-09-14T07:10:58.6803049Z     "reports/sprints/Y1-GOLDEN-ROLLOUT-WAVE-1-evidence-renewal-screenshots/112-normal-practice-desktop-light-opgaven.png: eol: unspecified",
validate-platform	Verify Y1 runtime checkout bytes	2026-09-14T07:10:58.6804109Z     "reports/sprints/Y1-GOLDEN-ROLLOUT-WAVE-1-evidence-renewal-screenshots/comparison.json: text: set",
validate-platform	Verify Y1 runtime checkout bytes	2026-09-14T07:10:58.6804865Z     "reports/sprints/Y1-GOLDEN-ROLLOUT-WAVE-1-evidence-renewal-screenshots/comparison.json: eol: lf",
validate-platform	Verify Y1 runtime checkout bytes	2026-09-14T07:10:58.6805611Z     "reports/sprints/Y1-GOLDEN-ROLLOUT-WAVE-1-evidence-renewal-screenshots/manifest.json: text: set",
validate-platform	Verify Y1 runtime checkout bytes	2026-09-14T07:10:58.6806346Z     "reports/sprints/Y1-GOLDEN-ROLLOUT-WAVE-1-evidence-renewal-screenshots/manifest.json: eol: lf",
validate-platform	Verify Y1 runtime checkout bytes	2026-09-14T07:10:58.6807057Z     "reports/sprints/Y1-GOLDEN-ROLLOUT-WAVE-1-evidence-renewal-visual-review.md: text: set",
validate-platform	Verify Y1 runtime checkout bytes	2026-09-14T07:10:58.6807777Z     "reports/sprints/Y1-GOLDEN-ROLLOUT-WAVE-1-evidence-renewal-visual-review.md: eol: lf",
validate-platform	Verify Y1 runtime checkout bytes	2026-09-14T07:10:58.6808403Z     "reports/sprints/Y1-GOLDEN-ROLLOUT-WAVE-1-rendered-renewal.json: text: set",
validate-platform	Verify Y1 runtime checkout bytes	2026-09-14T07:10:58.6809300Z     "reports/sprints/Y1-GOLDEN-ROLLOUT-WAVE-1-rendered-renewal.json: eol: lf",
validate-platform	Verify Y1 runtime checkout bytes	2026-09-14T07:10:58.6809851Z     "source-data/book-1/exit-ticket/1.1.1-exit-ticket.json: text: set",
validate-platform	Verify Y1 runtime checkout bytes	2026-09-14T07:10:58.6810316Z     "source-data/book-1/exit-ticket/1.1.1-exit-ticket.json: eol: lf",
validate-platform	Verify Y1 runtime checkout bytes	2026-09-14T07:10:58.6810778Z     "source-data/book-1/exit-ticket/1.1.1-korte-check.json: text: set",
validate-platform	Verify Y1 runtime checkout bytes	2026-09-14T07:10:58.6811232Z     "source-data/book-1/exit-ticket/1.1.1-korte-check.json: eol: lf",
validate-platform	Verify Y1 runtime checkout bytes	2026-09-14T07:10:58.6811694Z     "source-data/book-1/exit-ticket/1.1.2-exit-ticket.json: text: set",
validate-platform	Verify Y1 runtime checkout bytes	2026-09-14T07:10:58.6812149Z     "source-data/book-1/exit-ticket/1.1.2-exit-ticket.json: eol: lf",
validate-platform	Verify Y1 runtime checkout bytes	2026-09-14T07:10:58.6812757Z     "source-data/book-1/exit-ticket/1.1.2-korte-check.json: text: set",
validate-platform	Verify Y1 runtime checkout bytes	2026-09-14T07:10:58.6813215Z     "source-data/book-1/exit-ticket/1.1.2-korte-check.json: eol: lf",
validate-platform	Verify Y1 runtime checkout bytes	2026-09-14T07:10:58.6813659Z     "source-data/book-1/exit-ticket/1.1.3-exit-ticket.json: text: set",
validate-platform	Verify Y1 runtime checkout bytes	2026-09-14T07:10:58.6814108Z     "source-data/book-1/exit-ticket/1.1.3-exit-ticket.json: eol: lf",
validate-platform	Verify Y1 runtime checkout bytes	2026-09-14T07:10:58.6814567Z     "source-data/book-1/exit-ticket/1.1.3-korte-check.json: text: set",
validate-platform	Verify Y1 runtime checkout bytes	2026-09-14T07:10:58.6815013Z     "source-data/book-1/exit-ticket/1.1.3-korte-check.json: eol: lf",
validate-platform	Verify Y1 runtime checkout bytes	2026-09-14T07:10:58.6815600Z     "reports/sprints/Y1-GOLDEN-ROLLOUT-WAVE-1-descendant-verifier-certificate.json: text: set",
validate-platform	Verify Y1 runtime checkout bytes	2026-09-14T07:10:58.6816313Z     "reports/sprints/Y1-GOLDEN-ROLLOUT-WAVE-1-descendant-verifier-certificate.json: eol: lf"
validate-platform	Verify Y1 runtime checkout bytes	2026-09-14T07:10:58.6816762Z   ],
validate-platform	Verify Y1 runtime checkout bytes	2026-09-14T07:10:58.6816948Z   "checked_path_count": 90,
validate-platform	Verify Y1 runtime checkout bytes	2026-09-14T07:10:58.6817182Z   "mismatches": []
validate-platform	Verify Y1 runtime checkout bytes	2026-09-14T07:10:58.6817380Z }
validate-platform	Set up Python	﻿2026-09-14T07:10:58.7781377Z ##[group]Run actions/setup-python@v6
validate-platform	Set up Python	2026-09-14T07:10:58.7781730Z with:
validate-platform	Set up Python	2026-09-14T07:10:58.7781914Z   python-version: 3.13
validate-platform	Set up Python	2026-09-14T07:10:58.7782128Z   cache: pip
validate-platform	Set up Python	2026-09-14T07:10:58.7782445Z   cache-dependency-path: 4veco-platform/.github/ci-python-requirements.txt
validate-platform	Set up Python	2026-09-14T07:10:58.7783210Z   check-latest: false
validate-platform	Set up Python	2026-09-14T07:10:58.7785609Z   token: ***
validate-platform	Set up Python	2026-09-14T07:10:58.7785809Z   update-environment: true
validate-platform	Set up Python	2026-09-14T07:10:58.7786034Z   allow-prereleases: false
validate-platform	Set up Python	2026-09-14T07:10:58.7786239Z   freethreaded: false
validate-platform	Set up Python	2026-09-14T07:10:58.7786435Z ##[endgroup]
validate-platform	Set up Python	2026-09-14T07:10:58.9511463Z ##[group]Installed versions
validate-platform	Set up Python	2026-09-14T07:10:58.9615133Z Successfully set up CPython (3.13.15)
validate-platform	Set up Python	2026-09-14T07:10:58.9616107Z ##[endgroup]
validate-platform	Set up Python	2026-09-14T07:11:01.0674660Z Cache hit for: setup-python-Windows-x64-python-3.13.15-pip-edf0f079c5b23f8cb5a1381689657018272f2acbf4f74074b0bfb1cc4b579c03
validate-platform	Set up Python	2026-09-14T07:11:01.5730633Z Received 4855315 of 4855315 (100.0%), 12.5 MBs/sec
validate-platform	Set up Python	2026-09-14T07:11:01.5732422Z Cache Size: ~5 MB (4855315 B)
validate-platform	Set up Python	2026-09-14T07:11:01.5770606Z [command]"C:\Program Files\Git\usr\bin\tar.exe" -xf D:/a/_temp/ccf8c47a-ab1e-4c4c-89f9-723d1413b1e4/cache.tzst -P -C D:/a/4veco-platform/4veco-platform --force-local --use-compress-program "zstd -d"
validate-platform	Set up Python	2026-09-14T07:11:01.6715043Z Cache restored successfully
validate-platform	Set up Python	2026-09-14T07:11:01.6728300Z Cache restored from key: setup-python-Windows-x64-python-3.13.15-pip-edf0f079c5b23f8cb5a1381689657018272f2acbf4f74074b0bfb1cc4b579c03
validate-platform	Write checkout evidence	﻿2026-09-14T07:11:01.7014437Z ##[group]Run New-Item -ItemType Directory -Force -Path ..\ci-artifacts | Out-Null
validate-platform	Write checkout evidence	2026-09-14T07:11:01.7015121Z [36;1mNew-Item -ItemType Directory -Force -Path ..\ci-artifacts | Out-Null[0m
validate-platform	Write checkout evidence	2026-09-14T07:11:01.7015942Z [36;1mnode build-scripts/ci/platform-ci-evidence.js write --output ..\ci-artifacts\platform-ci-evidence.json --platform-path . --lessen-path ..\4veco-lessen[0m
validate-platform	Write checkout evidence	2026-09-14T07:11:01.7017012Z [36;1mnode build-scripts/ci/platform-ci-evidence.js check ..\ci-artifacts\platform-ci-evidence.json --platform-path . --lessen-path ..\4veco-lessen[0m
validate-platform	Write checkout evidence	2026-09-14T07:11:01.7090278Z shell: C:\Program Files\PowerShell\7\pwsh.EXE -command ". '{0}'"
validate-platform	Write checkout evidence	2026-09-14T07:11:01.7090632Z env:
validate-platform	Write checkout evidence	2026-09-14T07:11:01.7090895Z   pythonLocation: C:\hostedtoolcache\windows\Python\3.13.15\x64
validate-platform	Write checkout evidence	2026-09-14T07:11:01.7091360Z   PKG_CONFIG_PATH: C:\hostedtoolcache\windows\Python\3.13.15\x64/lib/pkgconfig
validate-platform	Write checkout evidence	2026-09-14T07:11:01.7091855Z   Python_ROOT_DIR: C:\hostedtoolcache\windows\Python\3.13.15\x64
validate-platform	Write checkout evidence	2026-09-14T07:11:01.7092303Z   Python2_ROOT_DIR: C:\hostedtoolcache\windows\Python\3.13.15\x64
validate-platform	Write checkout evidence	2026-09-14T07:11:01.7092695Z   Python3_ROOT_DIR: C:\hostedtoolcache\windows\Python\3.13.15\x64
validate-platform	Write checkout evidence	2026-09-14T07:11:01.7093011Z ##[endgroup]
validate-platform	Write checkout evidence	2026-09-14T07:11:02.2666310Z OK wrote platform CI evidence: D:\a\4veco-platform\4veco-platform\ci-artifacts\platform-ci-evidence.json platform=2bc4ee84393b8c2bf85734f71bb50288f5cf5122 lessen=0acaaa97443e5c4fee34f7da8a12ccd5db62d762
validate-platform	Write checkout evidence	2026-09-14T07:11:02.3317523Z OK platform CI evidence: workflow=platform-ci platform=2bc4ee84393b8c2bf85734f71bb50288f5cf5122 lessen=0acaaa97443e5c4fee34f7da8a12ccd5db62d762
validate-platform	Install Node dependencies	﻿2026-09-14T07:11:02.4162345Z ##[group]Run npm ci
validate-platform	Install Node dependencies	2026-09-14T07:11:02.4162667Z [36;1mnpm ci[0m
validate-platform	Install Node dependencies	2026-09-14T07:11:02.4235307Z shell: C:\Program Files\PowerShell\7\pwsh.EXE -command ". '{0}'"
validate-platform	Install Node dependencies	2026-09-14T07:11:02.4235673Z env:
validate-platform	Install Node dependencies	2026-09-14T07:11:02.4235942Z   pythonLocation: C:\hostedtoolcache\windows\Python\3.13.15\x64
validate-platform	Install Node dependencies	2026-09-14T07:11:02.4236425Z   PKG_CONFIG_PATH: C:\hostedtoolcache\windows\Python\3.13.15\x64/lib/pkgconfig
validate-platform	Install Node dependencies	2026-09-14T07:11:02.4236882Z   Python_ROOT_DIR: C:\hostedtoolcache\windows\Python\3.13.15\x64
validate-platform	Install Node dependencies	2026-09-14T07:11:02.4237286Z   Python2_ROOT_DIR: C:\hostedtoolcache\windows\Python\3.13.15\x64
validate-platform	Install Node dependencies	2026-09-14T07:11:02.4237680Z   Python3_ROOT_DIR: C:\hostedtoolcache\windows\Python\3.13.15\x64
validate-platform	Install Node dependencies	2026-09-14T07:11:02.4237996Z ##[endgroup]
validate-platform	Install Node dependencies	2026-09-14T07:11:05.5714279Z npm warn deprecated inflight@1.0.6: This module is not supported, and leaks memory. Do not use it. Check out lru-cache if you want a good and tested way to coalesce async requests by a key value, which is much more comprehensive and powerful.
validate-platform	Install Node dependencies	2026-09-14T07:11:05.8122464Z npm warn deprecated whatwg-encoding@2.0.0: Use @exodus/bytes instead for a more spec-conformant and faster implementation
validate-platform	Install Node dependencies	2026-09-14T07:11:05.8530059Z npm warn deprecated glob@7.2.3: Old versions of glob are not supported, and contain widely publicized security vulnerabilities, which have been fixed in the current version. Please update. Support for old versions may be purchased (at exorbitant rates) by contacting i@izs.me
validate-platform	Install Node dependencies	2026-09-14T07:11:05.8848884Z npm warn deprecated abab@2.0.6: Use your platform's native atob() and btoa() methods instead
validate-platform	Install Node dependencies	2026-09-14T07:11:06.0864240Z npm warn deprecated domexception@4.0.0: Use your platform's native DOMException instead
validate-platform	Install Node dependencies	2026-09-14T07:11:07.2633315Z npm warn deprecated glob@10.5.0: Old versions of glob are not supported, and contain widely publicized security vulnerabilities, which have been fixed in the current version. Please update. Support for old versions may be purchased (at exorbitant rates) by contacting i@izs.me
validate-platform	Install Node dependencies	2026-09-14T07:11:09.3051033Z 
validate-platform	Install Node dependencies	2026-09-14T07:11:09.3051786Z added 385 packages, and audited 386 packages in 6s
validate-platform	Install Node dependencies	2026-09-14T07:11:09.3052286Z 
validate-platform	Install Node dependencies	2026-09-14T07:11:09.3052566Z 57 packages are looking for funding
validate-platform	Install Node dependencies	2026-09-14T07:11:09.3053409Z   run `npm fund` for details
validate-platform	Install Node dependencies	2026-09-14T07:11:09.3204917Z 
validate-platform	Install Node dependencies	2026-09-14T07:11:09.3205504Z 10 vulnerabilities (1 low, 2 moderate, 7 high)
validate-platform	Install Node dependencies	2026-09-14T07:11:09.3206114Z 
validate-platform	Install Node dependencies	2026-09-14T07:11:09.3207501Z To address issues that do not require attention, run:
validate-platform	Install Node dependencies	2026-09-14T07:11:09.3208223Z   npm audit fix
validate-platform	Install Node dependencies	2026-09-14T07:11:09.3208587Z 
validate-platform	Install Node dependencies	2026-09-14T07:11:09.3209085Z To address all issues (including breaking changes), run:
validate-platform	Install Node dependencies	2026-09-14T07:11:09.3209786Z   npm audit fix --force
validate-platform	Install Node dependencies	2026-09-14T07:11:09.3210173Z 
validate-platform	Install Node dependencies	2026-09-14T07:11:09.3210504Z Run `npm audit` for details.
validate-platform	Validate exercise workflow currentness	﻿2026-09-14T07:11:09.4906621Z ##[group]Run npm run check:exercise-workflow-currentness
validate-platform	Validate exercise workflow currentness	2026-09-14T07:11:09.4907143Z [36;1mnpm run check:exercise-workflow-currentness[0m
validate-platform	Validate exercise workflow currentness	2026-09-14T07:11:09.4977402Z shell: C:\Program Files\PowerShell\7\pwsh.EXE -command ". '{0}'"
validate-platform	Validate exercise workflow currentness	2026-09-14T07:11:09.4977763Z env:
validate-platform	Validate exercise workflow currentness	2026-09-14T07:11:09.4978038Z   pythonLocation: C:\hostedtoolcache\windows\Python\3.13.15\x64
validate-platform	Validate exercise workflow currentness	2026-09-14T07:11:09.4978532Z   PKG_CONFIG_PATH: C:\hostedtoolcache\windows\Python\3.13.15\x64/lib/pkgconfig
validate-platform	Validate exercise workflow currentness	2026-09-14T07:11:09.4979026Z   Python_ROOT_DIR: C:\hostedtoolcache\windows\Python\3.13.15\x64
validate-platform	Validate exercise workflow currentness	2026-09-14T07:11:09.4979446Z   Python2_ROOT_DIR: C:\hostedtoolcache\windows\Python\3.13.15\x64
validate-platform	Validate exercise workflow currentness	2026-09-14T07:11:09.4979847Z   Python3_ROOT_DIR: C:\hostedtoolcache\windows\Python\3.13.15\x64
validate-platform	Validate exercise workflow currentness	2026-09-14T07:11:09.4980171Z ##[endgroup]
validate-platform	Validate exercise workflow currentness	2026-09-14T07:11:10.1282248Z 
validate-platform	Validate exercise workflow currentness	2026-09-14T07:11:10.1283153Z > 4veco-platform@1.0.0 check:exercise-workflow-currentness
validate-platform	Validate exercise workflow currentness	2026-09-14T07:11:10.1284324Z > node build-scripts/sprints/check-exercise-workflow-checker-cleanup.js
validate-platform	Validate exercise workflow currentness	2026-09-14T07:11:10.1285027Z 
validate-platform	Validate exercise workflow currentness	2026-09-14T07:11:10.5963961Z OK EXERCISE-WORKFLOW-CURRENTNESS stale-path/currentness sweep
validate-platform	Validate Book 2+ Part A exercise authoring contract	﻿2026-09-14T07:11:10.7372773Z ##[group]Run npm run check:part-a-exercise-authoring-contract
validate-platform	Validate Book 2+ Part A exercise authoring contract	2026-09-14T07:11:10.7373339Z [36;1mnpm run check:part-a-exercise-authoring-contract[0m
validate-platform	Validate Book 2+ Part A exercise authoring contract	2026-09-14T07:11:10.7446146Z shell: C:\Program Files\PowerShell\7\pwsh.EXE -command ". '{0}'"
validate-platform	Validate Book 2+ Part A exercise authoring contract	2026-09-14T07:11:10.7446522Z env:
validate-platform	Validate Book 2+ Part A exercise authoring contract	2026-09-14T07:11:10.7446796Z   pythonLocation: C:\hostedtoolcache\windows\Python\3.13.15\x64
validate-platform	Validate Book 2+ Part A exercise authoring contract	2026-09-14T07:11:10.7447258Z   PKG_CONFIG_PATH: C:\hostedtoolcache\windows\Python\3.13.15\x64/lib/pkgconfig
validate-platform	Validate Book 2+ Part A exercise authoring contract	2026-09-14T07:11:10.7447705Z   Python_ROOT_DIR: C:\hostedtoolcache\windows\Python\3.13.15\x64
validate-platform	Validate Book 2+ Part A exercise authoring contract	2026-09-14T07:11:10.7448109Z   Python2_ROOT_DIR: C:\hostedtoolcache\windows\Python\3.13.15\x64
validate-platform	Validate Book 2+ Part A exercise authoring contract	2026-09-14T07:11:10.7448505Z   Python3_ROOT_DIR: C:\hostedtoolcache\windows\Python\3.13.15\x64
validate-platform	Validate Book 2+ Part A exercise authoring contract	2026-09-14T07:11:10.7448820Z ##[endgroup]
validate-platform	Validate Book 2+ Part A exercise authoring contract	2026-09-14T07:11:11.3559870Z 
validate-platform	Validate Book 2+ Part A exercise authoring contract	2026-09-14T07:11:11.3560818Z > 4veco-platform@1.0.0 check:part-a-exercise-authoring-contract
validate-platform	Validate Book 2+ Part A exercise authoring contract	2026-09-14T07:11:11.3562237Z > node build-scripts/workflows/check-part-a-exercise-authoring-contract.js
validate-platform	Validate Book 2+ Part A exercise authoring contract	2026-09-14T07:11:11.3563039Z 
validate-platform	Validate Book 2+ Part A exercise authoring contract	2026-09-14T07:11:11.4505925Z OK Part A exercise authoring contract: 10 platform source surfaces
validate-platform	Validate blueprint pedagogical boundaries	﻿2026-09-14T07:11:11.5957364Z ##[group]Run npm run check:blueprint-pedagogical-boundaries
validate-platform	Validate blueprint pedagogical boundaries	2026-09-14T07:11:11.5958124Z [36;1mnpm run check:blueprint-pedagogical-boundaries[0m
validate-platform	Validate blueprint pedagogical boundaries	2026-09-14T07:11:11.6055356Z shell: C:\Program Files\PowerShell\7\pwsh.EXE -command ". '{0}'"
validate-platform	Validate blueprint pedagogical boundaries	2026-09-14T07:11:11.6055716Z env:
validate-platform	Validate blueprint pedagogical boundaries	2026-09-14T07:11:11.6056001Z   pythonLocation: C:\hostedtoolcache\windows\Python\3.13.15\x64
validate-platform	Validate blueprint pedagogical boundaries	2026-09-14T07:11:11.6056467Z   PKG_CONFIG_PATH: C:\hostedtoolcache\windows\Python\3.13.15\x64/lib/pkgconfig
validate-platform	Validate blueprint pedagogical boundaries	2026-09-14T07:11:11.6056922Z   Python_ROOT_DIR: C:\hostedtoolcache\windows\Python\3.13.15\x64
validate-platform	Validate blueprint pedagogical boundaries	2026-09-14T07:11:11.6057324Z   Python2_ROOT_DIR: C:\hostedtoolcache\windows\Python\3.13.15\x64
validate-platform	Validate blueprint pedagogical boundaries	2026-09-14T07:11:11.6057720Z   Python3_ROOT_DIR: C:\hostedtoolcache\windows\Python\3.13.15\x64
validate-platform	Validate blueprint pedagogical boundaries	2026-09-14T07:11:11.6058033Z ##[endgroup]
validate-platform	Validate blueprint pedagogical boundaries	2026-09-14T07:11:12.2128253Z 
validate-platform	Validate blueprint pedagogical boundaries	2026-09-14T07:11:12.2129260Z > 4veco-platform@1.0.0 check:blueprint-pedagogical-boundaries
validate-platform	Validate blueprint pedagogical boundaries	2026-09-14T07:11:12.2130048Z > node build-scripts/workflows/check-blueprint-pedagogical-boundaries.js
validate-platform	Validate blueprint pedagogical boundaries	2026-09-14T07:11:12.2130527Z 
validate-platform	Validate blueprint pedagogical boundaries	2026-09-14T07:11:12.2866317Z Blueprint pedagogical-boundary contract: PASS
validate-platform	Validate blueprint pedagogical boundaries	2026-09-14T07:11:12.2871513Z - policy: references/owned/course-blueprint-pedagogical-boundaries.md
validate-platform	Validate blueprint pedagogical boundaries	2026-09-14T07:11:12.2872610Z - metadata: references/owned/course-blueprint-v5.meta.json, references/owned/course-blueprint-v6-three-year.meta.json
validate-platform	Validate blueprint pedagogical boundaries	2026-09-14T07:11:12.2873213Z - operational pointers: 4
validate-platform	Validate blueprint pedagogical boundaries	2026-09-14T07:11:12.2873560Z - Book 1 and lesson output are not inspected or mutated
validate-platform	Validate Book 2 outline currentness	﻿2026-09-14T07:11:12.4208560Z ##[group]Run npm run check:book-outline-currentness
validate-platform	Validate Book 2 outline currentness	2026-09-14T07:11:12.4209031Z [36;1mnpm run check:book-outline-currentness[0m
validate-platform	Validate Book 2 outline currentness	2026-09-14T07:11:12.4277568Z shell: C:\Program Files\PowerShell\7\pwsh.EXE -command ". '{0}'"
validate-platform	Validate Book 2 outline currentness	2026-09-14T07:11:12.4277915Z env:
validate-platform	Validate Book 2 outline currentness	2026-09-14T07:11:12.4278183Z   pythonLocation: C:\hostedtoolcache\windows\Python\3.13.15\x64
validate-platform	Validate Book 2 outline currentness	2026-09-14T07:11:12.4278656Z   PKG_CONFIG_PATH: C:\hostedtoolcache\windows\Python\3.13.15\x64/lib/pkgconfig
validate-platform	Validate Book 2 outline currentness	2026-09-14T07:11:12.4279115Z   Python_ROOT_DIR: C:\hostedtoolcache\windows\Python\3.13.15\x64
validate-platform	Validate Book 2 outline currentness	2026-09-14T07:11:12.4279534Z   Python2_ROOT_DIR: C:\hostedtoolcache\windows\Python\3.13.15\x64
validate-platform	Validate Book 2 outline currentness	2026-09-14T07:11:12.4279931Z   Python3_ROOT_DIR: C:\hostedtoolcache\windows\Python\3.13.15\x64
validate-platform	Validate Book 2 outline currentness	2026-09-14T07:11:12.4280250Z ##[endgroup]
validate-platform	Validate Book 2 outline currentness	2026-09-14T07:11:13.0435583Z 
validate-platform	Validate Book 2 outline currentness	2026-09-14T07:11:13.0436371Z > 4veco-platform@1.0.0 check:book-outline-currentness
validate-platform	Validate Book 2 outline currentness	2026-09-14T07:11:13.0437332Z > node build-scripts/workflows/check-book-outline-currentness.js
validate-platform	Validate Book 2 outline currentness	2026-09-14T07:11:13.0437945Z 
validate-platform	Validate Book 2 outline currentness	2026-09-14T07:11:15.0245143Z Book 2 outline currentness: PASS
validate-platform	Validate Book 2 outline currentness	2026-09-14T07:11:15.0250549Z - outline: references/authored/book-outlines/book-2-outline.md
validate-platform	Validate Book 2 outline currentness	2026-09-14T07:11:15.0251162Z - target pins: 12
validate-platform	Validate Book 2 outline currentness	2026-09-14T07:11:15.0251479Z - mode: structural-currentness
validate-platform	Validate Book 2 target authority remediation candidate	﻿2026-09-14T07:11:15.1662048Z ##[group]Run npm run check:book2-target-authority-remediation
validate-platform	Validate Book 2 target authority remediation candidate	2026-09-14T07:11:15.1662948Z [36;1mnpm run check:book2-target-authority-remediation[0m
validate-platform	Validate Book 2 target authority remediation candidate	2026-09-14T07:11:15.1732335Z shell: C:\Program Files\PowerShell\7\pwsh.EXE -command ". '{0}'"
validate-platform	Validate Book 2 target authority remediation candidate	2026-09-14T07:11:15.1732704Z env:
validate-platform	Validate Book 2 target authority remediation candidate	2026-09-14T07:11:15.1732981Z   pythonLocation: C:\hostedtoolcache\windows\Python\3.13.15\x64
validate-platform	Validate Book 2 target authority remediation candidate	2026-09-14T07:11:15.1733453Z   PKG_CONFIG_PATH: C:\hostedtoolcache\windows\Python\3.13.15\x64/lib/pkgconfig
validate-platform	Validate Book 2 target authority remediation candidate	2026-09-14T07:11:15.1733922Z   Python_ROOT_DIR: C:\hostedtoolcache\windows\Python\3.13.15\x64
validate-platform	Validate Book 2 target authority remediation candidate	2026-09-14T07:11:15.1734352Z   Python2_ROOT_DIR: C:\hostedtoolcache\windows\Python\3.13.15\x64
validate-platform	Validate Book 2 target authority remediation candidate	2026-09-14T07:11:15.1734786Z   Python3_ROOT_DIR: C:\hostedtoolcache\windows\Python\3.13.15\x64
validate-platform	Validate Book 2 target authority remediation candidate	2026-09-14T07:11:15.1735116Z ##[endgroup]
validate-platform	Validate Book 2 target authority remediation candidate	2026-09-14T07:11:15.7704950Z 
validate-platform	Validate Book 2 target authority remediation candidate	2026-09-14T07:11:15.7705808Z > 4veco-platform@1.0.0 check:book2-target-authority-remediation
validate-platform	Validate Book 2 target authority remediation candidate	2026-09-14T07:11:15.7707623Z > node build-scripts/workflows/check-book2-target-authority-remediation.js --durable && node build-scripts/workflows/check-book2-candidate-approval-block.js
validate-platform	Validate Book 2 target authority remediation candidate	2026-09-14T07:11:15.7708894Z 
validate-platform	Validate Book 2 target authority remediation candidate	2026-09-14T07:11:16.4738167Z Book 2 target authority remediation: PASS
validate-platform	Validate Book 2 target authority remediation candidate	2026-09-14T07:11:16.4743387Z - mode: durable frozen-package and lifecycle invariant
validate-platform	Validate Book 2 target authority remediation candidate	2026-09-14T07:11:16.4744130Z - exact candidate records: 12
validate-platform	Validate Book 2 target authority remediation candidate	2026-09-14T07:11:16.4744605Z - goal/question alignment and workload budgets: complete
validate-platform	Validate Book 2 target authority remediation candidate	2026-09-14T07:11:16.4745240Z - unrelated-record scope checks: delegated to the PR-scoped sprint guard
validate-platform	Validate Book 2 target authority remediation candidate	2026-09-14T07:11:17.2715519Z Book 2 candidate approval block: PASS
validate-platform	Validate Book 2 target authority remediation candidate	2026-09-14T07:11:17.2721014Z - retired after fully evidenced Issue #229 target integration
validate-platform	Validate exercise authority hygiene	﻿2026-09-14T07:11:17.4127959Z ##[group]Run npm run check:exercise-authority-hygiene
validate-platform	Validate exercise authority hygiene	2026-09-14T07:11:17.4128435Z [36;1mnpm run check:exercise-authority-hygiene[0m
validate-platform	Validate exercise authority hygiene	2026-09-14T07:11:17.4198977Z shell: C:\Program Files\PowerShell\7\pwsh.EXE -command ". '{0}'"
validate-platform	Validate exercise authority hygiene	2026-09-14T07:11:17.4199340Z env:
validate-platform	Validate exercise authority hygiene	2026-09-14T07:11:17.4199617Z   pythonLocation: C:\hostedtoolcache\windows\Python\3.13.15\x64
validate-platform	Validate exercise authority hygiene	2026-09-14T07:11:17.4200105Z   PKG_CONFIG_PATH: C:\hostedtoolcache\windows\Python\3.13.15\x64/lib/pkgconfig
validate-platform	Validate exercise authority hygiene	2026-09-14T07:11:17.4200574Z   Python_ROOT_DIR: C:\hostedtoolcache\windows\Python\3.13.15\x64
validate-platform	Validate exercise authority hygiene	2026-09-14T07:11:17.4201170Z   Python2_ROOT_DIR: C:\hostedtoolcache\windows\Python\3.13.15\x64
validate-platform	Validate exercise authority hygiene	2026-09-14T07:11:17.4201564Z   Python3_ROOT_DIR: C:\hostedtoolcache\windows\Python\3.13.15\x64
validate-platform	Validate exercise authority hygiene	2026-09-14T07:11:17.4201876Z ##[endgroup]
validate-platform	Validate exercise authority hygiene	2026-09-14T07:11:18.0294435Z 
validate-platform	Validate exercise authority hygiene	2026-09-14T07:11:18.0295086Z > 4veco-platform@1.0.0 check:exercise-authority-hygiene
validate-platform	Validate exercise authority hygiene	2026-09-14T07:11:18.0295851Z > node build-scripts/sprints/check-exercise-authority-hygiene.js
validate-platform	Validate exercise authority hygiene	2026-09-14T07:11:18.0296278Z 
validate-platform	Validate exercise authority hygiene	2026-09-14T07:11:18.2658224Z OK EXERCISE-AUTHORITY-HYGIENE manifest/checker proof
validate-platform	Install Python support dependencies	﻿2026-09-14T07:11:18.4107992Z ##[group]Run python -m pip install --upgrade pip
validate-platform	Install Python support dependencies	2026-09-14T07:11:18.4108545Z [36;1mpython -m pip install --upgrade pip[0m
validate-platform	Install Python support dependencies	2026-09-14T07:11:18.4108948Z [36;1mpython -m pip install -r .github/ci-python-requirements.txt[0m
validate-platform	Install Python support dependencies	2026-09-14T07:11:18.4182831Z shell: C:\Program Files\PowerShell\7\pwsh.EXE -command ". '{0}'"
validate-platform	Install Python support dependencies	2026-09-14T07:11:18.4183201Z env:
validate-platform	Install Python support dependencies	2026-09-14T07:11:18.4183477Z   pythonLocation: C:\hostedtoolcache\windows\Python\3.13.15\x64
validate-platform	Install Python support dependencies	2026-09-14T07:11:18.4183970Z   PKG_CONFIG_PATH: C:\hostedtoolcache\windows\Python\3.13.15\x64/lib/pkgconfig
validate-platform	Install Python support dependencies	2026-09-14T07:11:18.4184451Z   Python_ROOT_DIR: C:\hostedtoolcache\windows\Python\3.13.15\x64
validate-platform	Install Python support dependencies	2026-09-14T07:11:18.4185091Z   Python2_ROOT_DIR: C:\hostedtoolcache\windows\Python\3.13.15\x64
validate-platform	Install Python support dependencies	2026-09-14T07:11:18.4185520Z   Python3_ROOT_DIR: C:\hostedtoolcache\windows\Python\3.13.15\x64
validate-platform	Install Python support dependencies	2026-09-14T07:11:18.4185840Z ##[endgroup]
validate-platform	Install Python support dependencies	2026-09-14T07:11:20.5245664Z Requirement already satisfied: pip in C:\hostedtoolcache\windows\Python\3.13.15\x64\Lib\site-packages (26.2.1)
validate-platform	Install Python support dependencies	2026-09-14T07:11:22.4957820Z Collecting python-docx (from -r .github/ci-python-requirements.txt (line 1))
validate-platform	Install Python support dependencies	2026-09-14T07:11:22.4986724Z   Using cached python_docx-1.2.0-py3-none-any.whl.metadata (2.0 kB)
validate-platform	Install Python support dependencies	2026-09-14T07:11:22.8773460Z Collecting lxml>=3.1.0 (from python-docx->-r .github/ci-python-requirements.txt (line 1))
validate-platform	Install Python support dependencies	2026-09-14T07:11:23.1030623Z   Downloading lxml-6.1.3-cp313-cp313-win_amd64.whl.metadata (3.4 kB)
validate-platform	Install Python support dependencies	2026-09-14T07:11:23.1543660Z Collecting typing_extensions>=4.9.0 (from python-docx->-r .github/ci-python-requirements.txt (line 1))
validate-platform	Install Python support dependencies	2026-09-14T07:11:23.1563867Z   Using cached typing_extensions-4.16.0-py3-none-any.whl.metadata (3.3 kB)
validate-platform	Install Python support dependencies	2026-09-14T07:11:23.1621631Z Using cached python_docx-1.2.0-py3-none-any.whl (252 kB)
validate-platform	Install Python support dependencies	2026-09-14T07:11:23.1660957Z Downloading lxml-6.1.3-cp313-cp313-win_amd64.whl (4.0 MB)
validate-platform	Install Python support dependencies	2026-09-14T07:11:23.5347509Z    ---------------------------------------- 4.0/4.0 MB 18.2 MB/s  0:00:00
validate-platform	Install Python support dependencies	2026-09-14T07:11:23.5391568Z Using cached typing_extensions-4.16.0-py3-none-any.whl (45 kB)
validate-platform	Install Python support dependencies	2026-09-14T07:11:23.6168878Z Installing collected packages: typing_extensions, lxml, python-docx
validate-platform	Install Python support dependencies	2026-09-14T07:11:24.3354044Z 
validate-platform	Install Python support dependencies	2026-09-14T07:11:24.3368003Z Successfully installed lxml-6.1.3 python-docx-1.2.0 typing_extensions-4.16.0
validate-platform	Install presentation proof tools	﻿2026-09-14T07:11:24.5056920Z ##[group]Run function Invoke-WithRetry {
validate-platform	Install presentation proof tools	2026-09-14T07:11:24.5057377Z [36;1mfunction Invoke-WithRetry {[0m
validate-platform	Install presentation proof tools	2026-09-14T07:11:24.5057640Z [36;1m  param([0m
validate-platform	Install presentation proof tools	2026-09-14T07:11:24.5057963Z [36;1m    [Parameter(Mandatory = $true)][scriptblock]$ScriptBlock,[0m
validate-platform	Install presentation proof tools	2026-09-14T07:11:24.5058363Z [36;1m    [Parameter(Mandatory = $true)][string]$Label,[0m
validate-platform	Install presentation proof tools	2026-09-14T07:11:24.5058666Z [36;1m    [int]$Attempts = 3[0m
validate-platform	Install presentation proof tools	2026-09-14T07:11:24.5058897Z [36;1m  )[0m
validate-platform	Install presentation proof tools	2026-09-14T07:11:24.5059168Z [36;1m  for ($attempt = 1; $attempt -le $Attempts; $attempt += 1) {[0m
validate-platform	Install presentation proof tools	2026-09-14T07:11:24.5059514Z [36;1m    try {[0m
validate-platform	Install presentation proof tools	2026-09-14T07:11:24.5059718Z [36;1m      return & $ScriptBlock[0m
validate-platform	Install presentation proof tools	2026-09-14T07:11:24.5059969Z [36;1m    } catch {[0m
validate-platform	Install presentation proof tools	2026-09-14T07:11:24.5060418Z [36;1m      if ($attempt -eq $Attempts) { throw "$Label failed after $Attempts attempts: $($_.Exception.Message)" }[0m
validate-platform	Install presentation proof tools	2026-09-14T07:11:24.5061079Z [36;1m      Write-Warning "$Label failed on attempt $attempt/${Attempts}: $($_.Exception.Message)"[0m
validate-platform	Install presentation proof tools	2026-09-14T07:11:24.5061580Z [36;1m      Start-Sleep -Seconds (10 * $attempt)[0m
validate-platform	Install presentation proof tools	2026-09-14T07:11:24.5061855Z [36;1m    }[0m
validate-platform	Install presentation proof tools	2026-09-14T07:11:24.5062229Z [36;1m  }[0m
validate-platform	Install presentation proof tools	2026-09-14T07:11:24.5062397Z [36;1m}[0m
validate-platform	Install presentation proof tools	2026-09-14T07:11:24.5062688Z [36;1mInvoke-WithRetry -Label "LibreOffice install" -ScriptBlock {[0m
validate-platform	Install presentation proof tools	2026-09-14T07:11:24.5063122Z [36;1m  choco install libreoffice-fresh -y --no-progress[0m
validate-platform	Install presentation proof tools	2026-09-14T07:11:24.5063543Z [36;1m  if ($LASTEXITCODE -ne 0) { throw "choco exited with $LASTEXITCODE" }[0m
validate-platform	Install presentation proof tools	2026-09-14T07:11:24.5063899Z [36;1m}[0m
validate-platform	Install presentation proof tools	2026-09-14T07:11:24.5064143Z [36;1m$popplerRoot = Join-Path $env:RUNNER_TEMP "poppler"[0m
validate-platform	Install presentation proof tools	2026-09-14T07:11:24.5065044Z [36;1mNew-Item -ItemType Directory -Force -Path $popplerRoot | Out-Null[0m
validate-platform	Install presentation proof tools	2026-09-14T07:11:24.5065437Z [36;1m$headers = @{[0m
validate-platform	Install presentation proof tools	2026-09-14T07:11:24.5065670Z [36;1m  "User-Agent" = "4veco-platform-ci"[0m
validate-platform	Install presentation proof tools	2026-09-14T07:11:24.5065989Z [36;1m  "Accept" = "application/vnd.github+json"[0m
validate-platform	Install presentation proof tools	2026-09-14T07:11:24.5066297Z [36;1m  "X-GitHub-Api-Version" = "2022-11-28"[0m
validate-platform	Install presentation proof tools	2026-09-14T07:11:24.5066566Z [36;1m}[0m
validate-platform	Install presentation proof tools	2026-09-14T07:11:24.5066741Z [36;1mif ($env:GITHUB_TOKEN) {[0m
validate-platform	Install presentation proof tools	2026-09-14T07:11:24.5067197Z [36;1m  $headers["Authorization"] = "***"[0m
validate-platform	Install presentation proof tools	2026-09-14T07:11:24.5067469Z [36;1m}[0m
validate-platform	Install presentation proof tools	2026-09-14T07:11:24.5067794Z [36;1m$release = Invoke-WithRetry -Label "Poppler release lookup" -ScriptBlock {[0m
validate-platform	Install presentation proof tools	2026-09-14T07:11:24.5068520Z [36;1m  Invoke-RestMethod -Headers $headers -Uri "https://api.github.com/repos/oschwartz10612/poppler-windows/releases/latest"[0m
validate-platform	Install presentation proof tools	2026-09-14T07:11:24.5069069Z [36;1m}[0m
validate-platform	Install presentation proof tools	2026-09-14T07:11:24.5069469Z [36;1m$asset = $release.assets | Where-Object { $_.name -match "^Release-.*\.zip$" } | Select-Object -First 1[0m
validate-platform	Install presentation proof tools	2026-09-14T07:11:24.5070041Z [36;1mif (-not $asset) { throw "No Poppler Windows release zip found" }[0m
validate-platform	Install presentation proof tools	2026-09-14T07:11:24.5070471Z [36;1m$popplerZip = Join-Path $env:RUNNER_TEMP $asset.name[0m
validate-platform	Install presentation proof tools	2026-09-14T07:11:24.5070882Z [36;1mInvoke-WithRetry -Label "Poppler download" -ScriptBlock {[0m
validate-platform	Install presentation proof tools	2026-09-14T07:11:24.5071371Z [36;1m  Invoke-WebRequest -Uri $asset.browser_download_url -OutFile $popplerZip[0m
validate-platform	Install presentation proof tools	2026-09-14T07:11:24.5071747Z [36;1m}[0m
validate-platform	Install presentation proof tools	2026-09-14T07:11:24.5072082Z [36;1mExpand-Archive -LiteralPath $popplerZip -DestinationPath $popplerRoot -Force[0m
validate-platform	Install presentation proof tools	2026-09-14T07:11:24.5072579Z [36;1m$soffice = "C:\Program Files\LibreOffice\program\soffice.exe"[0m
validate-platform	Install presentation proof tools	2026-09-14T07:11:24.5072960Z [36;1mif (-not (Test-Path -LiteralPath $soffice)) {[0m
validate-platform	Install presentation proof tools	2026-09-14T07:11:24.5073629Z [36;1m  $soffice = (Get-ChildItem -Path "C:\Program Files" -Filter soffice.exe -Recurse -ErrorAction SilentlyContinue | Select-Object -First 1).FullName[0m
validate-platform	Install presentation proof tools	2026-09-14T07:11:24.5074242Z [36;1m}[0m
validate-platform	Install presentation proof tools	2026-09-14T07:11:24.5074798Z [36;1m$pdftoppm = (Get-ChildItem -Path $popplerRoot -Filter pdftoppm.exe -Recurse -File -ErrorAction SilentlyContinue | Select-Object -First 1).FullName[0m
validate-platform	Install presentation proof tools	2026-09-14T07:11:24.5075440Z [36;1mif (-not $pdftoppm) {[0m
validate-platform	Install presentation proof tools	2026-09-14T07:11:24.5075800Z [36;1m  $pdftoppm = (Get-Command pdftoppm -ErrorAction SilentlyContinue).Source[0m
validate-platform	Install presentation proof tools	2026-09-14T07:11:24.5077708Z [36;1m}[0m
validate-platform	Install presentation proof tools	2026-09-14T07:11:24.5078040Z [36;1mif (-not $soffice) { throw "soffice.exe not found after LibreOffice install" }[0m
validate-platform	Install presentation proof tools	2026-09-14T07:11:24.5078587Z [36;1mif (-not $pdftoppm) { throw "pdftoppm.exe not found after Poppler install" }[0m
validate-platform	Install presentation proof tools	2026-09-14T07:11:24.5079141Z [36;1m"SOFFICE_PATH=$soffice" | Out-File -FilePath $env:GITHUB_ENV -Append -Encoding utf8[0m
validate-platform	Install presentation proof tools	2026-09-14T07:11:24.5079723Z [36;1m"PDFTOPPM_PATH=$pdftoppm" | Out-File -FilePath $env:GITHUB_ENV -Append -Encoding utf8[0m
validate-platform	Install presentation proof tools	2026-09-14T07:11:24.5080334Z [36;1m(Split-Path -Parent $soffice) | Out-File -FilePath $env:GITHUB_PATH -Append -Encoding utf8[0m
validate-platform	Install presentation proof tools	2026-09-14T07:11:24.5080972Z [36;1m(Split-Path -Parent $pdftoppm) | Out-File -FilePath $env:GITHUB_PATH -Append -Encoding utf8[0m
validate-platform	Install presentation proof tools	2026-09-14T07:11:24.5153219Z shell: C:\Program Files\PowerShell\7\pwsh.EXE -command ". '{0}'"
validate-platform	Install presentation proof tools	2026-09-14T07:11:24.5153570Z env:
validate-platform	Install presentation proof tools	2026-09-14T07:11:24.5153845Z   pythonLocation: C:\hostedtoolcache\windows\Python\3.13.15\x64
validate-platform	Install presentation proof tools	2026-09-14T07:11:24.5154324Z   PKG_CONFIG_PATH: C:\hostedtoolcache\windows\Python\3.13.15\x64/lib/pkgconfig
validate-platform	Install presentation proof tools	2026-09-14T07:11:24.5154936Z   Python_ROOT_DIR: C:\hostedtoolcache\windows\Python\3.13.15\x64
validate-platform	Install presentation proof tools	2026-09-14T07:11:24.5155345Z   Python2_ROOT_DIR: C:\hostedtoolcache\windows\Python\3.13.15\x64
validate-platform	Install presentation proof tools	2026-09-14T07:11:24.5155741Z   Python3_ROOT_DIR: C:\hostedtoolcache\windows\Python\3.13.15\x64
validate-platform	Install presentation proof tools	2026-09-14T07:11:24.5158216Z   GITHUB_TOKEN: ***
validate-platform	Install presentation proof tools	2026-09-14T07:11:24.5158431Z ##[endgroup]
validate-platform	Install presentation proof tools	2026-09-14T07:11:27.0464377Z Chocolatey v2.7.4
validate-platform	Install presentation proof tools	2026-09-14T07:11:27.2679966Z Installing the following packages:
validate-platform	Install presentation proof tools	2026-09-14T07:11:27.2684854Z libreoffice-fresh
validate-platform	Install presentation proof tools	2026-09-14T07:11:27.2688472Z By installing, you accept licenses for the packages.
validate-platform	Install presentation proof tools	2026-09-14T07:11:30.4417058Z Downloading package from source 'https://community.chocolatey.org/api/v2/'
validate-platform	Install presentation proof tools	2026-09-14T07:11:30.7897278Z 
validate-platform	Install presentation proof tools	2026-09-14T07:11:30.7897933Z libreoffice-fresh v26.2.3 [Approved]
validate-platform	Install presentation proof tools	2026-09-14T07:11:30.8105533Z libreoffice-fresh package files install completed. Performing other installation steps.
validate-platform	Install presentation proof tools	2026-09-14T07:11:37.9375154Z Downloading libreoffice-fresh 64 bit
validate-platform	Install presentation proof tools	2026-09-14T07:11:37.9376201Z   from 'https://downloadarchive.documentfoundation.org/libreoffice/old/26.2.3.2/win/x86_64/LibreOffice_26.2.3.2_Win_x86-64.msi'
validate-platform	Install presentation proof tools	2026-09-14T07:11:52.6526250Z 
validate-platform	Install presentation proof tools	2026-09-14T07:11:52.6536161Z Download of LibreOffice_26.2.3.2_Win_x86-64.msi (355.34 MB) completed.
validate-platform	Install presentation proof tools	2026-09-14T07:11:57.9977869Z Hashes match.
validate-platform	Install presentation proof tools	2026-09-14T07:11:58.0383373Z Installing libreoffice-fresh...
validate-platform	Install presentation proof tools	2026-09-14T07:13:05.5433070Z libreoffice-fresh has been installed.
validate-platform	Install presentation proof tools	2026-09-14T07:13:05.6970029Z   libreoffice-fresh may be able to be automatically uninstalled.
validate-platform	Install presentation proof tools	2026-09-14T07:13:06.1107663Z  The install of libreoffice-fresh was successful.
validate-platform	Install presentation proof tools	2026-09-14T07:13:06.1110702Z   Deployed to 'C:\Program Files\LibreOffice\'
validate-platform	Install presentation proof tools	2026-09-14T07:13:06.1296858Z 
validate-platform	Install presentation proof tools	2026-09-14T07:13:06.1297394Z Chocolatey installed 1/1 packages. 
validate-platform	Install presentation proof tools	2026-09-14T07:13:06.1298058Z  See the log for details (C:\ProgramData\chocolatey\logs\chocolatey.log).
validate-platform	Validate platform Jest suite	﻿2026-09-14T07:13:10.0989674Z ##[group]Run npm run check:platform -- --json --outputFile ../ci-artifacts/jest-results.json
validate-platform	Validate platform Jest suite	2026-09-14T07:13:10.0990434Z [36;1mnpm run check:platform -- --json --outputFile ../ci-artifacts/jest-results.json[0m
validate-platform	Validate platform Jest suite	2026-09-14T07:13:10.1065313Z shell: C:\Program Files\PowerShell\7\pwsh.EXE -command ". '{0}'"
validate-platform	Validate platform Jest suite	2026-09-14T07:13:10.1065682Z env:
validate-platform	Validate platform Jest suite	2026-09-14T07:13:10.1065949Z   pythonLocation: C:\hostedtoolcache\windows\Python\3.13.15\x64
validate-platform	Validate platform Jest suite	2026-09-14T07:13:10.1066402Z   PKG_CONFIG_PATH: C:\hostedtoolcache\windows\Python\3.13.15\x64/lib/pkgconfig
validate-platform	Validate platform Jest suite	2026-09-14T07:13:10.1066854Z   Python_ROOT_DIR: C:\hostedtoolcache\windows\Python\3.13.15\x64
validate-platform	Validate platform Jest suite	2026-09-14T07:13:10.1067252Z   Python2_ROOT_DIR: C:\hostedtoolcache\windows\Python\3.13.15\x64
validate-platform	Validate platform Jest suite	2026-09-14T07:13:10.1067658Z   Python3_ROOT_DIR: C:\hostedtoolcache\windows\Python\3.13.15\x64
validate-platform	Validate platform Jest suite	2026-09-14T07:13:10.1068063Z   SOFFICE_PATH: C:\Program Files\LibreOffice\program\soffice.exe
validate-platform	Validate platform Jest suite	2026-09-14T07:13:10.1068500Z   PDFTOPPM_PATH: D:\a\_temp\poppler\poppler-26.07.0\Library\bin\pdftoppm.exe
validate-platform	Validate platform Jest suite	2026-09-14T07:13:10.1068899Z ##[endgroup]
validate-platform	Validate platform Jest suite	2026-09-14T07:13:10.8378378Z 
validate-platform	Validate platform Jest suite	2026-09-14T07:13:10.8379156Z > 4veco-platform@1.0.0 check:platform
validate-platform	Validate platform Jest suite	2026-09-14T07:13:10.8382662Z > jest --json --outputFile ../ci-artifacts/jest-results.json
validate-platform	Validate platform Jest suite	2026-09-14T07:13:10.8383155Z 
validate-platform	Validate platform Jest suite	2026-09-14T07:13:15.5710465Z PASS engines/tests/task-shell-engine.test.js
validate-platform	Validate platform Jest suite	2026-09-14T07:13:17.1517520Z PASS build-scripts/review-gates/pr-readiness-router.test.js
validate-platform	Validate platform Jest suite	2026-09-14T07:13:18.1127330Z PASS engines/tests/task-shell-ui.test.js
validate-platform	Validate platform Jest suite	2026-09-14T07:13:18.9260351Z PASS engines/tests/exit-ticket-ui.test.js
validate-platform	Validate platform Jest suite	2026-09-14T07:13:19.7123891Z PASS engines/tests/skilltree-engine.test.js
validate-platform	Validate platform Jest suite	2026-09-14T07:13:24.4268548Z PASS build-scripts/review-gates/integrate-authorized-bundle.test.js (11.64 s)
validate-platform	Validate platform Jest suite	2026-09-14T07:13:49.1947437Z PASS build-scripts/workflows/check-book-outline-currentness.test.js (24.757 s)
validate-platform	Validate platform Jest suite	2026-09-14T07:13:49.5879539Z PASS engines/tests/reasoning-engine.test.js
validate-platform	Validate platform Jest suite	2026-09-14T07:13:50.0572968Z PASS build-scripts/review-gates/integrate-authorized-pr.test.js (30.334 s)
validate-platform	Validate platform Jest suite	2026-09-14T07:13:59.8850315Z PASS build-scripts/workflows/check-book2-target-authority-remediation.test.js (10.286 s)
validate-platform	Validate platform Jest suite	2026-09-14T07:14:00.8598831Z PASS scripts/tests/build-landing-page.test.js
validate-platform	Validate platform Jest suite	2026-09-14T07:14:01.2233637Z PASS engines/tests/micro-teaching-units.test.js
validate-platform	Validate platform Jest suite	2026-09-14T07:14:01.2617289Z   ● Console
validate-platform	Validate platform Jest suite	2026-09-14T07:14:01.2618967Z 
validate-platform	Validate platform Jest suite	2026-09-14T07:14:01.2619420Z     console.warn
validate-platform	Validate platform Jest suite	2026-09-14T07:14:01.2620420Z       [warn] D01: mastery_target=apply has no procedure (tracked in procedure-coverage)
validate-platform	Validate platform Jest suite	2026-09-14T07:14:01.2621908Z 
validate-platform	Validate platform Jest suite	2026-09-14T07:14:01.2624066Z     [0m [90m 170 |[39m         [90m// which apply+ units still need one; a CI threshold there is the[39m
validate-platform	Validate platform Jest suite	2026-09-14T07:14:01.2625674Z      [90m 171 |[39m         [90m// right place to escalate, not a hard validator fail.[39m
validate-platform	Validate platform Jest suite	2026-09-14T07:14:01.2627811Z     [31m[1m>[22m[39m[90m 172 |[39m         console[33m.[39mwarn([32m`[warn] ${u.id}: mastery_target=${u.mastery_target} has no procedure (tracked in procedure-coverage)`[39m)[33m;[39m
validate-platform	Validate platform Jest suite	2026-09-14T07:14:01.2629739Z      [90m     |[39m                 [31m[1m^[22m[39m
validate-platform	Validate platform Jest suite	2026-09-14T07:14:01.2630427Z      [90m 173 |[39m       }
validate-platform	Validate platform Jest suite	2026-09-14T07:14:01.2630924Z      [90m 174 |[39m     }
validate-platform	Validate platform Jest suite	2026-09-14T07:14:01.2632110Z      [90m 175 |[39m     [36mif[39m (u[33m.[39mgenerator [33m&&[39m [33m![39mu[33m.[39mid[33m.[39mstartsWith([32m'A'[39m)) {[0m
validate-platform	Validate platform Jest suite	2026-09-14T07:14:01.2632813Z 
validate-platform	Validate platform Jest suite	2026-09-14T07:14:01.2633146Z       at warn (build-scripts/references/build-unit-index.js:172:17)
validate-platform	Validate platform Jest suite	2026-09-14T07:14:01.2633994Z       at Object.validate (engines/tests/micro-teaching-units.test.js:193:24)
validate-platform	Validate platform Jest suite	2026-09-14T07:14:01.2634499Z 
validate-platform	Validate platform Jest suite	2026-09-14T07:14:01.2634632Z     console.warn
validate-platform	Validate platform Jest suite	2026-09-14T07:14:01.2635287Z       [warn] D05: mastery_target=apply has no procedure (tracked in procedure-coverage)
validate-platform	Validate platform Jest suite	2026-09-14T07:14:01.2635840Z 
validate-platform	Validate platform Jest suite	2026-09-14T07:14:01.2636711Z     [0m [90m 103 |[39m   [36mif[39m (spec[33m.[39mid [33m&&[39m [33mAPPLY_OR_HIGHER[39m[33m.[39mhas(spec[33m.[39mmastery_target)) {
validate-platform	Validate platform Jest suite	2026-09-14T07:14:01.2641641Z      [90m 104 |[39m     [36mif[39m ([33m![39mspec[33m.[39mprocedure [33m||[39m [33m![39m[33mArray[39m[33m.[39misArray(spec[33m.[39mprocedure) [33m||[39m spec[33m.[39mprocedure[33m.[39mlength [33m===[39m [35m0[39m) {
validate-platform	Validate platform Jest suite	2026-09-14T07:14:01.2644201Z     [31m[1m>[22m[39m[90m 105 |[39m       console[33m.[39mwarn([32m`[warn] ${spec.id}: mastery_target=${spec.mastery_target} has no procedure (tracked in procedure-coverage)`[39m)[33m;[39m
validate-platform	Validate platform Jest suite	2026-09-14T07:14:01.2645619Z      [90m     |[39m               [31m[1m^[22m[39m
validate-platform	Validate platform Jest suite	2026-09-14T07:14:01.2646186Z      [90m 106 |[39m     }
validate-platform	Validate platform Jest suite	2026-09-14T07:14:01.2647196Z      [90m 107 |[39m   }
validate-platform	Validate platform Jest suite	2026-09-14T07:14:01.2651081Z      [90m 108 |[39m   [36mif[39m (spec[33m.[39mid [33m&&[39m spec[33m.[39mgenerator [33m&&[39m [33m![39mspec[33m.[39mid[33m.[39mstartsWith([32m'A'[39m))[0m
validate-platform	Validate platform Jest suite	2026-09-14T07:14:01.2651673Z 
validate-platform	Validate platform Jest suite	2026-09-14T07:14:01.2651886Z       at warn (build-scripts/references/unit-add.js:105:15)
validate-platform	Validate platform Jest suite	2026-09-14T07:14:01.2652445Z       at Object.validateSpec (engines/tests/micro-teaching-units.test.js:396:18)
validate-platform	Validate platform Jest suite	2026-09-14T07:14:01.2652776Z 
validate-platform	Validate platform Jest suite	2026-09-14T07:14:01.5045935Z PASS engines/tests/newsdetective-engine.test.js
validate-platform	Validate platform Jest suite	2026-09-14T07:14:01.7278686Z PASS engines/tests/quiz-engine.test.js
validate-platform	Validate platform Jest suite	2026-09-14T07:14:02.0899229Z PASS engines/tests/exit-ticket-engine.test.js
validate-platform	Validate platform Jest suite	2026-09-14T07:14:02.4733056Z PASS build-scripts/review-gates/apply-bundle-readiness-decision.test.js
validate-platform	Validate platform Jest suite	2026-09-14T07:14:27.1206169Z PASS build-scripts/ci/maintenance-ci.test.js (24.636 s)
validate-platform	Validate platform Jest suite	2026-09-14T07:14:29.4886215Z PASS scripts/tests/validate-paragraph.test.js
validate-platform	Validate platform Jest suite	2026-09-14T07:14:29.8746414Z PASS engines/tests/reasoning-composer.test.js
validate-platform	Validate platform Jest suite	2026-09-14T07:14:30.2310762Z PASS build-scripts/ci/check-agent-worktree-safety.test.js
validate-platform	Validate platform Jest suite	2026-09-14T07:14:32.4482248Z PASS build-scripts/workflows/check-paragraph-lane-scope.test.js
validate-platform	Validate platform Jest suite	2026-09-14T07:14:32.7073622Z PASS build-scripts/review-gates/cross-repo-bundle-compatibility.test.js
validate-platform	Validate platform Jest suite	2026-09-14T07:14:32.9111614Z Cannot parse chapter folder name: bad-name
validate-platform	Validate platform Jest suite	2026-09-14T07:14:32.9112701Z Expected format: "X.Y Hoofdstuk Name"
validate-platform	Validate platform Jest suite	2026-09-14T07:14:33.0046561Z   ⚠ Orphaned asset: 9.9.1_fig_1.svg
validate-platform	Validate platform Jest suite	2026-09-14T07:14:33.0047749Z   ✗ Part A review evidence missing or invalid: ENOENT: no such file or directory, lstat 'D:\a\4veco-platform\4veco-platform\4veco-platform\tmp\test-chapter\9.9 Hoofdstuk Test\9.9.1 Theory\9.9.1-review.md'
validate-platform	Validate platform Jest suite	2026-09-14T07:14:33.0048654Z   ⚠ No _chapter-plan.md
validate-platform	Validate platform Jest suite	2026-09-14T07:14:33.1161352Z   ⚠ Orphaned asset: 9.9.1_fig_1.svg
validate-platform	Validate platform Jest suite	2026-09-14T07:14:33.1162553Z   ✗ quality_ref reports missing assets: 9.9.1-quality-ref.yaml
validate-platform	Validate platform Jest suite	2026-09-14T07:14:33.1164984Z   ⚠ No _chapter-plan.md
validate-platform	Validate platform Jest suite	2026-09-14T07:14:33.2283093Z   ⚠ Orphaned asset: 9.9.1_fig_1.svg
validate-platform	Validate platform Jest suite	2026-09-14T07:14:33.2284418Z   ✗ Part A review verdict is FAIL
validate-platform	Validate platform Jest suite	2026-09-14T07:14:33.2285354Z   ⚠ No _chapter-plan.md
validate-platform	Validate platform Jest suite	2026-09-14T07:14:33.3377738Z   ⚠ Orphaned asset: 9.9.1_fig_1.svg
validate-platform	Validate platform Jest suite	2026-09-14T07:14:33.3378451Z   ⚠ No _chapter-plan.md
validate-platform	Validate platform Jest suite	2026-09-14T07:14:33.4496758Z   ✗ Non-compliant asset name: B9C9S1_fig_1.svg (must match X.Y.Z_{type}_{number}.ext)
validate-platform	Validate platform Jest suite	2026-09-14T07:14:33.4498363Z   ✗ Asset prefix mismatch: B9C9S1_fig_1.svg does not start with 9.9.1_
validate-platform	Validate platform Jest suite	2026-09-14T07:14:33.4499478Z   ✗ Non-compliant asset name: B9C9S1_fig_1.png (must match X.Y.Z_{type}_{number}.ext)
validate-platform	Validate platform Jest suite	2026-09-14T07:14:33.4500587Z   ✗ Asset prefix mismatch: B9C9S1_fig_1.png does not start with 9.9.1_
validate-platform	Validate platform Jest suite	2026-09-14T07:14:33.4501356Z   ⚠ No _chapter-plan.md
validate-platform	Validate platform Jest suite	2026-09-14T07:14:33.4502088Z   ✗ Chapter asset wrong prefix: B9C9S1_fig_1.png (expected 9.9.*)
validate-platform	Validate platform Jest suite	2026-09-14T07:14:33.4503047Z   ✗ Chapter asset wrong prefix: B9C9S1_fig_1.svg (expected 9.9.*)
validate-platform	Validate platform Jest suite	2026-09-14T07:14:33.5615130Z   ⚠ No _chapter-plan.md
validate-platform	Validate platform Jest suite	2026-09-14T07:14:33.5616150Z   ✗ Chapter aggregate asset differs from paragraph source: 9.9.1_fig_1.svg
validate-platform	Validate platform Jest suite	2026-09-14T07:14:33.6650353Z   ⚠ Orphaned asset: 9.5.1_fig_1.svg
validate-platform	Validate platform Jest suite	2026-09-14T07:14:33.6651338Z   ⚠ Orphaned asset: 9.5.1_mc_1.svg
validate-platform	Validate platform Jest suite	2026-09-14T07:14:33.6651986Z   ⚠ No _chapter-plan.md
validate-platform	Validate platform Jest suite	2026-09-14T07:14:33.7730094Z   ⚠ Orphaned asset: 9.5.4_fig_1.svg
validate-platform	Validate platform Jest suite	2026-09-14T07:14:33.7731173Z   ⚠ No _chapter-plan.md
validate-platform	Validate platform Jest suite	2026-09-14T07:14:33.8762388Z   ✗ MISSING toetsmatrijs.md
validate-platform	Validate platform Jest suite	2026-09-14T07:14:33.8763097Z   ✗ Expected 3 PDFs, found 2
validate-platform	Validate platform Jest suite	2026-09-14T07:14:33.8763659Z   ⚠ Orphaned asset: 9.5.4_fig_1.svg
validate-platform	Validate platform Jest suite	2026-09-14T07:14:33.8764191Z   ⚠ No _chapter-plan.md
validate-platform	Validate platform Jest suite	2026-09-14T07:14:33.9881221Z   ✗ MISSING samenvatting.md
validate-platform	Validate platform Jest suite	2026-09-14T07:14:33.9881937Z   ✗ Expected 2 PDFs, found 1
validate-platform	Validate platform Jest suite	2026-09-14T07:14:33.9882547Z   ⚠ Orphaned asset: 9.5.1_fig_1.svg
validate-platform	Validate platform Jest suite	2026-09-14T07:14:33.9882979Z   ⚠ No _chapter-plan.md
validate-platform	Validate platform Jest suite	2026-09-14T07:14:34.0893321Z   ⚠ Orphaned asset: 9.5.1_mc_1.svg
validate-platform	Validate platform Jest suite	2026-09-14T07:14:34.0894269Z   ⚠ No _chapter-plan.md
validate-platform	Validate platform Jest suite	2026-09-14T07:14:34.1982849Z   ⚠ Orphaned asset: 9.9.4_ex_1.svg
validate-platform	Validate platform Jest suite	2026-09-14T07:14:34.1983863Z   ⚠ No _chapter-plan.md
validate-platform	Validate platform Jest suite	2026-09-14T07:14:34.2523430Z PASS scripts/tests/validate-chapter.test.js
validate-platform	Validate platform Jest suite	2026-09-14T07:14:35.1984460Z PASS build-scripts/workflows/check-part-a-exercise-authoring-contract.test.js
validate-platform	Validate platform Jest suite	2026-09-14T07:15:14.2517480Z PASS build-scripts/review-gates/refresh-bundle-agent-indexes.test.js (84.144 s)
validate-platform	Validate platform Jest suite	2026-09-14T07:15:20.6212800Z PASS build-scripts/reports/agent-index-freshness.test.js (6.342 s)
validate-platform	Validate platform Jest suite	2026-09-14T07:15:20.9198800Z PASS build-scripts/review-gates/check-active-governance-wording.test.js
validate-platform	Validate platform Jest suite	2026-09-14T07:15:23.9096793Z PASS build-scripts/inspection/check-owner-delivery-protocol-completion.test.js
validate-platform	Validate platform Jest suite	2026-09-14T07:15:25.8663928Z PASS engines/tests/skilltree-data.test.js
validate-platform	Validate platform Jest suite	2026-09-14T07:15:27.2244827Z PASS engines/tests/presentation-v2-pptx-derivative.test.js
validate-platform	Validate platform Jest suite	2026-09-14T07:15:30.1614518Z PASS build-scripts/inspection/check-owner-controlled-dispatch.test.js
validate-platform	Validate platform Jest suite	2026-09-14T07:15:30.3757840Z PASS engines/tests/skill-map-engine.test.js
validate-platform	Validate platform Jest suite	2026-09-14T07:15:30.6001881Z PASS build-scripts/review-gates/route-and-apply-pr-readiness.test.js
validate-platform	Validate platform Jest suite	2026-09-14T07:15:31.9684006Z PASS scripts/tests/validate-paragraph-modes.test.js
validate-platform	Validate platform Jest suite	2026-09-14T07:15:32.1247142Z PASS engines/tests/procedure-engine.test.js
validate-platform	Validate platform Jest suite	2026-09-14T07:15:32.3927571Z PASS engines/tests/adaptive-seam.test.js
validate-platform	Validate platform Jest suite	2026-09-14T07:15:34.5991291Z PASS build-scripts/inspection/check-owner-manual-dispatch-and-response-intake.test.js
validate-platform	Validate platform Jest suite	2026-09-14T07:15:34.8067564Z PASS engines/tests/golden-ticket-layout.test.js
validate-platform	Validate platform Jest suite	2026-09-14T07:15:34.9878034Z PASS engines/tests/graphical-engine.test.js
validate-platform	Validate platform Jest suite	2026-09-14T07:15:37.0363664Z PASS build-scripts/inspection/check-local-expert-contact-pilot.test.js
validate-platform	Validate platform Jest suite	2026-09-14T07:15:37.4353527Z PASS build-scripts/workflows/check-paragraph-workflow-wording.test.js
validate-platform	Validate platform Jest suite	2026-09-14T07:15:37.6027179Z PASS engines/tests/presentation-v2-113-graph-transfer.test.js
validate-platform	Validate platform Jest suite	2026-09-14T07:15:39.9057001Z PASS build-scripts/inspection/check-local-expert-contact-stage.test.js
validate-platform	Validate platform Jest suite	2026-09-14T07:15:42.0956204Z PASS build-scripts/inspection/check-owner-delivery-protocol-repair.test.js
validate-platform	Validate platform Jest suite	2026-09-14T07:15:42.2500409Z PASS build-scripts/ci/check-branch-protection.test.js
validate-platform	Validate platform Jest suite	2026-09-14T07:15:42.4634938Z PASS build-scripts/platform/build-exit-ticket-shells.test.js
validate-platform	Validate platform Jest suite	2026-09-14T07:15:43.8986151Z PASS build-scripts/review-gates/check-integration-lineage.test.js
validate-platform	Validate platform Jest suite	2026-09-14T07:15:52.6567791Z PASS build-scripts/ci/paired-paragraph-ci.test.js (8.75 s)
validate-platform	Validate platform Jest suite	2026-09-14T07:15:52.9386764Z PASS build-scripts/review-gates/apply-pr-readiness-decision.test.js
validate-platform	Validate platform Jest suite	2026-09-14T07:15:53.2403401Z PASS build-scripts/workflows/check-blueprint-pedagogical-boundaries.test.js
validate-platform	Validate platform Jest suite	2026-09-14T07:15:53.5341525Z PASS engines/tests/newsdetective-v2-ui.test.js
validate-platform	Validate platform Jest suite	2026-09-14T07:16:00.7127641Z PASS build-scripts/workflows/check-part-a-pdf-readiness.test.js (7.17 s)
validate-platform	Validate platform Jest suite	2026-09-14T07:16:05.9575068Z PASS build-scripts/inspection/check-bounded-source-refresh-packet.test.js (5.235 s)
validate-platform	Validate platform Jest suite	2026-09-14T07:16:06.4043080Z PASS build-scripts/review-gates/check-governance-freshness.test.js
validate-platform	Validate platform Jest suite	2026-09-14T07:16:07.5111105Z PASS engines/tests/newsdetective-v2-interaction.test.js
validate-platform	Validate platform Jest suite	2026-09-14T07:16:07.6552937Z PASS build-scripts/review-gates/cross-repo-bundle-workflow.test.js
validate-platform	Validate platform Jest suite	2026-09-14T07:16:14.1689649Z PASS scripts/tests/reproduce-paragraph-edition.test.js (6.507 s)
validate-platform	Validate platform Jest suite	2026-09-14T07:16:14.3358931Z PASS engines/tests/presentation-v2-111-production.test.js
validate-platform	Validate platform Jest suite	2026-09-14T07:16:14.4637686Z PASS engines/tests/graphical-ui.test.js
validate-platform	Validate platform Jest suite	2026-09-14T07:16:14.6039705Z PASS engines/tests/reasoning-ui.test.js
validate-platform	Validate platform Jest suite	2026-09-14T07:16:14.9415276Z PASS build-scripts/reports/roadmap-archive-preservation.test.js
validate-platform	Validate platform Jest suite	2026-09-14T07:16:15.1091927Z PASS build-scripts/review-gates/check-human-payload-authorization.test.js
validate-platform	Validate platform Jest suite	2026-09-14T07:16:15.7905791Z PASS scripts/tests/check-book-print-scope.test.js
validate-platform	Validate platform Jest suite	2026-09-14T07:16:15.9302674Z PASS scripts/tests/check-course-target-exercises-v5.test.js
validate-platform	Validate platform Jest suite	2026-09-14T07:16:16.1286446Z PASS build-scripts/review-gates/review-throughput-fields.test.js
validate-platform	Validate platform Jest suite	2026-09-14T07:16:16.2557168Z PASS engines/tests/skilltree-ui.test.js
validate-platform	Validate platform Jest suite	2026-09-14T07:16:18.7196335Z PASS build-scripts/inspection/check-local-expert-review-request-packet.test.js
validate-platform	Validate platform Jest suite	2026-09-14T07:16:19.4654647Z PASS scripts/tests/part-a-review-evidence.test.js
validate-platform	Validate platform Jest suite	2026-09-14T07:16:24.2917630Z PASS build-scripts/inspection/check-local-expert-source-refresh-gate.test.js
validate-platform	Validate platform Jest suite	2026-09-14T07:16:25.0423482Z PASS scripts/tests/procedure-contracts.test.js
validate-platform	Validate platform Jest suite	2026-09-14T07:16:26.9077097Z PASS build-scripts/inspection/check-source-refresh-execution-pilot.test.js
validate-platform	Validate platform Jest suite	2026-09-14T07:16:27.0334939Z PASS build-scripts/review-gates/check-integration-lane-capability.test.js
validate-platform	Validate platform Jest suite	2026-09-14T07:16:27.1616714Z PASS engines/tests/docx-style-ids-unique.test.js
validate-platform	Validate platform Jest suite	2026-09-14T07:16:27.3168356Z PASS engines/tests/companion-terminology.test.js
validate-platform	Validate platform Jest suite	2026-09-14T07:16:33.3697468Z PASS build-scripts/inspection/check-internal-overlay-trial-contract.test.js (6.043 s)
validate-platform	Validate platform Jest suite	2026-09-14T07:16:33.6230028Z PASS engines/tests/skill-map-route-ui.test.js
validate-platform	Validate platform Jest suite	2026-09-14T07:16:41.1028398Z PASS build-scripts/inspection/check-internal-no-output-trial-simulation.test.js (7.369 s)
validate-platform	Validate platform Jest suite	2026-09-14T07:16:41.3178989Z PASS build-scripts/sprints/check-golden-ticket-layout-boundary.test.js
validate-platform	Validate platform Jest suite	2026-09-14T07:16:41.4468559Z PASS engines/tests/l1-5d-v2-mobile-fixes.test.js
validate-platform	Validate platform Jest suite	2026-09-14T07:16:41.5797406Z PASS engines/tests/l1-6r-dual-coding.test.js
validate-platform	Validate platform Jest suite	2026-09-14T07:16:41.7405113Z PASS build-scripts/references/evidence-reference-resolver.test.js
validate-platform	Validate platform Jest suite	2026-09-14T07:16:41.9047951Z PASS build-scripts/ci/check-agent-branch-safety.test.js
validate-platform	Validate platform Jest suite	2026-09-14T07:16:42.9863081Z PASS engines/tests/golden-presentation-reference.test.js
validate-platform	Validate platform Jest suite	2026-09-14T07:16:45.5019935Z PASS build-scripts/workflows/paragraph-records.test.js
validate-platform	Validate platform Jest suite	2026-09-14T07:16:45.6305260Z PASS engines/tests/companion-alt-text-meaningful.test.js
validate-platform	Validate platform Jest suite	2026-09-14T07:16:46.0787389Z PASS scripts/tests/check-book.test.js
validate-platform	Validate platform Jest suite	2026-09-14T07:16:46.2215358Z PASS build-scripts/review-gates/check-human-bundle-authorization.test.js
validate-platform	Validate platform Jest suite	2026-09-14T07:16:46.7925724Z PASS build-scripts/sprints/check-sprint-plan.test.js
validate-platform	Validate platform Jest suite	2026-09-14T07:16:47.2862752Z PASS build-scripts/sprints/check-scope-language.test.js
validate-platform	Validate platform Jest suite	2026-09-14T07:16:47.4672929Z PASS engines/tests/exit-ticket-metadata-alignment.test.js
validate-platform	Validate platform Jest suite	2026-09-14T07:16:47.6776262Z PASS build-scripts/ci/platform-ci-evidence.test.js
validate-platform	Validate platform Jest suite	2026-09-14T07:16:48.1999797Z PASS engines/tests/converter-error-exit.test.js
validate-platform	Validate platform Jest suite	2026-09-14T07:16:49.1935851Z PASS build-scripts/references/check-mtu-h6-closure-h7-benchmark-1.test.js
validate-platform	Validate platform Jest suite	2026-09-14T07:16:49.3989911Z PASS build-scripts/references/check-mtu-h7-protected-canonical-adjudication-bundle-4.test.js
validate-platform	Validate platform Jest suite	2026-09-14T07:16:49.6057815Z PASS scripts/tests/qa-presentation-v2-html-startup.test.js
validate-platform	Validate platform Jest suite	2026-09-14T07:16:49.7950753Z PASS build-scripts/lib/historical-paths.test.js
validate-platform	Validate platform Jest suite	2026-09-14T07:16:51.2467232Z PASS build-scripts/sprints/check-review-throughput-packet.test.js
validate-platform	Validate platform Jest suite	2026-09-14T07:16:55.8156767Z PASS build-scripts/inspection/check-internal-overlay-prototype-planning.test.js
validate-platform	Validate platform Jest suite	2026-09-14T07:16:56.9641381Z PASS build-scripts/reports/archive-navigation.test.js
validate-platform	Validate platform Jest suite	2026-09-14T07:16:57.0800036Z PASS engines/tests/presentatie-html-shape.test.js
validate-platform	Validate platform Jest suite	2026-09-14T07:16:57.2397829Z PASS engines/tests/fig-3-step-count.test.js
validate-platform	Validate platform Jest suite	2026-09-14T07:16:57.3949075Z PASS build-scripts/review-gates/finalization-freshness-proof.test.js
validate-platform	Validate platform Jest suite	2026-09-14T07:16:57.5139632Z PASS engines/tests/companion-html-checklist-routes.test.js
validate-platform	Validate platform Jest suite	2026-09-14T07:16:57.6791334Z PASS build-scripts/ci/check-evidence-line-endings.test.js
validate-platform	Validate platform Jest suite	2026-09-14T07:16:57.9045872Z PASS build-scripts/review-gates/authorized-pr-integration-workflow.test.js
validate-platform	Validate platform Jest suite	2026-09-14T07:16:58.0377519Z PASS engines/tests/skilltree-visible-copy.test.js
validate-platform	Validate platform Jest suite	2026-09-14T07:17:02.0110602Z PASS build-scripts/inspection/check-selected-jurisdiction-deepening.test.js
validate-platform	Validate platform Jest suite	2026-09-14T07:17:02.1300038Z PASS build-scripts/sprints/check-pptx-skill-mirror.test.js
validate-platform	Validate platform Jest suite	2026-09-14T07:17:02.2929956Z PASS engines/tests/visual-surfaces-no-prod-label.test.js
validate-platform	Validate platform Jest suite	2026-09-14T07:17:05.6868576Z PASS build-scripts/inspection/check-international-overlay-architecture.test.js
validate-platform	Validate platform Jest suite	2026-09-14T07:17:06.2993117Z PASS build-scripts/sprints/check-gate-ci-proof.test.js
validate-platform	Validate platform Jest suite	2026-09-14T07:17:06.4737783Z PASS build-scripts/sprints/check-golden-exercise-workbench.test.js
validate-platform	Validate platform Jest suite	2026-09-14T07:17:06.8276017Z PASS build-scripts/references/check-mtu-h5-anchor-integrity.test.js
validate-platform	Validate platform Jest suite	2026-09-14T07:17:07.2365860Z PASS build-scripts/ci/check-y1-product-evidence.test.js
validate-platform	Validate platform Jest suite	2026-09-14T07:17:07.7869175Z PASS build-scripts/references/check-mtu-h6-cross-exam-generalization-and-evidence-integrity-bundle-1.test.js
validate-platform	Validate platform Jest suite	2026-09-14T07:17:08.7081615Z PASS build-scripts/books/lib_book.test.js
validate-platform	Validate platform Jest suite	2026-09-14T07:17:31.0467623Z PASS build-scripts/workflows/book2-integration-decision.test.js (175.801 s)
validate-platform	Validate platform Jest suite	2026-09-14T07:17:31.0870458Z 
validate-platform	Validate platform Jest suite	2026-09-14T07:17:31.0875833Z Test Suites: 7 skipped, 117 passed, 117 of 124 total
validate-platform	Validate platform Jest suite	2026-09-14T07:17:31.0876724Z Tests:       10 skipped, 1971 passed, 1981 total
validate-platform	Validate platform Jest suite	2026-09-14T07:17:31.0877347Z Snapshots:   0 total
validate-platform	Validate platform Jest suite	2026-09-14T07:17:31.0877977Z Time:        258.723 s
validate-platform	Validate platform Jest suite	2026-09-14T07:17:31.0878472Z Ran all test suites.
validate-platform	Validate platform Jest suite	2026-09-14T07:17:31.1030530Z Test results written to: ..\ci-artifacts\jest-results.json
validate-platform	Build presentation-v2 registered decks	﻿2026-09-14T07:17:31.2894156Z ##[group]Run npm run build:presentation-v2
validate-platform	Build presentation-v2 registered decks	2026-09-14T07:17:31.2894807Z [36;1mnpm run build:presentation-v2[0m
validate-platform	Build presentation-v2 registered decks	2026-09-14T07:17:31.2970799Z shell: C:\Program Files\PowerShell\7\pwsh.EXE -command ". '{0}'"
validate-platform	Build presentation-v2 registered decks	2026-09-14T07:17:31.2971227Z env:
validate-platform	Build presentation-v2 registered decks	2026-09-14T07:17:31.2971568Z   pythonLocation: C:\hostedtoolcache\windows\Python\3.13.15\x64
validate-platform	Build presentation-v2 registered decks	2026-09-14T07:17:31.2972293Z   PKG_CONFIG_PATH: C:\hostedtoolcache\windows\Python\3.13.15\x64/lib/pkgconfig
validate-platform	Build presentation-v2 registered decks	2026-09-14T07:17:31.2972844Z   Python_ROOT_DIR: C:\hostedtoolcache\windows\Python\3.13.15\x64
validate-platform	Build presentation-v2 registered decks	2026-09-14T07:17:31.2973321Z   Python2_ROOT_DIR: C:\hostedtoolcache\windows\Python\3.13.15\x64
validate-platform	Build presentation-v2 registered decks	2026-09-14T07:17:31.2973816Z   Python3_ROOT_DIR: C:\hostedtoolcache\windows\Python\3.13.15\x64
validate-platform	Build presentation-v2 registered decks	2026-09-14T07:17:31.2974280Z   SOFFICE_PATH: C:\Program Files\LibreOffice\program\soffice.exe
validate-platform	Build presentation-v2 registered decks	2026-09-14T07:17:31.2974798Z   PDFTOPPM_PATH: D:\a\_temp\poppler\poppler-26.07.0\Library\bin\pdftoppm.exe
validate-platform	Build presentation-v2 registered decks	2026-09-14T07:17:31.2975252Z ##[endgroup]
validate-platform	Build presentation-v2 registered decks	2026-09-14T07:17:31.8951732Z 
validate-platform	Build presentation-v2 registered decks	2026-09-14T07:17:31.8952766Z > 4veco-platform@1.0.0 build:presentation-v2
validate-platform	Build presentation-v2 registered decks	2026-09-14T07:17:31.8953811Z > node build-scripts/content/book-1/build-presentation-v2.js --all
validate-platform	Build presentation-v2 registered decks	2026-09-14T07:17:31.8954427Z 
validate-platform	Build presentation-v2 registered decks	2026-09-14T07:17:34.5111240Z OK presentation-v2 implemented web
validate-platform	Build presentation-v2 registered decks	2026-09-14T07:17:34.5117450Z   HTML: D:\a\4veco-platform\4veco-platform\4veco-lessen\Boek 1 - Grondslagen, vraag en aanbod\1.1 Hoofdstuk Economisch denken en rekenen\1.1.1 Schaarste en economisch denken\1.1.1 Schaarste en economisch denken – presentatie.html
validate-platform	Build presentation-v2 registered decks	2026-09-14T07:17:34.5119471Z   PPTX: D:\a\4veco-platform\4veco-platform\4veco-lessen\Boek 1 - Grondslagen, vraag en aanbod\1.1 Hoofdstuk Economisch denken en rekenen\1.1.1 Schaarste en economisch denken\1.1.1 Schaarste en economisch denken – presentatie.pptx
validate-platform	Build presentation-v2 registered decks	2026-09-14T07:17:36.2703374Z OK presentation-v2 percentages and index 1.1.2
validate-platform	Build presentation-v2 registered decks	2026-09-14T07:17:36.2706703Z   HTML: D:\a\4veco-platform\4veco-platform\4veco-lessen\Boek 1 - Grondslagen, vraag en aanbod\1.1 Hoofdstuk Economisch denken en rekenen\1.1.2 Percentages en indexcijfers\1.1.2 Percentages en indexcijfers – presentatie.html
validate-platform	Build presentation-v2 registered decks	2026-09-14T07:17:36.2710012Z   PPTX: D:\a\4veco-platform\4veco-platform\4veco-lessen\Boek 1 - Grondslagen, vraag en aanbod\1.1 Hoofdstuk Economisch denken en rekenen\1.1.2 Percentages en indexcijfers\1.1.2 Percentages en indexcijfers – presentatie.pptx
validate-platform	Build presentation-v2 registered decks	2026-09-14T07:17:38.2086877Z OK presentation-v2 graph transfer 1.1.3
validate-platform	Build presentation-v2 registered decks	2026-09-14T07:17:38.2089206Z   HTML: D:\a\4veco-platform\4veco-platform\4veco-lessen\Boek 1 - Grondslagen, vraag en aanbod\1.1 Hoofdstuk Economisch denken en rekenen\1.1.3 Grafieken en tabellen\1.1.3 Grafieken en tabellen – presentatie.html
validate-platform	Build presentation-v2 registered decks	2026-09-14T07:17:38.2092181Z   PPTX: D:\a\4veco-platform\4veco-platform\4veco-lessen\Boek 1 - Grondslagen, vraag en aanbod\1.1 Hoofdstuk Economisch denken en rekenen\1.1.3 Grafieken en tabellen\1.1.3 Grafieken en tabellen – presentatie.pptx
validate-platform	Validate presentation-v2 HTML QA	﻿2026-09-14T07:17:38.3834339Z ##[group]Run npm run check:presentation-v2-html-qa -- --output-dir ..\ci-artifacts\presentation-v2-html-qa
validate-platform	Validate presentation-v2 HTML QA	2026-09-14T07:17:38.3835246Z [36;1mnpm run check:presentation-v2-html-qa -- --output-dir ..\ci-artifacts\presentation-v2-html-qa[0m
validate-platform	Validate presentation-v2 HTML QA	2026-09-14T07:17:38.3916951Z shell: C:\Program Files\PowerShell\7\pwsh.EXE -command ". '{0}'"
validate-platform	Validate presentation-v2 HTML QA	2026-09-14T07:17:38.3917369Z env:
validate-platform	Validate presentation-v2 HTML QA	2026-09-14T07:17:38.3917697Z   pythonLocation: C:\hostedtoolcache\windows\Python\3.13.15\x64
validate-platform	Validate presentation-v2 HTML QA	2026-09-14T07:17:38.3918289Z   PKG_CONFIG_PATH: C:\hostedtoolcache\windows\Python\3.13.15\x64/lib/pkgconfig
validate-platform	Validate presentation-v2 HTML QA	2026-09-14T07:17:38.3918954Z   Python_ROOT_DIR: C:\hostedtoolcache\windows\Python\3.13.15\x64
validate-platform	Validate presentation-v2 HTML QA	2026-09-14T07:17:38.3919394Z   Python2_ROOT_DIR: C:\hostedtoolcache\windows\Python\3.13.15\x64
validate-platform	Validate presentation-v2 HTML QA	2026-09-14T07:17:38.3919812Z   Python3_ROOT_DIR: C:\hostedtoolcache\windows\Python\3.13.15\x64
validate-platform	Validate presentation-v2 HTML QA	2026-09-14T07:17:38.3920231Z   SOFFICE_PATH: C:\Program Files\LibreOffice\program\soffice.exe
validate-platform	Validate presentation-v2 HTML QA	2026-09-14T07:17:38.3920671Z   PDFTOPPM_PATH: D:\a\_temp\poppler\poppler-26.07.0\Library\bin\pdftoppm.exe
validate-platform	Validate presentation-v2 HTML QA	2026-09-14T07:17:38.3921101Z ##[endgroup]
validate-platform	Validate presentation-v2 HTML QA	2026-09-14T07:17:39.0115034Z 
validate-platform	Validate presentation-v2 HTML QA	2026-09-14T07:17:39.0115824Z > 4veco-platform@1.0.0 check:presentation-v2-html-qa
validate-platform	Validate presentation-v2 HTML QA	2026-09-14T07:17:39.0117363Z > node build-scripts/sprints/check-presentation-v2-html-qa.js --output-dir ..\ci-artifacts\presentation-v2-html-qa
validate-platform	Validate presentation-v2 HTML QA	2026-09-14T07:17:39.0118181Z 
validate-platform	Validate presentation-v2 HTML QA	2026-09-14T07:18:02.0505687Z {
validate-platform	Validate presentation-v2 HTML QA	2026-09-14T07:18:02.0508615Z   "htmlPath": "D:\\a\\4veco-platform\\4veco-platform\\4veco-lessen\\Boek 1 - Grondslagen, vraag en aanbod\\1.1 Hoofdstuk Economisch denken en rekenen\\1.1.1 Schaarste en economisch denken\\1.1.1 Schaarste en economisch denken – presentatie.html",
validate-platform	Validate presentation-v2 HTML QA	2026-09-14T07:18:02.0510896Z   "outDir": "D:\\a\\4veco-platform\\4veco-platform\\ci-artifacts\\presentation-v2-html-qa\\b1-111",
validate-platform	Validate presentation-v2 HTML QA	2026-09-14T07:18:02.0511786Z   "results": [
validate-platform	Validate presentation-v2 HTML QA	2026-09-14T07:18:02.0512146Z     {
validate-platform	Validate presentation-v2 HTML QA	2026-09-14T07:18:02.0512514Z       "scenario": "desktop",
validate-platform	Validate presentation-v2 HTML QA	2026-09-14T07:18:02.0512934Z       "slide": 1,
validate-platform	Validate presentation-v2 HTML QA	2026-09-14T07:18:02.0513371Z       "rootClass": "pv2-shell",
validate-platform	Validate presentation-v2 HTML QA	2026-09-14T07:18:02.0513762Z       "canvas": {
validate-platform	Validate presentation-v2 HTML QA	2026-09-14T07:18:02.0514084Z         "width": 896,
validate-platform	Validate presentation-v2 HTML QA	2026-09-14T07:18:02.0514412Z         "height": 504,
validate-platform	Validate presentation-v2 HTML QA	2026-09-14T07:18:02.0514788Z         "ratio": 1.778
validate-platform	Validate presentation-v2 HTML QA	2026-09-14T07:18:02.0515146Z       },
validate-platform	Validate presentation-v2 HTML QA	2026-09-14T07:18:02.0515731Z       "spills": [],
validate-platform	Validate presentation-v2 HTML QA	2026-09-14T07:18:02.0516401Z       "notes": {
validate-platform	Validate presentation-v2 HTML QA	2026-09-14T07:18:02.0519155Z         "display": "none",
validate-platform	Validate presentation-v2 HTML QA	2026-09-14T07:18:02.0519903Z         "rightSide": true,
validate-platform	Validate presentation-v2 HTML QA	2026-09-14T07:18:02.0520314Z         "width": 0,
validate-platform	Validate presentation-v2 HTML QA	2026-09-14T07:18:02.0520665Z         "height": 0
validate-platform	Validate presentation-v2 HTML QA	2026-09-14T07:18:02.0521036Z       },
validate-platform	Validate presentation-v2 HTML QA	2026-09-14T07:18:02.0521442Z       "horizontalOverflow": false,
validate-platform	Validate presentation-v2 HTML QA	2026-09-14T07:18:02.0524098Z       "screenshot": "D:\\a\\4veco-platform\\4veco-platform\\ci-artifacts\\presentation-v2-html-qa\\b1-111\\desktop-slide-1.png"
validate-platform	Validate presentation-v2 HTML QA	2026-09-14T07:18:02.0525612Z     },
validate-platform	Validate presentation-v2 HTML QA	2026-09-14T07:18:02.0526367Z     {
validate-platform	Validate presentation-v2 HTML QA	2026-09-14T07:18:02.0527309Z       "scenario": "desktop",
validate-platform	Validate presentation-v2 HTML QA	2026-09-14T07:18:02.0528425Z       "slide": 2,
validate-platform	Validate presentation-v2 HTML QA	2026-09-14T07:18:02.0528959Z       "rootClass": "pv2-shell",
validate-platform	Validate presentation-v2 HTML QA	2026-09-14T07:18:02.0530094Z       "canvas": {
validate-platform	Validate presentation-v2 HTML QA	2026-09-14T07:18:02.0531269Z         "width": 896,
validate-platform	Validate presentation-v2 HTML QA	2026-09-14T07:18:02.0532489Z         "height": 504,
validate-platform	Validate presentation-v2 HTML QA	2026-09-14T07:18:02.0534437Z         "ratio": 1.778
validate-platform	Validate presentation-v2 HTML QA	2026-09-14T07:18:02.0535297Z       },
validate-platform	Validate presentation-v2 HTML QA	2026-09-14T07:18:02.0536508Z       "spills": [],
validate-platform	Validate presentation-v2 HTML QA	2026-09-14T07:18:02.0537326Z       "notes": {
validate-platform	Validate presentation-v2 HTML QA	2026-09-14T07:18:02.0537936Z         "display": "none",
validate-platform	Validate presentation-v2 HTML QA	2026-09-14T07:18:02.0538744Z         "rightSide": true,
validate-platform	Validate presentation-v2 HTML QA	2026-09-14T07:18:02.0539787Z         "width": 0,
validate-platform	Validate presentation-v2 HTML QA	2026-09-14T07:18:02.0541533Z         "height": 0
validate-platform	Validate presentation-v2 HTML QA	2026-09-14T07:18:02.0542300Z       },
validate-platform	Validate presentation-v2 HTML QA	2026-09-14T07:18:02.0542816Z       "horizontalOverflow": false,
validate-platform	Validate presentation-v2 HTML QA	2026-09-14T07:18:02.0545085Z       "screenshot": "D:\\a\\4veco-platform\\4veco-platform\\ci-artifacts\\presentation-v2-html-qa\\b1-111\\desktop-slide-2.png"
validate-platform	Validate presentation-v2 HTML QA	2026-09-14T07:18:02.0546235Z     },
validate-platform	Validate presentation-v2 HTML QA	2026-09-14T07:18:02.0546575Z     {
validate-platform	Validate presentation-v2 HTML QA	2026-09-14T07:18:02.0547175Z       "scenario": "desktop",
validate-platform	Validate presentation-v2 HTML QA	2026-09-14T07:18:02.0551335Z       "slide": 3,
validate-platform	Validate presentation-v2 HTML QA	2026-09-14T07:18:02.0551666Z       "rootClass": "pv2-shell",
validate-platform	Validate presentation-v2 HTML QA	2026-09-14T07:18:02.0552008Z       "canvas": {
validate-platform	Validate presentation-v2 HTML QA	2026-09-14T07:18:02.0552987Z         "width": 896,
validate-platform	Validate presentation-v2 HTML QA	2026-09-14T07:18:02.0553308Z         "height": 504,
validate-platform	Validate presentation-v2 HTML QA	2026-09-14T07:18:02.0553591Z         "ratio": 1.778
validate-platform	Validate presentation-v2 HTML QA	2026-09-14T07:18:02.0553954Z       },
validate-platform	Validate presentation-v2 HTML QA	2026-09-14T07:18:02.0554312Z       "spills": [],
validate-platform	Validate presentation-v2 HTML QA	2026-09-14T07:18:02.0554678Z       "notes": {
validate-platform	Validate presentation-v2 HTML QA	2026-09-14T07:18:02.0555064Z         "display": "none",
validate-platform	Validate presentation-v2 HTML QA	2026-09-14T07:18:02.0555480Z         "rightSide": true,
validate-platform	Validate presentation-v2 HTML QA	2026-09-14T07:18:02.0556002Z         "width": 0,
validate-platform	Validate presentation-v2 HTML QA	2026-09-14T07:18:02.0556448Z         "height": 0
validate-platform	Validate presentation-v2 HTML QA	2026-09-14T07:18:02.0556902Z       },
validate-platform	Validate presentation-v2 HTML QA	2026-09-14T07:18:02.0557369Z       "horizontalOverflow": false,
validate-platform	Validate presentation-v2 HTML QA	2026-09-14T07:18:02.0559001Z       "screenshot": "D:\\a\\4veco-platform\\4veco-platform\\ci-artifacts\\presentation-v2-html-qa\\b1-111\\desktop-slide-3.png"
validate-platform	Validate presentation-v2 HTML QA	2026-09-14T07:18:02.0559815Z     },
validate-platform	Validate presentation-v2 HTML QA	2026-09-14T07:18:02.0560148Z     {
validate-platform	Validate presentation-v2 HTML QA	2026-09-14T07:18:02.0560426Z       "scenario": "desktop",
validate-platform	Validate presentation-v2 HTML QA	2026-09-14T07:18:02.0560890Z       "slide": 4,
validate-platform	Validate presentation-v2 HTML QA	2026-09-14T07:18:02.0561612Z       "rootClass": "pv2-shell",
validate-platform	Validate presentation-v2 HTML QA	2026-09-14T07:18:02.0562151Z       "canvas": {
validate-platform	Validate presentation-v2 HTML QA	2026-09-14T07:18:02.0562640Z         "width": 896,
validate-platform	Validate presentation-v2 HTML QA	2026-09-14T07:18:02.0562938Z         "height": 504,
validate-platform	Validate presentation-v2 HTML QA	2026-09-14T07:18:02.0563256Z         "ratio": 1.778
validate-platform	Validate presentation-v2 HTML QA	2026-09-14T07:18:02.0564306Z       },
validate-platform	Validate presentation-v2 HTML QA	2026-09-14T07:18:02.0565219Z       "spills": [],
validate-platform	Validate presentation-v2 HTML QA	2026-09-14T07:18:02.0565665Z       "notes": {
validate-platform	Validate presentation-v2 HTML QA	2026-09-14T07:18:02.0565988Z         "display": "none",
validate-platform	Validate presentation-v2 HTML QA	2026-09-14T07:18:02.0566476Z         "rightSide": true,
validate-platform	Validate presentation-v2 HTML QA	2026-09-14T07:18:02.0566909Z         "width": 0,
validate-platform	Validate presentation-v2 HTML QA	2026-09-14T07:18:02.0567273Z         "height": 0
validate-platform	Validate presentation-v2 HTML QA	2026-09-14T07:18:02.0567712Z       },
validate-platform	Validate presentation-v2 HTML QA	2026-09-14T07:18:02.0568143Z       "horizontalOverflow": false,
validate-platform	Validate presentation-v2 HTML QA	2026-09-14T07:18:02.0569679Z       "screenshot": "D:\\a\\4veco-platform\\4veco-platform\\ci-artifacts\\presentation-v2-html-qa\\b1-111\\desktop-slide-4.png"
validate-platform	Validate presentation-v2 HTML QA	2026-09-14T07:18:02.0571754Z     },
validate-platform	Validate presentation-v2 HTML QA	2026-09-14T07:18:02.0572220Z     {
validate-platform	Validate presentation-v2 HTML QA	2026-09-14T07:18:02.0572706Z       "scenario": "desktop",
validate-platform	Validate presentation-v2 HTML QA	2026-09-14T07:18:02.0573226Z       "slide": 5,
validate-platform	Validate presentation-v2 HTML QA	2026-09-14T07:18:02.0573751Z       "rootClass": "pv2-shell",
validate-platform	Validate presentation-v2 HTML QA	2026-09-14T07:18:02.0574359Z       "canvas": {
validate-platform	Validate presentation-v2 HTML QA	2026-09-14T07:18:02.0574830Z         "width": 896,
validate-platform	Validate presentation-v2 HTML QA	2026-09-14T07:18:02.0577043Z         "height": 504,
validate-platform	Validate presentation-v2 HTML QA	2026-09-14T07:18:02.0577677Z         "ratio": 1.778
validate-platform	Validate presentation-v2 HTML QA	2026-09-14T07:18:02.0578109Z       },
validate-platform	Validate presentation-v2 HTML QA	2026-09-14T07:18:02.0578512Z       "spills": [],
validate-platform	Validate presentation-v2 HTML QA	2026-09-14T07:18:02.0579047Z       "notes": {
validate-platform	Validate presentation-v2 HTML QA	2026-09-14T07:18:02.0579451Z         "display": "none",
validate-platform	Validate presentation-v2 HTML QA	2026-09-14T07:18:02.0579896Z         "rightSide": true,
validate-platform	Validate presentation-v2 HTML QA	2026-09-14T07:18:02.0580359Z         "width": 0,
validate-platform	Validate presentation-v2 HTML QA	2026-09-14T07:18:02.0580714Z         "height": 0
validate-platform	Validate presentation-v2 HTML QA	2026-09-14T07:18:02.0581332Z       },
validate-platform	Validate presentation-v2 HTML QA	2026-09-14T07:18:02.0581853Z       "horizontalOverflow": false,
validate-platform	Validate presentation-v2 HTML QA	2026-09-14T07:18:02.0583840Z       "screenshot": "D:\\a\\4veco-platform\\4veco-platform\\ci-artifacts\\presentation-v2-html-qa\\b1-111\\desktop-slide-5.png"
validate-platform	Validate presentation-v2 HTML QA	2026-09-14T07:18:02.0585412Z     },
validate-platform	Validate presentation-v2 HTML QA	2026-09-14T07:18:02.0585723Z     {
validate-platform	Validate presentation-v2 HTML QA	2026-09-14T07:18:02.0586046Z       "scenario": "desktop",
validate-platform	Validate presentation-v2 HTML QA	2026-09-14T07:18:02.0586429Z       "slide": 6,
validate-platform	Validate presentation-v2 HTML QA	2026-09-14T07:18:02.0586784Z       "rootClass": "pv2-shell",
validate-platform	Validate presentation-v2 HTML QA	2026-09-14T07:18:02.0587387Z       "canvas": {
validate-platform	Validate presentation-v2 HTML QA	2026-09-14T07:18:02.0589103Z         "width": 896,
validate-platform	Validate presentation-v2 HTML QA	2026-09-14T07:18:02.0591082Z         "height": 504,
validate-platform	Validate presentation-v2 HTML QA	2026-09-14T07:18:02.0599566Z         "ratio": 1.778
validate-platform	Validate presentation-v2 HTML QA	2026-09-14T07:18:02.0600349Z       },
validate-platform	Validate presentation-v2 HTML QA	2026-09-14T07:18:02.0620045Z       "spills": [],
validate-platform	Validate presentation-v2 HTML QA	2026-09-14T07:18:02.0620685Z       "notes": {
validate-platform	Validate presentation-v2 HTML QA	2026-09-14T07:18:02.0621017Z         "display": "none",
validate-platform	Validate presentation-v2 HTML QA	2026-09-14T07:18:02.0621394Z         "rightSide": true,
validate-platform	Validate presentation-v2 HTML QA	2026-09-14T07:18:02.0621745Z         "width": 0,
validate-platform	Validate presentation-v2 HTML QA	2026-09-14T07:18:02.0622058Z         "height": 0
validate-platform	Validate presentation-v2 HTML QA	2026-09-14T07:18:02.0622354Z       },
validate-platform	Validate presentation-v2 HTML QA	2026-09-14T07:18:02.0622952Z       "horizontalOverflow": false,
validate-platform	Validate presentation-v2 HTML QA	2026-09-14T07:18:02.0623918Z       "screenshot": "D:\\a\\4veco-platform\\4veco-platform\\ci-artifacts\\presentation-v2-html-qa\\b1-111\\desktop-slide-6.png"
validate-platform	Validate presentation-v2 HTML QA	2026-09-14T07:18:02.0625798Z     },
validate-platform	Validate presentation-v2 HTML QA	2026-09-14T07:18:02.0626064Z     {
validate-platform	Validate presentation-v2 HTML QA	2026-09-14T07:18:02.0626346Z       "scenario": "desktop",
validate-platform	Validate presentation-v2 HTML QA	2026-09-14T07:18:02.0626710Z       "slide": 7,
validate-platform	Validate presentation-v2 HTML QA	2026-09-14T07:18:02.0627062Z       "rootClass": "pv2-shell",
validate-platform	Validate presentation-v2 HTML QA	2026-09-14T07:18:02.0627429Z       "canvas": {
validate-platform	Validate presentation-v2 HTML QA	2026-09-14T07:18:02.0627720Z         "width": 896,
validate-platform	Validate presentation-v2 HTML QA	2026-09-14T07:18:02.0628033Z         "height": 504,
validate-platform	Validate presentation-v2 HTML QA	2026-09-14T07:18:02.0628350Z         "ratio": 1.778
validate-platform	Validate presentation-v2 HTML QA	2026-09-14T07:18:02.0628638Z       },
validate-platform	Validate presentation-v2 HTML QA	2026-09-14T07:18:02.0628897Z       "spills": [],
validate-platform	Validate presentation-v2 HTML QA	2026-09-14T07:18:02.0629177Z       "notes": {
validate-platform	Validate presentation-v2 HTML QA	2026-09-14T07:18:02.0629479Z         "display": "none",
validate-platform	Validate presentation-v2 HTML QA	2026-09-14T07:18:02.0630647Z         "rightSide": true,
validate-platform	Validate presentation-v2 HTML QA	2026-09-14T07:18:02.0631391Z         "width": 0,
validate-platform	Validate presentation-v2 HTML QA	2026-09-14T07:18:02.0631717Z         "height": 0
validate-platform	Validate presentation-v2 HTML QA	2026-09-14T07:18:02.0632012Z       },
validate-platform	Validate presentation-v2 HTML QA	2026-09-14T07:18:02.0632348Z       "horizontalOverflow": false,
validate-platform	Validate presentation-v2 HTML QA	2026-09-14T07:18:02.0639227Z       "screenshot": "D:\\a\\4veco-platform\\4veco-platform\\ci-artifacts\\presentation-v2-html-qa\\b1-111\\desktop-slide-7.png"
validate-platform	Validate presentation-v2 HTML QA	2026-09-14T07:18:02.0640759Z     },
validate-platform	Validate presentation-v2 HTML QA	2026-09-14T07:18:02.0641082Z     {
validate-platform	Validate presentation-v2 HTML QA	2026-09-14T07:18:02.0641413Z       "scenario": "desktop",
validate-platform	Validate presentation-v2 HTML QA	2026-09-14T07:18:02.0641806Z       "slide": 8,
validate-platform	Validate presentation-v2 HTML QA	2026-09-14T07:18:02.0642187Z       "rootClass": "pv2-shell",
validate-platform	Validate presentation-v2 HTML QA	2026-09-14T07:18:02.0642578Z       "canvas": {
validate-platform	Validate presentation-v2 HTML QA	2026-09-14T07:18:02.0642893Z         "width": 896,
validate-platform	Validate presentation-v2 HTML QA	2026-09-14T07:18:02.0643546Z         "height": 504,
validate-platform	Validate presentation-v2 HTML QA	2026-09-14T07:18:02.0643892Z         "ratio": 1.778
validate-platform	Validate presentation-v2 HTML QA	2026-09-14T07:18:02.0644212Z       },
validate-platform	Validate presentation-v2 HTML QA	2026-09-14T07:18:02.0644501Z       "spills": [],
validate-platform	Validate presentation-v2 HTML QA	2026-09-14T07:18:02.0644831Z       "notes": {
validate-platform	Validate presentation-v2 HTML QA	2026-09-14T07:18:02.0645155Z         "display": "none",
validate-platform	Validate presentation-v2 HTML QA	2026-09-14T07:18:02.0645530Z         "rightSide": true,
validate-platform	Validate presentation-v2 HTML QA	2026-09-14T07:18:02.0645882Z         "width": 0,
validate-platform	Validate presentation-v2 HTML QA	2026-09-14T07:18:02.0646198Z         "height": 0
validate-platform	Validate presentation-v2 HTML QA	2026-09-14T07:18:02.0646502Z       },
validate-platform	Validate presentation-v2 HTML QA	2026-09-14T07:18:02.0646848Z       "horizontalOverflow": false,
validate-platform	Validate presentation-v2 HTML QA	2026-09-14T07:18:02.0647800Z       "screenshot": "D:\\a\\4veco-platform\\4veco-platform\\ci-artifacts\\presentation-v2-html-qa\\b1-111\\desktop-slide-8.png"
validate-platform	Validate presentation-v2 HTML QA	2026-09-14T07:18:02.0648701Z     },
validate-platform	Validate presentation-v2 HTML QA	2026-09-14T07:18:02.0648957Z     {
validate-platform	Validate presentation-v2 HTML QA	2026-09-14T07:18:02.0649238Z       "scenario": "desktop",
validate-platform	Validate presentation-v2 HTML QA	2026-09-14T07:18:02.0649593Z       "slide": 9,
validate-platform	Validate presentation-v2 HTML QA	2026-09-14T07:18:02.0649937Z       "rootClass": "pv2-shell",
validate-platform	Validate presentation-v2 HTML QA	2026-09-14T07:18:02.0650313Z       "canvas": {
validate-platform	Validate presentation-v2 HTML QA	2026-09-14T07:18:02.0650634Z         "width": 896,
validate-platform	Validate presentation-v2 HTML QA	2026-09-14T07:18:02.0650952Z         "height": 504,
validate-platform	Validate presentation-v2 HTML QA	2026-09-14T07:18:02.0651277Z         "ratio": 1.778
validate-platform	Validate presentation-v2 HTML QA	2026-09-14T07:18:02.0651596Z       },
validate-platform	Validate presentation-v2 HTML QA	2026-09-14T07:18:02.0651867Z       "spills": [],
validate-platform	Validate presentation-v2 HTML QA	2026-09-14T07:18:02.0652175Z       "notes": {
validate-platform	Validate presentation-v2 HTML QA	2026-09-14T07:18:02.0652494Z         "display": "none",
validate-platform	Validate presentation-v2 HTML QA	2026-09-14T07:18:02.0653169Z         "rightSide": true,
validate-platform	Validate presentation-v2 HTML QA	2026-09-14T07:18:02.0653571Z         "width": 0,
validate-platform	Validate presentation-v2 HTML QA	2026-09-14T07:18:02.0653871Z         "height": 0
validate-platform	Validate presentation-v2 HTML QA	2026-09-14T07:18:02.0654171Z       },
validate-platform	Validate presentation-v2 HTML QA	2026-09-14T07:18:02.0654512Z       "horizontalOverflow": false,
validate-platform	Validate presentation-v2 HTML QA	2026-09-14T07:18:02.0655521Z       "screenshot": "D:\\a\\4veco-platform\\4veco-platform\\ci-artifacts\\presentation-v2-html-qa\\b1-111\\desktop-slide-9.png"
validate-platform	Validate presentation-v2 HTML QA	2026-09-14T07:18:02.0656428Z     },
validate-platform	Validate presentation-v2 HTML QA	2026-09-14T07:18:02.0656698Z     {
validate-platform	Validate presentation-v2 HTML QA	2026-09-14T07:18:02.0657000Z       "scenario": "desktop",
validate-platform	Validate presentation-v2 HTML QA	2026-09-14T07:18:02.0657363Z       "slide": 10,
validate-platform	Validate presentation-v2 HTML QA	2026-09-14T07:18:02.0657731Z       "rootClass": "pv2-shell",
validate-platform	Validate presentation-v2 HTML QA	2026-09-14T07:18:02.0658119Z       "canvas": {
validate-platform	Validate presentation-v2 HTML QA	2026-09-14T07:18:02.0658443Z         "width": 896,
validate-platform	Validate presentation-v2 HTML QA	2026-09-14T07:18:02.0658766Z         "height": 504,
validate-platform	Validate presentation-v2 HTML QA	2026-09-14T07:18:02.0659105Z         "ratio": 1.778
validate-platform	Validate presentation-v2 HTML QA	2026-09-14T07:18:02.0659413Z       },
validate-platform	Validate presentation-v2 HTML QA	2026-09-14T07:18:02.0659692Z       "spills": [],
validate-platform	Validate presentation-v2 HTML QA	2026-09-14T07:18:02.0659992Z       "notes": {
validate-platform	Validate presentation-v2 HTML QA	2026-09-14T07:18:02.0660297Z         "display": "none",
validate-platform	Validate presentation-v2 HTML QA	2026-09-14T07:18:02.0660633Z         "rightSide": true,
validate-platform	Validate presentation-v2 HTML QA	2026-09-14T07:18:02.0660980Z         "width": 0,
validate-platform	Validate presentation-v2 HTML QA	2026-09-14T07:18:02.0661293Z         "height": 0
validate-platform	Validate presentation-v2 HTML QA	2026-09-14T07:18:02.0661587Z       },
validate-platform	Validate presentation-v2 HTML QA	2026-09-14T07:18:02.0661910Z       "horizontalOverflow": false,
validate-platform	Validate presentation-v2 HTML QA	2026-09-14T07:18:02.0663171Z       "screenshot": "D:\\a\\4veco-platform\\4veco-platform\\ci-artifacts\\presentation-v2-html-qa\\b1-111\\desktop-slide-10.png"
validate-platform	Validate presentation-v2 HTML QA	2026-09-14T07:18:02.0664074Z     },
validate-platform	Validate presentation-v2 HTML QA	2026-09-14T07:18:02.0664333Z     {
validate-platform	Validate presentation-v2 HTML QA	2026-09-14T07:18:02.0664621Z       "scenario": "desktop",
validate-platform	Validate presentation-v2 HTML QA	2026-09-14T07:18:02.0664972Z       "slide": 11,
validate-platform	Validate presentation-v2 HTML QA	2026-09-14T07:18:02.0665332Z       "rootClass": "pv2-shell",
validate-platform	Validate presentation-v2 HTML QA	2026-09-14T07:18:02.0665705Z       "canvas": {
validate-platform	Validate presentation-v2 HTML QA	2026-09-14T07:18:02.0666018Z         "width": 896,
validate-platform	Validate presentation-v2 HTML QA	2026-09-14T07:18:02.0666334Z         "height": 504,
validate-platform	Validate presentation-v2 HTML QA	2026-09-14T07:18:02.0666659Z         "ratio": 1.778
validate-platform	Validate presentation-v2 HTML QA	2026-09-14T07:18:02.0666953Z       },
validate-platform	Validate presentation-v2 HTML QA	2026-09-14T07:18:02.0667211Z       "spills": [],
validate-platform	Validate presentation-v2 HTML QA	2026-09-14T07:18:02.0667515Z       "notes": {
validate-platform	Validate presentation-v2 HTML QA	2026-09-14T07:18:02.0667825Z         "display": "none",
validate-platform	Validate presentation-v2 HTML QA	2026-09-14T07:18:02.0668168Z         "rightSide": true,
validate-platform	Validate presentation-v2 HTML QA	2026-09-14T07:18:02.0668502Z         "width": 0,
validate-platform	Validate presentation-v2 HTML QA	2026-09-14T07:18:02.0668794Z         "height": 0
validate-platform	Validate presentation-v2 HTML QA	2026-09-14T07:18:02.0669068Z       },
validate-platform	Validate presentation-v2 HTML QA	2026-09-14T07:18:02.0669401Z       "horizontalOverflow": false,
validate-platform	Validate presentation-v2 HTML QA	2026-09-14T07:18:02.0670382Z       "screenshot": "D:\\a\\4veco-platform\\4veco-platform\\ci-artifacts\\presentation-v2-html-qa\\b1-111\\desktop-slide-11.png"
validate-platform	Validate presentation-v2 HTML QA	2026-09-14T07:18:02.0671286Z     },
validate-platform	Validate presentation-v2 HTML QA	2026-09-14T07:18:02.0671539Z     {
validate-platform	Validate presentation-v2 HTML QA	2026-09-14T07:18:02.0671843Z       "scenario": "wide-notes",
validate-platform	Validate presentation-v2 HTML QA	2026-09-14T07:18:02.0672194Z       "slide": 1,
validate-platform	Validate presentation-v2 HTML QA	2026-09-14T07:18:02.0674009Z       "rootClass": "pv2-shell pv2-speaker-notes-open",
validate-platform	Validate presentation-v2 HTML QA	2026-09-14T07:18:02.0674494Z       "canvas": {
validate-platform	Validate presentation-v2 HTML QA	2026-09-14T07:18:02.0674804Z         "width": 862,
validate-platform	Validate presentation-v2 HTML QA	2026-09-14T07:18:02.0675121Z         "height": 485,
validate-platform	Validate presentation-v2 HTML QA	2026-09-14T07:18:02.0675441Z         "ratio": 1.778
validate-platform	Validate presentation-v2 HTML QA	2026-09-14T07:18:02.0675737Z       },
validate-platform	Validate presentation-v2 HTML QA	2026-09-14T07:18:02.0675994Z       "spills": [],
validate-platform	Validate presentation-v2 HTML QA	2026-09-14T07:18:02.0676278Z       "notes": {
validate-platform	Validate presentation-v2 HTML QA	2026-09-14T07:18:02.0676579Z         "display": "block",
validate-platform	Validate presentation-v2 HTML QA	2026-09-14T07:18:02.0676937Z         "rightSide": true,
validate-platform	Validate presentation-v2 HTML QA	2026-09-14T07:18:02.0677268Z         "width": 330,
validate-platform	Validate presentation-v2 HTML QA	2026-09-14T07:18:02.0677575Z         "height": 576
validate-platform	Validate presentation-v2 HTML QA	2026-09-14T07:18:02.0677873Z       },
validate-platform	Validate presentation-v2 HTML QA	2026-09-14T07:18:02.0678189Z       "horizontalOverflow": false,
validate-platform	Validate presentation-v2 HTML QA	2026-09-14T07:18:02.0679168Z       "screenshot": "D:\\a\\4veco-platform\\4veco-platform\\ci-artifacts\\presentation-v2-html-qa\\b1-111\\wide-notes-slide-1.png"
validate-platform	Validate presentation-v2 HTML QA	2026-09-14T07:18:02.0680044Z     },
validate-platform	Validate presentation-v2 HTML QA	2026-09-14T07:18:02.0680292Z     {
validate-platform	Validate presentation-v2 HTML QA	2026-09-14T07:18:02.0680589Z       "scenario": "wide-notes",
validate-platform	Validate presentation-v2 HTML QA	2026-09-14T07:18:02.0680959Z       "slide": 2,
validate-platform	Validate presentation-v2 HTML QA	2026-09-14T07:18:02.0681370Z       "rootClass": "pv2-shell pv2-speaker-notes-open",
validate-platform	Validate presentation-v2 HTML QA	2026-09-14T07:18:02.0681840Z       "canvas": {
validate-platform	Validate presentation-v2 HTML QA	2026-09-14T07:18:02.0682136Z         "width": 862,
validate-platform	Validate presentation-v2 HTML QA	2026-09-14T07:18:02.0682459Z         "height": 485,
validate-platform	Validate presentation-v2 HTML QA	2026-09-14T07:18:02.0682774Z         "ratio": 1.778
validate-platform	Validate presentation-v2 HTML QA	2026-09-14T07:18:02.0683061Z       },
validate-platform	Validate presentation-v2 HTML QA	2026-09-14T07:18:02.0683329Z       "spills": [],
validate-platform	Validate presentation-v2 HTML QA	2026-09-14T07:18:02.0683626Z       "notes": {
validate-platform	Validate presentation-v2 HTML QA	2026-09-14T07:18:02.0683938Z         "display": "block",
validate-platform	Validate presentation-v2 HTML QA	2026-09-14T07:18:02.0684293Z         "rightSide": true,
validate-platform	Validate presentation-v2 HTML QA	2026-09-14T07:18:02.0684640Z         "width": 330,
validate-platform	Validate presentation-v2 HTML QA	2026-09-14T07:18:02.0684955Z         "height": 506
validate-platform	Validate presentation-v2 HTML QA	2026-09-14T07:18:02.0685257Z       },
validate-platform	Validate presentation-v2 HTML QA	2026-09-14T07:18:02.0685575Z       "horizontalOverflow": false,
validate-platform	Validate presentation-v2 HTML QA	2026-09-14T07:18:02.0686552Z       "screenshot": "D:\\a\\4veco-platform\\4veco-platform\\ci-artifacts\\presentation-v2-html-qa\\b1-111\\wide-notes-slide-2.png"
validate-platform	Validate presentation-v2 HTML QA	2026-09-14T07:18:02.0687415Z     },
validate-platform	Validate presentation-v2 HTML QA	2026-09-14T07:18:02.0687665Z     {
validate-platform	Validate presentation-v2 HTML QA	2026-09-14T07:18:02.0687969Z       "scenario": "wide-notes",
validate-platform	Validate presentation-v2 HTML QA	2026-09-14T07:18:02.0688341Z       "slide": 3,
validate-platform	Validate presentation-v2 HTML QA	2026-09-14T07:18:02.0688768Z       "rootClass": "pv2-shell pv2-speaker-notes-open",
validate-platform	Validate presentation-v2 HTML QA	2026-09-14T07:18:02.0689227Z       "canvas": {
validate-platform	Validate presentation-v2 HTML QA	2026-09-14T07:18:02.0689506Z         "width": 862,
validate-platform	Validate presentation-v2 HTML QA	2026-09-14T07:18:02.0689811Z         "height": 485,
validate-platform	Validate presentation-v2 HTML QA	2026-09-14T07:18:02.0690114Z         "ratio": 1.778
validate-platform	Validate presentation-v2 HTML QA	2026-09-14T07:18:02.0690399Z       },
validate-platform	Validate presentation-v2 HTML QA	2026-09-14T07:18:02.0690653Z       "spills": [],
validate-platform	Validate presentation-v2 HTML QA	2026-09-14T07:18:02.0690946Z       "notes": {
validate-platform	Validate presentation-v2 HTML QA	2026-09-14T07:18:02.0691241Z         "display": "block",
validate-platform	Validate presentation-v2 HTML QA	2026-09-14T07:18:02.0691771Z         "rightSide": true,
validate-platform	Validate presentation-v2 HTML QA	2026-09-14T07:18:02.0692105Z         "width": 330,
validate-platform	Validate presentation-v2 HTML QA	2026-09-14T07:18:02.0692402Z         "height": 576
validate-platform	Validate presentation-v2 HTML QA	2026-09-14T07:18:02.0692698Z       },
validate-platform	Validate presentation-v2 HTML QA	2026-09-14T07:18:02.0693012Z       "horizontalOverflow": false,
validate-platform	Validate presentation-v2 HTML QA	2026-09-14T07:18:02.0694289Z       "screenshot": "D:\\a\\4veco-platform\\4veco-platform\\ci-artifacts\\presentation-v2-html-qa\\b1-111\\wide-notes-slide-3.png"
validate-platform	Validate presentation-v2 HTML QA	2026-09-14T07:18:02.0695188Z     },
validate-platform	Validate presentation-v2 HTML QA	2026-09-14T07:18:02.0695445Z     {
validate-platform	Validate presentation-v2 HTML QA	2026-09-14T07:18:02.0695739Z       "scenario": "wide-notes",
validate-platform	Validate presentation-v2 HTML QA	2026-09-14T07:18:02.0696106Z       "slide": 4,
validate-platform	Validate presentation-v2 HTML QA	2026-09-14T07:18:02.0696516Z       "rootClass": "pv2-shell pv2-speaker-notes-open",
validate-platform	Validate presentation-v2 HTML QA	2026-09-14T07:18:02.0696984Z       "canvas": {
validate-platform	Validate presentation-v2 HTML QA	2026-09-14T07:18:02.0697271Z         "width": 862,
validate-platform	Validate presentation-v2 HTML QA	2026-09-14T07:18:02.0697652Z         "height": 485,
validate-platform	Validate presentation-v2 HTML QA	2026-09-14T07:18:02.0697963Z         "ratio": 1.778
validate-platform	Validate presentation-v2 HTML QA	2026-09-14T07:18:02.0698248Z       },
validate-platform	Validate presentation-v2 HTML QA	2026-09-14T07:18:02.0698520Z       "spills": [],
validate-platform	Validate presentation-v2 HTML QA	2026-09-14T07:18:02.0698811Z       "notes": {
validate-platform	Validate presentation-v2 HTML QA	2026-09-14T07:18:02.0699111Z         "display": "block",
validate-platform	Validate presentation-v2 HTML QA	2026-09-14T07:18:02.0699449Z         "rightSide": true,
validate-platform	Validate presentation-v2 HTML QA	2026-09-14T07:18:02.0699784Z         "width": 330,
validate-platform	Validate presentation-v2 HTML QA	2026-09-14T07:18:02.0700077Z         "height": 506
validate-platform	Validate presentation-v2 HTML QA	2026-09-14T07:18:02.0700357Z       },
validate-platform	Validate presentation-v2 HTML QA	2026-09-14T07:18:02.0700667Z       "horizontalOverflow": false,
validate-platform	Validate presentation-v2 HTML QA	2026-09-14T07:18:02.0701621Z       "screenshot": "D:\\a\\4veco-platform\\4veco-platform\\ci-artifacts\\presentation-v2-html-qa\\b1-111\\wide-notes-slide-4.png"
validate-platform	Validate presentation-v2 HTML QA	2026-09-14T07:18:02.0702643Z     },
validate-platform	Validate presentation-v2 HTML QA	2026-09-14T07:18:02.0702880Z     {
validate-platform	Validate presentation-v2 HTML QA	2026-09-14T07:18:02.0703176Z       "scenario": "wide-notes",
validate-platform	Validate presentation-v2 HTML QA	2026-09-14T07:18:02.0703526Z       "slide": 5,
validate-platform	Validate presentation-v2 HTML QA	2026-09-14T07:18:02.0703939Z       "rootClass": "pv2-shell pv2-speaker-notes-open",
validate-platform	Validate presentation-v2 HTML QA	2026-09-14T07:18:02.0704398Z       "canvas": {
validate-platform	Validate presentation-v2 HTML QA	2026-09-14T07:18:02.0704690Z         "width": 862,
validate-platform	Validate presentation-v2 HTML QA	2026-09-14T07:18:02.0705001Z         "height": 485,
validate-platform	Validate presentation-v2 HTML QA	2026-09-14T07:18:02.0705329Z         "ratio": 1.778
validate-platform	Validate presentation-v2 HTML QA	2026-09-14T07:18:02.0705631Z       },
validate-platform	Validate presentation-v2 HTML QA	2026-09-14T07:18:02.0705896Z       "spills": [],
validate-platform	Validate presentation-v2 HTML QA	2026-09-14T07:18:02.0706213Z       "notes": {
validate-platform	Validate presentation-v2 HTML QA	2026-09-14T07:18:02.0706525Z         "display": "block",
validate-platform	Validate presentation-v2 HTML QA	2026-09-14T07:18:02.0706885Z         "rightSide": true,
validate-platform	Validate presentation-v2 HTML QA	2026-09-14T07:18:02.0707226Z         "width": 330,
validate-platform	Validate presentation-v2 HTML QA	2026-09-14T07:18:02.0707549Z         "height": 485
validate-platform	Validate presentation-v2 HTML QA	2026-09-14T07:18:02.0707849Z       },
validate-platform	Validate presentation-v2 HTML QA	2026-09-14T07:18:02.0708185Z       "horizontalOverflow": false,
validate-platform	Validate presentation-v2 HTML QA	2026-09-14T07:18:02.0709199Z       "screenshot": "D:\\a\\4veco-platform\\4veco-platform\\ci-artifacts\\presentation-v2-html-qa\\b1-111\\wide-notes-slide-5.png"
validate-platform	Validate presentation-v2 HTML QA	2026-09-14T07:18:02.0710107Z     },
validate-platform	Validate presentation-v2 HTML QA	2026-09-14T07:18:02.0710349Z     {
validate-platform	Validate presentation-v2 HTML QA	2026-09-14T07:18:02.0710644Z       "scenario": "wide-notes",
validate-platform	Validate presentation-v2 HTML QA	2026-09-14T07:18:02.0710999Z       "slide": 6,
validate-platform	Validate presentation-v2 HTML QA	2026-09-14T07:18:02.0711394Z       "rootClass": "pv2-shell pv2-speaker-notes-open",
validate-platform	Validate presentation-v2 HTML QA	2026-09-14T07:18:02.0711868Z       "canvas": {
validate-platform	Validate presentation-v2 HTML QA	2026-09-14T07:18:02.0712158Z         "width": 862,
validate-platform	Validate presentation-v2 HTML QA	2026-09-14T07:18:02.0712475Z         "height": 485,
validate-platform	Validate presentation-v2 HTML QA	2026-09-14T07:18:02.0712783Z         "ratio": 1.778
validate-platform	Validate presentation-v2 HTML QA	2026-09-14T07:18:02.0713094Z       },
validate-platform	Validate presentation-v2 HTML QA	2026-09-14T07:18:02.0713614Z       "spills": [],
validate-platform	Validate presentation-v2 HTML QA	2026-09-14T07:18:02.0713929Z       "notes": {
validate-platform	Validate presentation-v2 HTML QA	2026-09-14T07:18:02.0714236Z         "display": "block",
validate-platform	Validate presentation-v2 HTML QA	2026-09-14T07:18:02.0714589Z         "rightSide": true,
validate-platform	Validate presentation-v2 HTML QA	2026-09-14T07:18:02.0714935Z         "width": 330,
validate-platform	Validate presentation-v2 HTML QA	2026-09-14T07:18:02.0715235Z         "height": 576
validate-platform	Validate presentation-v2 HTML QA	2026-09-14T07:18:02.0715530Z       },
validate-platform	Validate presentation-v2 HTML QA	2026-09-14T07:18:02.0715854Z       "horizontalOverflow": false,
validate-platform	Validate presentation-v2 HTML QA	2026-09-14T07:18:02.0716862Z       "screenshot": "D:\\a\\4veco-platform\\4veco-platform\\ci-artifacts\\presentation-v2-html-qa\\b1-111\\wide-notes-slide-6.png"
validate-platform	Validate presentation-v2 HTML QA	2026-09-14T07:18:02.0717783Z     },
validate-platform	Validate presentation-v2 HTML QA	2026-09-14T07:18:02.0718038Z     {
validate-platform	Validate presentation-v2 HTML QA	2026-09-14T07:18:02.0718352Z       "scenario": "wide-notes",
validate-platform	Validate presentation-v2 HTML QA	2026-09-14T07:18:02.0718702Z       "slide": 7,
validate-platform	Validate presentation-v2 HTML QA	2026-09-14T07:18:02.0719158Z       "rootClass": "pv2-shell pv2-speaker-notes-open",
validate-platform	Validate presentation-v2 HTML QA	2026-09-14T07:18:02.0719674Z       "canvas": {
validate-platform	Validate presentation-v2 HTML QA	2026-09-14T07:18:02.0719962Z         "width": 862,
validate-platform	Validate presentation-v2 HTML QA	2026-09-14T07:18:02.0720350Z         "height": 485,
validate-platform	Validate presentation-v2 HTML QA	2026-09-14T07:18:02.0721718Z         "ratio": 1.778
validate-platform	Validate presentation-v2 HTML QA	2026-09-14T07:18:02.0722075Z       },
validate-platform	Validate presentation-v2 HTML QA	2026-09-14T07:18:02.0722397Z       "spills": [],
validate-platform	Validate presentation-v2 HTML QA	2026-09-14T07:18:02.0722715Z       "notes": {
validate-platform	Validate presentation-v2 HTML QA	2026-09-14T07:18:02.0723038Z         "display": "block",
validate-platform	Validate presentation-v2 HTML QA	2026-09-14T07:18:02.0723396Z         "rightSide": true,
validate-platform	Validate presentation-v2 HTML QA	2026-09-14T07:18:02.0723748Z         "width": 330,
validate-platform	Validate presentation-v2 HTML QA	2026-09-14T07:18:02.0732333Z         "height": 506
validate-platform	Validate presentation-v2 HTML QA	2026-09-14T07:18:02.0732961Z       },
validate-platform	Validate presentation-v2 HTML QA	2026-09-14T07:18:02.0733774Z       "horizontalOverflow": false,
validate-platform	Validate presentation-v2 HTML QA	2026-09-14T07:18:02.0735110Z       "screenshot": "D:\\a\\4veco-platform\\4veco-platform\\ci-artifacts\\presentation-v2-html-qa\\b1-111\\wide-notes-slide-7.png"
validate-platform	Validate presentation-v2 HTML QA	2026-09-14T07:18:02.0736305Z     },
validate-platform	Validate presentation-v2 HTML QA	2026-09-14T07:18:02.0736577Z     {
validate-platform	Validate presentation-v2 HTML QA	2026-09-14T07:18:02.0736904Z       "scenario": "wide-notes",
validate-platform	Validate presentation-v2 HTML QA	2026-09-14T07:18:02.0737286Z       "slide": 8,
validate-platform	Validate presentation-v2 HTML QA	2026-09-14T07:18:02.0737741Z       "rootClass": "pv2-shell pv2-speaker-notes-open",
validate-platform	Validate presentation-v2 HTML QA	2026-09-14T07:18:02.0738251Z       "canvas": {
validate-platform	Validate presentation-v2 HTML QA	2026-09-14T07:18:02.0738579Z         "width": 862,
validate-platform	Validate presentation-v2 HTML QA	2026-09-14T07:18:02.0738905Z         "height": 485,
validate-platform	Validate presentation-v2 HTML QA	2026-09-14T07:18:02.0739245Z         "ratio": 1.778
validate-platform	Validate presentation-v2 HTML QA	2026-09-14T07:18:02.0739557Z       },
validate-platform	Validate presentation-v2 HTML QA	2026-09-14T07:18:02.0740073Z       "spills": [],
validate-platform	Validate presentation-v2 HTML QA	2026-09-14T07:18:02.0741176Z       "notes": {
validate-platform	Validate presentation-v2 HTML QA	2026-09-14T07:18:02.0741670Z         "display": "block",
validate-platform	Validate presentation-v2 HTML QA	2026-09-14T07:18:02.0742101Z         "rightSide": true,
validate-platform	Validate presentation-v2 HTML QA	2026-09-14T07:18:02.0742794Z         "width": 330,
validate-platform	Validate presentation-v2 HTML QA	2026-09-14T07:18:02.0743140Z         "height": 554
validate-platform	Validate presentation-v2 HTML QA	2026-09-14T07:18:02.0743491Z       },
validate-platform	Validate presentation-v2 HTML QA	2026-09-14T07:18:02.0743876Z       "horizontalOverflow": false,
validate-platform	Validate presentation-v2 HTML QA	2026-09-14T07:18:02.0745644Z       "screenshot": "D:\\a\\4veco-platform\\4veco-platform\\ci-artifacts\\presentation-v2-html-qa\\b1-111\\wide-notes-slide-8.png"
validate-platform	Validate presentation-v2 HTML QA	2026-09-14T07:18:02.0747039Z     },
validate-platform	Validate presentation-v2 HTML QA	2026-09-14T07:18:02.0747684Z     {
validate-platform	Validate presentation-v2 HTML QA	2026-09-14T07:18:02.0748809Z       "scenario": "wide-notes",
validate-platform	Validate presentation-v2 HTML QA	2026-09-14T07:18:02.0749297Z       "slide": 9,
validate-platform	Validate presentation-v2 HTML QA	2026-09-14T07:18:02.0749726Z       "rootClass": "pv2-shell pv2-speaker-notes-open",
validate-platform	Validate presentation-v2 HTML QA	2026-09-14T07:18:02.0750211Z       "canvas": {
validate-platform	Validate presentation-v2 HTML QA	2026-09-14T07:18:02.0750528Z         "width": 862,
validate-platform	Validate presentation-v2 HTML QA	2026-09-14T07:18:02.0750906Z         "height": 485,
validate-platform	Validate presentation-v2 HTML QA	2026-09-14T07:18:02.0751603Z         "ratio": 1.778
validate-platform	Validate presentation-v2 HTML QA	2026-09-14T07:18:02.0751926Z       },
validate-platform	Validate presentation-v2 HTML QA	2026-09-14T07:18:02.0752205Z       "spills": [],
validate-platform	Validate presentation-v2 HTML QA	2026-09-14T07:18:02.0752504Z       "notes": {
validate-platform	Validate presentation-v2 HTML QA	2026-09-14T07:18:02.0752814Z         "display": "block",
validate-platform	Validate presentation-v2 HTML QA	2026-09-14T07:18:02.0753183Z         "rightSide": true,
validate-platform	Validate presentation-v2 HTML QA	2026-09-14T07:18:02.0753534Z         "width": 330,
validate-platform	Validate presentation-v2 HTML QA	2026-09-14T07:18:02.0754086Z         "height": 485
validate-platform	Validate presentation-v2 HTML QA	2026-09-14T07:18:02.0754432Z       },
validate-platform	Validate presentation-v2 HTML QA	2026-09-14T07:18:02.0754773Z       "horizontalOverflow": false,
validate-platform	Validate presentation-v2 HTML QA	2026-09-14T07:18:02.0755814Z       "screenshot": "D:\\a\\4veco-platform\\4veco-platform\\ci-artifacts\\presentation-v2-html-qa\\b1-111\\wide-notes-slide-9.png"
validate-platform	Validate presentation-v2 HTML QA	2026-09-14T07:18:02.0756751Z     },
validate-platform	Validate presentation-v2 HTML QA	2026-09-14T07:18:02.0757011Z     {
validate-platform	Validate presentation-v2 HTML QA	2026-09-14T07:18:02.0757335Z       "scenario": "wide-notes",
validate-platform	Validate presentation-v2 HTML QA	2026-09-14T07:18:02.0757708Z       "slide": 10,
validate-platform	Validate presentation-v2 HTML QA	2026-09-14T07:18:02.0758149Z       "rootClass": "pv2-shell pv2-speaker-notes-open",
validate-platform	Validate presentation-v2 HTML QA	2026-09-14T07:18:02.0758640Z       "canvas": {
validate-platform	Validate presentation-v2 HTML QA	2026-09-14T07:18:02.0758952Z         "width": 862,
validate-platform	Validate presentation-v2 HTML QA	2026-09-14T07:18:02.0759266Z         "height": 485,
validate-platform	Validate presentation-v2 HTML QA	2026-09-14T07:18:02.0759563Z         "ratio": 1.778
validate-platform	Validate presentation-v2 HTML QA	2026-09-14T07:18:02.0759853Z       },
validate-platform	Validate presentation-v2 HTML QA	2026-09-14T07:18:02.0760144Z       "spills": [],
validate-platform	Validate presentation-v2 HTML QA	2026-09-14T07:18:02.0760484Z       "notes": {
validate-platform	Validate presentation-v2 HTML QA	2026-09-14T07:18:02.0760777Z         "display": "block",
validate-platform	Validate presentation-v2 HTML QA	2026-09-14T07:18:02.0761139Z         "rightSide": true,
validate-platform	Validate presentation-v2 HTML QA	2026-09-14T07:18:02.0761488Z         "width": 330,
validate-platform	Validate presentation-v2 HTML QA	2026-09-14T07:18:02.0761807Z         "height": 530
validate-platform	Validate presentation-v2 HTML QA	2026-09-14T07:18:02.0762107Z       },
validate-platform	Validate presentation-v2 HTML QA	2026-09-14T07:18:02.0762433Z       "horizontalOverflow": false,
validate-platform	Validate presentation-v2 HTML QA	2026-09-14T07:18:02.0763482Z       "screenshot": "D:\\a\\4veco-platform\\4veco-platform\\ci-artifacts\\presentation-v2-html-qa\\b1-111\\wide-notes-slide-10.png"
validate-platform	Validate presentation-v2 HTML QA	2026-09-14T07:18:02.0764451Z     },
validate-platform	Validate presentation-v2 HTML QA	2026-09-14T07:18:02.0764718Z     {
validate-platform	Validate presentation-v2 HTML QA	2026-09-14T07:18:02.0765032Z       "scenario": "wide-notes",
validate-platform	Validate presentation-v2 HTML QA	2026-09-14T07:18:02.0765685Z       "slide": 11,
validate-platform	Validate presentation-v2 HTML QA	2026-09-14T07:18:02.0766142Z       "rootClass": "pv2-shell pv2-speaker-notes-open",
validate-platform	Validate presentation-v2 HTML QA	2026-09-14T07:18:02.0766628Z       "canvas": {
validate-platform	Validate presentation-v2 HTML QA	2026-09-14T07:18:02.0766940Z         "width": 862,
validate-platform	Validate presentation-v2 HTML QA	2026-09-14T07:18:02.0767266Z         "height": 485,
validate-platform	Validate presentation-v2 HTML QA	2026-09-14T07:18:02.0767597Z         "ratio": 1.778
validate-platform	Validate presentation-v2 HTML QA	2026-09-14T07:18:02.0767905Z       },
validate-platform	Validate presentation-v2 HTML QA	2026-09-14T07:18:02.0768194Z       "spills": [],
validate-platform	Validate presentation-v2 HTML QA	2026-09-14T07:18:02.0768498Z       "notes": {
validate-platform	Validate presentation-v2 HTML QA	2026-09-14T07:18:02.0768805Z         "display": "block",
validate-platform	Validate presentation-v2 HTML QA	2026-09-14T07:18:02.0769186Z         "rightSide": true,
validate-platform	Validate presentation-v2 HTML QA	2026-09-14T07:18:02.0769537Z         "width": 330,
validate-platform	Validate presentation-v2 HTML QA	2026-09-14T07:18:02.0769861Z         "height": 506
validate-platform	Validate presentation-v2 HTML QA	2026-09-14T07:18:02.0770166Z       },
validate-platform	Validate presentation-v2 HTML QA	2026-09-14T07:18:02.0770521Z       "horizontalOverflow": false,
validate-platform	Validate presentation-v2 HTML QA	2026-09-14T07:18:02.0771616Z       "screenshot": "D:\\a\\4veco-platform\\4veco-platform\\ci-artifacts\\presentation-v2-html-qa\\b1-111\\wide-notes-slide-11.png"
validate-platform	Validate presentation-v2 HTML QA	2026-09-14T07:18:02.0772585Z     },
validate-platform	Validate presentation-v2 HTML QA	2026-09-14T07:18:02.0772861Z     {
validate-platform	Validate presentation-v2 HTML QA	2026-09-14T07:18:02.0773199Z       "scenario": "fullscreen",
validate-platform	Validate presentation-v2 HTML QA	2026-09-14T07:18:02.0773601Z       "slide": 1,
validate-platform	Validate presentation-v2 HTML QA	2026-09-14T07:18:02.0774643Z       "rootClass": "pv2-shell is-fullscreen",
validate-platform	Validate presentation-v2 HTML QA	2026-09-14T07:18:02.0775163Z       "canvas": {
validate-platform	Validate presentation-v2 HTML QA	2026-09-14T07:18:02.0775485Z         "width": 1152,
validate-platform	Validate presentation-v2 HTML QA	2026-09-14T07:18:02.0775826Z         "height": 648,
validate-platform	Validate presentation-v2 HTML QA	2026-09-14T07:18:02.0776155Z         "ratio": 1.778
validate-platform	Validate presentation-v2 HTML QA	2026-09-14T07:18:02.0776712Z       },
validate-platform	Validate presentation-v2 HTML QA	2026-09-14T07:18:02.0776994Z       "spills": [],
validate-platform	Validate presentation-v2 HTML QA	2026-09-14T07:18:02.0777309Z       "notes": {
validate-platform	Validate presentation-v2 HTML QA	2026-09-14T07:18:02.0777626Z         "display": "none",
validate-platform	Validate presentation-v2 HTML QA	2026-09-14T07:18:02.0778000Z         "rightSide": true,
validate-platform	Validate presentation-v2 HTML QA	2026-09-14T07:18:02.0778361Z         "width": 0,
validate-platform	Validate presentation-v2 HTML QA	2026-09-14T07:18:02.0778670Z         "height": 0
validate-platform	Validate presentation-v2 HTML QA	2026-09-14T07:18:02.0778969Z       },
validate-platform	Validate presentation-v2 HTML QA	2026-09-14T07:18:02.0779309Z       "horizontalOverflow": false,
validate-platform	Validate presentation-v2 HTML QA	2026-09-14T07:18:02.0780374Z       "screenshot": "D:\\a\\4veco-platform\\4veco-platform\\ci-artifacts\\presentation-v2-html-qa\\b1-111\\fullscreen-slide-1.png"
validate-platform	Validate presentation-v2 HTML QA	2026-09-14T07:18:02.0781333Z     },
validate-platform	Validate presentation-v2 HTML QA	2026-09-14T07:18:02.0781601Z     {
validate-platform	Validate presentation-v2 HTML QA	2026-09-14T07:18:02.0781926Z       "scenario": "fullscreen",
validate-platform	Validate presentation-v2 HTML QA	2026-09-14T07:18:02.0782313Z       "slide": 2,
validate-platform	Validate presentation-v2 HTML QA	2026-09-14T07:18:02.0782715Z       "rootClass": "pv2-shell is-fullscreen",
validate-platform	Validate presentation-v2 HTML QA	2026-09-14T07:18:02.0783914Z       "canvas": {
validate-platform	Validate presentation-v2 HTML QA	2026-09-14T07:18:02.0784297Z         "width": 1152,
validate-platform	Validate presentation-v2 HTML QA	2026-09-14T07:18:02.0784651Z         "height": 648,
validate-platform	Validate presentation-v2 HTML QA	2026-09-14T07:18:02.0785204Z         "ratio": 1.778
validate-platform	Validate presentation-v2 HTML QA	2026-09-14T07:18:02.0785514Z       },
validate-platform	Validate presentation-v2 HTML QA	2026-09-14T07:18:02.0785797Z       "spills": [],
validate-platform	Validate presentation-v2 HTML QA	2026-09-14T07:18:02.0786105Z       "notes": {
validate-platform	Validate presentation-v2 HTML QA	2026-09-14T07:18:02.0786435Z         "display": "none",
validate-platform	Validate presentation-v2 HTML QA	2026-09-14T07:18:02.0786801Z         "rightSide": true,
validate-platform	Validate presentation-v2 HTML QA	2026-09-14T07:18:02.0787149Z         "width": 0,
validate-platform	Validate presentation-v2 HTML QA	2026-09-14T07:18:02.0787461Z         "height": 0
validate-platform	Validate presentation-v2 HTML QA	2026-09-14T07:18:02.0787760Z       },
validate-platform	Validate presentation-v2 HTML QA	2026-09-14T07:18:02.0788111Z       "horizontalOverflow": false,
validate-platform	Validate presentation-v2 HTML QA	2026-09-14T07:18:02.0789425Z       "screenshot": "D:\\a\\4veco-platform\\4veco-platform\\ci-artifacts\\presentation-v2-html-qa\\b1-111\\fullscreen-slide-2.png"
validate-platform	Validate presentation-v2 HTML QA	2026-09-14T07:18:02.0790413Z     },
validate-platform	Validate presentation-v2 HTML QA	2026-09-14T07:18:02.0790683Z     {
validate-platform	Validate presentation-v2 HTML QA	2026-09-14T07:18:02.0791016Z       "scenario": "fullscreen",
validate-platform	Validate presentation-v2 HTML QA	2026-09-14T07:18:02.0791389Z       "slide": 3,
validate-platform	Validate presentation-v2 HTML QA	2026-09-14T07:18:02.0791787Z       "rootClass": "pv2-shell is-fullscreen",
validate-platform	Validate presentation-v2 HTML QA	2026-09-14T07:18:02.0792244Z       "canvas": {
validate-platform	Validate presentation-v2 HTML QA	2026-09-14T07:18:02.0792556Z         "width": 1152,
validate-platform	Validate presentation-v2 HTML QA	2026-09-14T07:18:02.0792889Z         "height": 648,
validate-platform	Validate presentation-v2 HTML QA	2026-09-14T07:18:02.0793210Z         "ratio": 1.778
validate-platform	Validate presentation-v2 HTML QA	2026-09-14T07:18:02.0793522Z       },
validate-platform	Validate presentation-v2 HTML QA	2026-09-14T07:18:02.0794419Z       "spills": [],
validate-platform	Validate presentation-v2 HTML QA	2026-09-14T07:18:02.0794739Z       "notes": {
validate-platform	Validate presentation-v2 HTML QA	2026-09-14T07:18:02.0795053Z         "display": "none",
validate-platform	Validate presentation-v2 HTML QA	2026-09-14T07:18:02.0795415Z         "rightSide": true,
validate-platform	Validate presentation-v2 HTML QA	2026-09-14T07:18:02.0795762Z         "width": 0,
validate-platform	Validate presentation-v2 HTML QA	2026-09-14T07:18:02.0796064Z         "height": 0
validate-platform	Validate presentation-v2 HTML QA	2026-09-14T07:18:02.0796362Z       },
validate-platform	Validate presentation-v2 HTML QA	2026-09-14T07:18:02.0796703Z       "horizontalOverflow": false,
validate-platform	Validate presentation-v2 HTML QA	2026-09-14T07:18:02.0797837Z       "screenshot": "D:\\a\\4veco-platform\\4veco-platform\\ci-artifacts\\presentation-v2-html-qa\\b1-111\\fullscreen-slide-3.png"
validate-platform	Validate presentation-v2 HTML QA	2026-09-14T07:18:02.0799012Z     },
validate-platform	Validate presentation-v2 HTML QA	2026-09-14T07:18:02.0799280Z     {
validate-platform	Validate presentation-v2 HTML QA	2026-09-14T07:18:02.0799604Z       "scenario": "fullscreen",
validate-platform	Validate presentation-v2 HTML QA	2026-09-14T07:18:02.0799984Z       "slide": 4,
validate-platform	Validate presentation-v2 HTML QA	2026-09-14T07:18:02.0800370Z       "rootClass": "pv2-shell is-fullscreen",
validate-platform	Validate presentation-v2 HTML QA	2026-09-14T07:18:02.0800823Z       "canvas": {
validate-platform	Validate presentation-v2 HTML QA	2026-09-14T07:18:02.0801135Z         "width": 1152,
validate-platform	Validate presentation-v2 HTML QA	2026-09-14T07:18:02.0801452Z         "height": 648,
validate-platform	Validate presentation-v2 HTML QA	2026-09-14T07:18:02.0801783Z         "ratio": 1.778
validate-platform	Validate presentation-v2 HTML QA	2026-09-14T07:18:02.0802093Z       },
validate-platform	Validate presentation-v2 HTML QA	2026-09-14T07:18:02.0802375Z       "spills": [],
validate-platform	Validate presentation-v2 HTML QA	2026-09-14T07:18:02.0802683Z       "notes": {
validate-platform	Validate presentation-v2 HTML QA	2026-09-14T07:18:02.0802998Z         "display": "none",
validate-platform	Validate presentation-v2 HTML QA	2026-09-14T07:18:02.0803353Z         "rightSide": true,
validate-platform	Validate presentation-v2 HTML QA	2026-09-14T07:18:02.0803694Z         "width": 0,
validate-platform	Validate presentation-v2 HTML QA	2026-09-14T07:18:02.0804005Z         "height": 0
validate-platform	Validate presentation-v2 HTML QA	2026-09-14T07:18:02.0804299Z       },
validate-platform	Validate presentation-v2 HTML QA	2026-09-14T07:18:02.0804635Z       "horizontalOverflow": false,
validate-platform	Validate presentation-v2 HTML QA	2026-09-14T07:18:02.0805668Z       "screenshot": "D:\\a\\4veco-platform\\4veco-platform\\ci-artifacts\\presentation-v2-html-qa\\b1-111\\fullscreen-slide-4.png"
validate-platform	Validate presentation-v2 HTML QA	2026-09-14T07:18:02.0806611Z     },
validate-platform	Validate presentation-v2 HTML QA	2026-09-14T07:18:02.0806870Z     {
validate-platform	Validate presentation-v2 HTML QA	2026-09-14T07:18:02.0807185Z       "scenario": "fullscreen",
validate-platform	Validate presentation-v2 HTML QA	2026-09-14T07:18:02.0807554Z       "slide": 5,
validate-platform	Validate presentation-v2 HTML QA	2026-09-14T07:18:02.0807939Z       "rootClass": "pv2-shell is-fullscreen",
validate-platform	Validate presentation-v2 HTML QA	2026-09-14T07:18:02.0808537Z       "canvas": {
validate-platform	Validate presentation-v2 HTML QA	2026-09-14T07:18:02.0808845Z         "width": 1152,
validate-platform	Validate presentation-v2 HTML QA	2026-09-14T07:18:02.0809431Z         "height": 648,
validate-platform	Validate presentation-v2 HTML QA	2026-09-14T07:18:02.0809769Z         "ratio": 1.778
validate-platform	Validate presentation-v2 HTML QA	2026-09-14T07:18:02.0810081Z       },
validate-platform	Validate presentation-v2 HTML QA	2026-09-14T07:18:02.0810356Z       "spills": [],
validate-platform	Validate presentation-v2 HTML QA	2026-09-14T07:18:02.0810662Z       "notes": {
validate-platform	Validate presentation-v2 HTML QA	2026-09-14T07:18:02.0810971Z         "display": "none",
validate-platform	Validate presentation-v2 HTML QA	2026-09-14T07:18:02.0811329Z         "rightSide": true,
validate-platform	Validate presentation-v2 HTML QA	2026-09-14T07:18:02.0811672Z         "width": 0,
validate-platform	Validate presentation-v2 HTML QA	2026-09-14T07:18:02.0811970Z         "height": 0
validate-platform	Validate presentation-v2 HTML QA	2026-09-14T07:18:02.0812328Z       },
validate-platform	Validate presentation-v2 HTML QA	2026-09-14T07:18:02.0812669Z       "horizontalOverflow": false,
validate-platform	Validate presentation-v2 HTML QA	2026-09-14T07:18:02.0813699Z       "screenshot": "D:\\a\\4veco-platform\\4veco-platform\\ci-artifacts\\presentation-v2-html-qa\\b1-111\\fullscreen-slide-5.png"
validate-platform	Validate presentation-v2 HTML QA	2026-09-14T07:18:02.0814628Z     },
validate-platform	Validate presentation-v2 HTML QA	2026-09-14T07:18:02.0814896Z     {
validate-platform	Validate presentation-v2 HTML QA	2026-09-14T07:18:02.0815210Z       "scenario": "fullscreen",
validate-platform	Validate presentation-v2 HTML QA	2026-09-14T07:18:02.0815597Z       "slide": 6,
validate-platform	Validate presentation-v2 HTML QA	2026-09-14T07:18:02.0815985Z       "rootClass": "pv2-shell is-fullscreen",
validate-platform	Validate presentation-v2 HTML QA	2026-09-14T07:18:02.0816430Z       "canvas": {
validate-platform	Validate presentation-v2 HTML QA	2026-09-14T07:18:02.0816738Z         "width": 1152,
validate-platform	Validate presentation-v2 HTML QA	2026-09-14T07:18:02.0817057Z         "height": 648,
validate-platform	Validate presentation-v2 HTML QA	2026-09-14T07:18:02.0817383Z         "ratio": 1.778
validate-platform	Validate presentation-v2 HTML QA	2026-09-14T07:18:02.0817688Z       },
validate-platform	Validate presentation-v2 HTML QA	2026-09-14T07:18:02.0817967Z       "spills": [],
validate-platform	Validate presentation-v2 HTML QA	2026-09-14T07:18:02.0818269Z       "notes": {
validate-platform	Validate presentation-v2 HTML QA	2026-09-14T07:18:02.0818583Z         "display": "none",
validate-platform	Validate presentation-v2 HTML QA	2026-09-14T07:18:02.0818939Z         "rightSide": true,
validate-platform	Validate presentation-v2 HTML QA	2026-09-14T07:18:02.0819285Z         "width": 0,
validate-platform	Validate presentation-v2 HTML QA	2026-09-14T07:18:02.0819616Z         "height": 0
validate-platform	Validate presentation-v2 HTML QA	2026-09-14T07:18:02.0819911Z       },
validate-platform	Validate presentation-v2 HTML QA	2026-09-14T07:18:02.0820242Z       "horizontalOverflow": false,
validate-platform	Validate presentation-v2 HTML QA	2026-09-14T07:18:02.0821271Z       "screenshot": "D:\\a\\4veco-platform\\4veco-platform\\ci-artifacts\\presentation-v2-html-qa\\b1-111\\fullscreen-slide-6.png"
validate-platform	Validate presentation-v2 HTML QA	2026-09-14T07:18:02.0822203Z     },
validate-platform	Validate presentation-v2 HTML QA	2026-09-14T07:18:02.0822467Z     {
validate-platform	Validate presentation-v2 HTML QA	2026-09-14T07:18:02.0822786Z       "scenario": "fullscreen",
validate-platform	Validate presentation-v2 HTML QA	2026-09-14T07:18:02.0823160Z       "slide": 7,
validate-platform	Validate presentation-v2 HTML QA	2026-09-14T07:18:02.0823545Z       "rootClass": "pv2-shell is-fullscreen",
validate-platform	Validate presentation-v2 HTML QA	2026-09-14T07:18:02.0823988Z       "canvas": {
validate-platform	Validate presentation-v2 HTML QA	2026-09-14T07:18:02.0824288Z         "width": 1152,
validate-platform	Validate presentation-v2 HTML QA	2026-09-14T07:18:02.0824618Z         "height": 648,
validate-platform	Validate presentation-v2 HTML QA	2026-09-14T07:18:02.0824940Z         "ratio": 1.778
validate-platform	Validate presentation-v2 HTML QA	2026-09-14T07:18:02.0825244Z       },
validate-platform	Validate presentation-v2 HTML QA	2026-09-14T07:18:02.0825523Z       "spills": [],
validate-platform	Validate presentation-v2 HTML QA	2026-09-14T07:18:02.0825824Z       "notes": {
validate-platform	Validate presentation-v2 HTML QA	2026-09-14T07:18:02.0826136Z         "display": "none",
validate-platform	Validate presentation-v2 HTML QA	2026-09-14T07:18:02.0826486Z         "rightSide": true,
validate-platform	Validate presentation-v2 HTML QA	2026-09-14T07:18:02.0826988Z         "width": 0,
validate-platform	Validate presentation-v2 HTML QA	2026-09-14T07:18:02.0827285Z         "height": 0
validate-platform	Validate presentation-v2 HTML QA	2026-09-14T07:18:02.0827584Z       },
validate-platform	Validate presentation-v2 HTML QA	2026-09-14T07:18:02.0827911Z       "horizontalOverflow": false,
validate-platform	Validate presentation-v2 HTML QA	2026-09-14T07:18:02.0828923Z       "screenshot": "D:\\a\\4veco-platform\\4veco-platform\\ci-artifacts\\presentation-v2-html-qa\\b1-111\\fullscreen-slide-7.png"
validate-platform	Validate presentation-v2 HTML QA	2026-09-14T07:18:02.0830136Z     },
validate-platform	Validate presentation-v2 HTML QA	2026-09-14T07:18:02.0830403Z     {
validate-platform	Validate presentation-v2 HTML QA	2026-09-14T07:18:02.0830728Z       "scenario": "fullscreen",
validate-platform	Validate presentation-v2 HTML QA	2026-09-14T07:18:02.0831097Z       "slide": 8,
validate-platform	Validate presentation-v2 HTML QA	2026-09-14T07:18:02.0831488Z       "rootClass": "pv2-shell is-fullscreen",
validate-platform	Validate presentation-v2 HTML QA	2026-09-14T07:18:02.0831923Z       "canvas": {
validate-platform	Validate presentation-v2 HTML QA	2026-09-14T07:18:02.0832289Z         "width": 1152,
validate-platform	Validate presentation-v2 HTML QA	2026-09-14T07:18:02.0832694Z         "height": 648,
validate-platform	Validate presentation-v2 HTML QA	2026-09-14T07:18:02.0833024Z         "ratio": 1.778
validate-platform	Validate presentation-v2 HTML QA	2026-09-14T07:18:02.0833332Z       },
validate-platform	Validate presentation-v2 HTML QA	2026-09-14T07:18:02.0833603Z       "spills": [],
validate-platform	Validate presentation-v2 HTML QA	2026-09-14T07:18:02.0833911Z       "notes": {
validate-platform	Validate presentation-v2 HTML QA	2026-09-14T07:18:02.0834219Z         "display": "none",
validate-platform	Validate presentation-v2 HTML QA	2026-09-14T07:18:02.0834585Z         "rightSide": true,
validate-platform	Validate presentation-v2 HTML QA	2026-09-14T07:18:02.0834927Z         "width": 0,
validate-platform	Validate presentation-v2 HTML QA	2026-09-14T07:18:02.0835236Z         "height": 0
validate-platform	Validate presentation-v2 HTML QA	2026-09-14T07:18:02.0835530Z       },
validate-platform	Validate presentation-v2 HTML QA	2026-09-14T07:18:02.0835867Z       "horizontalOverflow": false,
validate-platform	Validate presentation-v2 HTML QA	2026-09-14T07:18:02.0836900Z       "screenshot": "D:\\a\\4veco-platform\\4veco-platform\\ci-artifacts\\presentation-v2-html-qa\\b1-111\\fullscreen-slide-8.png"
validate-platform	Validate presentation-v2 HTML QA	2026-09-14T07:18:02.0837982Z     },
validate-platform	Validate presentation-v2 HTML QA	2026-09-14T07:18:02.0838240Z     {
validate-platform	Validate presentation-v2 HTML QA	2026-09-14T07:18:02.0838551Z       "scenario": "fullscreen",
validate-platform	Validate presentation-v2 HTML QA	2026-09-14T07:18:02.0838923Z       "slide": 9,
validate-platform	Validate presentation-v2 HTML QA	2026-09-14T07:18:02.0839305Z       "rootClass": "pv2-shell is-fullscreen",
validate-platform	Validate presentation-v2 HTML QA	2026-09-14T07:18:02.0839748Z       "canvas": {
validate-platform	Validate presentation-v2 HTML QA	2026-09-14T07:18:02.0840047Z         "width": 1152,
validate-platform	Validate presentation-v2 HTML QA	2026-09-14T07:18:02.0840371Z         "height": 648,
validate-platform	Validate presentation-v2 HTML QA	2026-09-14T07:18:02.0840691Z         "ratio": 1.778
validate-platform	Validate presentation-v2 HTML QA	2026-09-14T07:18:02.0840999Z       },
validate-platform	Validate presentation-v2 HTML QA	2026-09-14T07:18:02.0841271Z       "spills": [],
validate-platform	Validate presentation-v2 HTML QA	2026-09-14T07:18:02.0841570Z       "notes": {
validate-platform	Validate presentation-v2 HTML QA	2026-09-14T07:18:02.0841889Z         "display": "none",
validate-platform	Validate presentation-v2 HTML QA	2026-09-14T07:18:02.0842240Z         "rightSide": true,
validate-platform	Validate presentation-v2 HTML QA	2026-09-14T07:18:02.0842586Z         "width": 0,
validate-platform	Validate presentation-v2 HTML QA	2026-09-14T07:18:02.0842884Z         "height": 0
validate-platform	Validate presentation-v2 HTML QA	2026-09-14T07:18:02.0843181Z       },
validate-platform	Validate presentation-v2 HTML QA	2026-09-14T07:18:02.0843510Z       "horizontalOverflow": false,
validate-platform	Validate presentation-v2 HTML QA	2026-09-14T07:18:02.0844543Z       "screenshot": "D:\\a\\4veco-platform\\4veco-platform\\ci-artifacts\\presentation-v2-html-qa\\b1-111\\fullscreen-slide-9.png"
validate-platform	Validate presentation-v2 HTML QA	2026-09-14T07:18:02.0845482Z     },
validate-platform	Validate presentation-v2 HTML QA	2026-09-14T07:18:02.0845741Z     {
validate-platform	Validate presentation-v2 HTML QA	2026-09-14T07:18:02.0846055Z       "scenario": "fullscreen",
validate-platform	Validate presentation-v2 HTML QA	2026-09-14T07:18:02.0846430Z       "slide": 10,
validate-platform	Validate presentation-v2 HTML QA	2026-09-14T07:18:02.0846823Z       "rootClass": "pv2-shell is-fullscreen",
validate-platform	Validate presentation-v2 HTML QA	2026-09-14T07:18:02.0847258Z       "canvas": {
validate-platform	Validate presentation-v2 HTML QA	2026-09-14T07:18:02.0847568Z         "width": 1152,
validate-platform	Validate presentation-v2 HTML QA	2026-09-14T07:18:02.0847888Z         "height": 648,
validate-platform	Validate presentation-v2 HTML QA	2026-09-14T07:18:02.0848214Z         "ratio": 1.778
validate-platform	Validate presentation-v2 HTML QA	2026-09-14T07:18:02.0848519Z       },
validate-platform	Validate presentation-v2 HTML QA	2026-09-14T07:18:02.0848796Z       "spills": [],
validate-platform	Validate presentation-v2 HTML QA	2026-09-14T07:18:02.0849109Z       "notes": {
validate-platform	Validate presentation-v2 HTML QA	2026-09-14T07:18:02.0849415Z         "display": "none",
validate-platform	Validate presentation-v2 HTML QA	2026-09-14T07:18:02.0850035Z         "rightSide": true,
validate-platform	Validate presentation-v2 HTML QA	2026-09-14T07:18:02.0850381Z         "width": 0,
validate-platform	Validate presentation-v2 HTML QA	2026-09-14T07:18:02.0850690Z         "height": 0
validate-platform	Validate presentation-v2 HTML QA	2026-09-14T07:18:02.0850983Z       },
validate-platform	Validate presentation-v2 HTML QA	2026-09-14T07:18:02.0851326Z       "horizontalOverflow": false,
validate-platform	Validate presentation-v2 HTML QA	2026-09-14T07:18:02.0852353Z       "screenshot": "D:\\a\\4veco-platform\\4veco-platform\\ci-artifacts\\presentation-v2-html-qa\\b1-111\\fullscreen-slide-10.png"
validate-platform	Validate presentation-v2 HTML QA	2026-09-14T07:18:02.0853308Z     },
validate-platform	Validate presentation-v2 HTML QA	2026-09-14T07:18:02.0853566Z     {
validate-platform	Validate presentation-v2 HTML QA	2026-09-14T07:18:02.0853874Z       "scenario": "fullscreen",
validate-platform	Validate presentation-v2 HTML QA	2026-09-14T07:18:02.0854251Z       "slide": 11,
validate-platform	Validate presentation-v2 HTML QA	2026-09-14T07:18:02.0854639Z       "rootClass": "pv2-shell is-fullscreen",
validate-platform	Validate presentation-v2 HTML QA	2026-09-14T07:18:02.0855086Z       "canvas": {
validate-platform	Validate presentation-v2 HTML QA	2026-09-14T07:18:02.0855388Z         "width": 1152,
validate-platform	Validate presentation-v2 HTML QA	2026-09-14T07:18:02.0855710Z         "height": 648,
validate-platform	Validate presentation-v2 HTML QA	2026-09-14T07:18:02.0856032Z         "ratio": 1.778
validate-platform	Validate presentation-v2 HTML QA	2026-09-14T07:18:02.0856365Z       },
validate-platform	Validate presentation-v2 HTML QA	2026-09-14T07:18:02.0857609Z       "spills": [],
validate-platform	Validate presentation-v2 HTML QA	2026-09-14T07:18:02.0857922Z       "notes": {
validate-platform	Validate presentation-v2 HTML QA	2026-09-14T07:18:02.0858246Z         "display": "none",
validate-platform	Validate presentation-v2 HTML QA	2026-09-14T07:18:02.0858611Z         "rightSide": true,
validate-platform	Validate presentation-v2 HTML QA	2026-09-14T07:18:02.0858962Z         "width": 0,
validate-platform	Validate presentation-v2 HTML QA	2026-09-14T07:18:02.0859267Z         "height": 0
validate-platform	Validate presentation-v2 HTML QA	2026-09-14T07:18:02.0859567Z       },
validate-platform	Validate presentation-v2 HTML QA	2026-09-14T07:18:02.0859905Z       "horizontalOverflow": false,
validate-platform	Validate presentation-v2 HTML QA	2026-09-14T07:18:02.0860966Z       "screenshot": "D:\\a\\4veco-platform\\4veco-platform\\ci-artifacts\\presentation-v2-html-qa\\b1-111\\fullscreen-slide-11.png"
validate-platform	Validate presentation-v2 HTML QA	2026-09-14T07:18:02.0861919Z     },
validate-platform	Validate presentation-v2 HTML QA	2026-09-14T07:18:02.0862180Z     {
validate-platform	Validate presentation-v2 HTML QA	2026-09-14T07:18:02.0862471Z       "scenario": "dark",
validate-platform	Validate presentation-v2 HTML QA	2026-09-14T07:18:02.0862817Z       "slide": 1,
validate-platform	Validate presentation-v2 HTML QA	2026-09-14T07:18:02.0863173Z       "rootClass": "pv2-shell",
validate-platform	Validate presentation-v2 HTML QA	2026-09-14T07:18:02.0863549Z       "canvas": {
validate-platform	Validate presentation-v2 HTML QA	2026-09-14T07:18:02.0863863Z         "width": 896,
validate-platform	Validate presentation-v2 HTML QA	2026-09-14T07:18:02.0864191Z         "height": 504,
validate-platform	Validate presentation-v2 HTML QA	2026-09-14T07:18:02.0864530Z         "ratio": 1.778
validate-platform	Validate presentation-v2 HTML QA	2026-09-14T07:18:02.0864848Z       },
validate-platform	Validate presentation-v2 HTML QA	2026-09-14T07:18:02.0865129Z       "spills": [],
validate-platform	Validate presentation-v2 HTML QA	2026-09-14T07:18:02.0865443Z       "notes": {
validate-platform	Validate presentation-v2 HTML QA	2026-09-14T07:18:02.0865757Z         "display": "none",
validate-platform	Validate presentation-v2 HTML QA	2026-09-14T07:18:02.0866127Z         "rightSide": true,
validate-platform	Validate presentation-v2 HTML QA	2026-09-14T07:18:02.0866475Z         "width": 0,
validate-platform	Validate presentation-v2 HTML QA	2026-09-14T07:18:02.0866791Z         "height": 0
validate-platform	Validate presentation-v2 HTML QA	2026-09-14T07:18:02.0867087Z       },
validate-platform	Validate presentation-v2 HTML QA	2026-09-14T07:18:02.0867572Z       "horizontalOverflow": false,
validate-platform	Validate presentation-v2 HTML QA	2026-09-14T07:18:02.0868563Z       "screenshot": "D:\\a\\4veco-platform\\4veco-platform\\ci-artifacts\\presentation-v2-html-qa\\b1-111\\dark-slide-1.png"
validate-platform	Validate presentation-v2 HTML QA	2026-09-14T07:18:02.0869467Z     },
validate-platform	Validate presentation-v2 HTML QA	2026-09-14T07:18:02.0870050Z     {
validate-platform	Validate presentation-v2 HTML QA	2026-09-14T07:18:02.0870341Z       "scenario": "dark",
validate-platform	Validate presentation-v2 HTML QA	2026-09-14T07:18:02.0870694Z       "slide": 2,
validate-platform	Validate presentation-v2 HTML QA	2026-09-14T07:18:02.0871042Z       "rootClass": "pv2-shell",
validate-platform	Validate presentation-v2 HTML QA	2026-09-14T07:18:02.0871423Z       "canvas": {
validate-platform	Validate presentation-v2 HTML QA	2026-09-14T07:18:02.0871727Z         "width": 896,
validate-platform	Validate presentation-v2 HTML QA	2026-09-14T07:18:02.0872051Z         "height": 504,
validate-platform	Validate presentation-v2 HTML QA	2026-09-14T07:18:02.0872384Z         "ratio": 1.778
validate-platform	Validate presentation-v2 HTML QA	2026-09-14T07:18:02.0872698Z       },
validate-platform	Validate presentation-v2 HTML QA	2026-09-14T07:18:02.0872970Z       "spills": [],
validate-platform	Validate presentation-v2 HTML QA	2026-09-14T07:18:02.0873273Z       "notes": {
validate-platform	Validate presentation-v2 HTML QA	2026-09-14T07:18:02.0873591Z         "display": "none",
validate-platform	Validate presentation-v2 HTML QA	2026-09-14T07:18:02.0873946Z         "rightSide": true,
validate-platform	Validate presentation-v2 HTML QA	2026-09-14T07:18:02.0874297Z         "width": 0,
validate-platform	Validate presentation-v2 HTML QA	2026-09-14T07:18:02.0874596Z         "height": 0
validate-platform	Validate presentation-v2 HTML QA	2026-09-14T07:18:02.0874903Z       },
validate-platform	Validate presentation-v2 HTML QA	2026-09-14T07:18:02.0875231Z       "horizontalOverflow": false,
validate-platform	Validate presentation-v2 HTML QA	2026-09-14T07:18:02.0876209Z       "screenshot": "D:\\a\\4veco-platform\\4veco-platform\\ci-artifacts\\presentation-v2-html-qa\\b1-111\\dark-slide-2.png"
validate-platform	Validate presentation-v2 HTML QA	2026-09-14T07:18:02.0877097Z     },
validate-platform	Validate presentation-v2 HTML QA	2026-09-14T07:18:02.0877358Z     {
validate-platform	Validate presentation-v2 HTML QA	2026-09-14T07:18:02.0877647Z       "scenario": "dark",
validate-platform	Validate presentation-v2 HTML QA	2026-09-14T07:18:02.0877985Z       "slide": 3,
validate-platform	Validate presentation-v2 HTML QA	2026-09-14T07:18:02.0878340Z       "rootClass": "pv2-shell",
validate-platform	Validate presentation-v2 HTML QA	2026-09-14T07:18:02.0878710Z       "canvas": {
validate-platform	Validate presentation-v2 HTML QA	2026-09-14T07:18:02.0879418Z         "width": 896,
validate-platform	Validate presentation-v2 HTML QA	2026-09-14T07:18:02.0880306Z         "height": 504,
validate-platform	Validate presentation-v2 HTML QA	2026-09-14T07:18:02.0880702Z         "ratio": 1.778
validate-platform	Validate presentation-v2 HTML QA	2026-09-14T07:18:02.0881018Z       },
validate-platform	Validate presentation-v2 HTML QA	2026-09-14T07:18:02.0881572Z       "spills": [],
validate-platform	Validate presentation-v2 HTML QA	2026-09-14T07:18:02.0881908Z       "notes": {
validate-platform	Validate presentation-v2 HTML QA	2026-09-14T07:18:02.0882227Z         "display": "none",
validate-platform	Validate presentation-v2 HTML QA	2026-09-14T07:18:02.0882602Z         "rightSide": true,
validate-platform	Validate presentation-v2 HTML QA	2026-09-14T07:18:02.0882952Z         "width": 0,
validate-platform	Validate presentation-v2 HTML QA	2026-09-14T07:18:02.0883266Z         "height": 0
validate-platform	Validate presentation-v2 HTML QA	2026-09-14T07:18:02.0883571Z       },
validate-platform	Validate presentation-v2 HTML QA	2026-09-14T07:18:02.0883919Z       "horizontalOverflow": false,
validate-platform	Validate presentation-v2 HTML QA	2026-09-14T07:18:02.0886035Z       "screenshot": "D:\\a\\4veco-platform\\4veco-platform\\ci-artifacts\\presentation-v2-html-qa\\b1-111\\dark-slide-3.png"
validate-platform	Validate presentation-v2 HTML QA	2026-09-14T07:18:02.0886998Z     },
validate-platform	Validate presentation-v2 HTML QA	2026-09-14T07:18:02.0887263Z     {
validate-platform	Validate presentation-v2 HTML QA	2026-09-14T07:18:02.0887555Z       "scenario": "dark",
validate-platform	Validate presentation-v2 HTML QA	2026-09-14T07:18:02.0887913Z       "slide": 4,
validate-platform	Validate presentation-v2 HTML QA	2026-09-14T07:18:02.0888425Z       "rootClass": "pv2-shell",
validate-platform	Validate presentation-v2 HTML QA	2026-09-14T07:18:02.0888939Z       "canvas": {
validate-platform	Validate presentation-v2 HTML QA	2026-09-14T07:18:02.0889480Z         "width": 896,
validate-platform	Validate presentation-v2 HTML QA	2026-09-14T07:18:02.0890461Z         "height": 504,
validate-platform	Validate presentation-v2 HTML QA	2026-09-14T07:18:02.0890991Z         "ratio": 1.778
validate-platform	Validate presentation-v2 HTML QA	2026-09-14T07:18:02.0891430Z       },
validate-platform	Validate presentation-v2 HTML QA	2026-09-14T07:18:02.0894891Z       "spills": [],
validate-platform	Validate presentation-v2 HTML QA	2026-09-14T07:18:02.0895515Z       "notes": {
validate-platform	Validate presentation-v2 HTML QA	2026-09-14T07:18:02.0912350Z         "display": "none",
validate-platform	Validate presentation-v2 HTML QA	2026-09-14T07:18:02.0912802Z         "rightSide": true,
validate-platform	Validate presentation-v2 HTML QA	2026-09-14T07:18:02.0913193Z         "width": 0,
validate-platform	Validate presentation-v2 HTML QA	2026-09-14T07:18:02.0913546Z         "height": 0
validate-platform	Validate presentation-v2 HTML QA	2026-09-14T07:18:02.0913861Z       },
validate-platform	Validate presentation-v2 HTML QA	2026-09-14T07:18:02.0914230Z       "horizontalOverflow": false,
validate-platform	Validate presentation-v2 HTML QA	2026-09-14T07:18:02.0915247Z       "screenshot": "D:\\a\\4veco-platform\\4veco-platform\\ci-artifacts\\presentation-v2-html-qa\\b1-111\\dark-slide-4.png"
validate-platform	Validate presentation-v2 HTML QA	2026-09-14T07:18:02.0916960Z     },
validate-platform	Validate presentation-v2 HTML QA	2026-09-14T07:18:02.0917308Z     {
validate-platform	Validate presentation-v2 HTML QA	2026-09-14T07:18:02.0917646Z       "scenario": "dark",
validate-platform	Validate presentation-v2 HTML QA	2026-09-14T07:18:02.0918016Z       "slide": 5,
validate-platform	Validate presentation-v2 HTML QA	2026-09-14T07:18:02.0918417Z       "rootClass": "pv2-shell",
validate-platform	Validate presentation-v2 HTML QA	2026-09-14T07:18:02.0918812Z       "canvas": {
validate-platform	Validate presentation-v2 HTML QA	2026-09-14T07:18:02.0919130Z         "width": 896,
validate-platform	Validate presentation-v2 HTML QA	2026-09-14T07:18:02.0919479Z         "height": 504,
validate-platform	Validate presentation-v2 HTML QA	2026-09-14T07:18:02.0919811Z         "ratio": 1.778
validate-platform	Validate presentation-v2 HTML QA	2026-09-14T07:18:02.0920116Z       },
validate-platform	Validate presentation-v2 HTML QA	2026-09-14T07:18:02.0920393Z       "spills": [],
validate-platform	Validate presentation-v2 HTML QA	2026-09-14T07:18:02.0920706Z       "notes": {
validate-platform	Validate presentation-v2 HTML QA	2026-09-14T07:18:02.0921036Z         "display": "none",
validate-platform	Validate presentation-v2 HTML QA	2026-09-14T07:18:02.0921405Z         "rightSide": true,
validate-platform	Validate presentation-v2 HTML QA	2026-09-14T07:18:02.0922027Z         "width": 0,
validate-platform	Validate presentation-v2 HTML QA	2026-09-14T07:18:02.0922347Z         "height": 0
validate-platform	Validate presentation-v2 HTML QA	2026-09-14T07:18:02.0922710Z       },
validate-platform	Validate presentation-v2 HTML QA	2026-09-14T07:18:02.0923105Z       "horizontalOverflow": false,
validate-platform	Validate presentation-v2 HTML QA	2026-09-14T07:18:02.0924127Z       "screenshot": "D:\\a\\4veco-platform\\4veco-platform\\ci-artifacts\\presentation-v2-html-qa\\b1-111\\dark-slide-5.png"
validate-platform	Validate presentation-v2 HTML QA	2026-09-14T07:18:02.0925028Z     },
validate-platform	Validate presentation-v2 HTML QA	2026-09-14T07:18:02.0925305Z     {
validate-platform	Validate presentation-v2 HTML QA	2026-09-14T07:18:02.0925582Z       "scenario": "dark",
validate-platform	Validate presentation-v2 HTML QA	2026-09-14T07:18:02.0925924Z       "slide": 6,
validate-platform	Validate presentation-v2 HTML QA	2026-09-14T07:18:02.0926317Z       "rootClass": "pv2-shell",
validate-platform	Validate presentation-v2 HTML QA	2026-09-14T07:18:02.0927088Z       "canvas": {
validate-platform	Validate presentation-v2 HTML QA	2026-09-14T07:18:02.0927485Z         "width": 896,
validate-platform	Validate presentation-v2 HTML QA	2026-09-14T07:18:02.0927846Z         "height": 504,
validate-platform	Validate presentation-v2 HTML QA	2026-09-14T07:18:02.0928214Z         "ratio": 1.778
validate-platform	Validate presentation-v2 HTML QA	2026-09-14T07:18:02.0928567Z       },
validate-platform	Validate presentation-v2 HTML QA	2026-09-14T07:18:02.0928908Z       "spills": [],
validate-platform	Validate presentation-v2 HTML QA	2026-09-14T07:18:02.0929233Z       "notes": {
validate-platform	Validate presentation-v2 HTML QA	2026-09-14T07:18:02.0930014Z         "display": "none",
validate-platform	Validate presentation-v2 HTML QA	2026-09-14T07:18:02.0930666Z         "rightSide": true,
validate-platform	Validate presentation-v2 HTML QA	2026-09-14T07:18:02.0931079Z         "width": 0,
validate-platform	Validate presentation-v2 HTML QA	2026-09-14T07:18:02.0931396Z         "height": 0
validate-platform	Validate presentation-v2 HTML QA	2026-09-14T07:18:02.0931695Z       },
validate-platform	Validate presentation-v2 HTML QA	2026-09-14T07:18:02.0932041Z       "horizontalOverflow": false,
validate-platform	Validate presentation-v2 HTML QA	2026-09-14T07:18:02.0933003Z       "screenshot": "D:\\a\\4veco-platform\\4veco-platform\\ci-artifacts\\presentation-v2-html-qa\\b1-111\\dark-slide-6.png"
validate-platform	Validate presentation-v2 HTML QA	2026-09-14T07:18:02.0933965Z     },
validate-platform	Validate presentation-v2 HTML QA	2026-09-14T07:18:02.0934290Z     {
validate-platform	Validate presentation-v2 HTML QA	2026-09-14T07:18:02.0934609Z       "scenario": "dark",
validate-platform	Validate presentation-v2 HTML QA	2026-09-14T07:18:02.0934967Z       "slide": 7,
validate-platform	Validate presentation-v2 HTML QA	2026-09-14T07:18:02.0935309Z       "rootClass": "pv2-shell",
validate-platform	Validate presentation-v2 HTML QA	2026-09-14T07:18:02.0935692Z       "canvas": {
validate-platform	Validate presentation-v2 HTML QA	2026-09-14T07:18:02.0935989Z         "width": 896,
validate-platform	Validate presentation-v2 HTML QA	2026-09-14T07:18:02.0936326Z         "height": 504,
validate-platform	Validate presentation-v2 HTML QA	2026-09-14T07:18:02.0936654Z         "ratio": 1.778
validate-platform	Validate presentation-v2 HTML QA	2026-09-14T07:18:02.0936960Z       },
validate-platform	Validate presentation-v2 HTML QA	2026-09-14T07:18:02.0937260Z       "spills": [],
validate-platform	Validate presentation-v2 HTML QA	2026-09-14T07:18:02.0938048Z       "notes": {
validate-platform	Validate presentation-v2 HTML QA	2026-09-14T07:18:02.0938468Z         "display": "none",
validate-platform	Validate presentation-v2 HTML QA	2026-09-14T07:18:02.0938851Z         "rightSide": true,
validate-platform	Validate presentation-v2 HTML QA	2026-09-14T07:18:02.0939221Z         "width": 0,
validate-platform	Validate presentation-v2 HTML QA	2026-09-14T07:18:02.0939533Z         "height": 0
validate-platform	Validate presentation-v2 HTML QA	2026-09-14T07:18:02.0939839Z       },
validate-platform	Validate presentation-v2 HTML QA	2026-09-14T07:18:02.0940187Z       "horizontalOverflow": false,
validate-platform	Validate presentation-v2 HTML QA	2026-09-14T07:18:02.0941160Z       "screenshot": "D:\\a\\4veco-platform\\4veco-platform\\ci-artifacts\\presentation-v2-html-qa\\b1-111\\dark-slide-7.png"
validate-platform	Validate presentation-v2 HTML QA	2026-09-14T07:18:02.0942357Z     },
validate-platform	Validate presentation-v2 HTML QA	2026-09-14T07:18:02.0942667Z     {
validate-platform	Validate presentation-v2 HTML QA	2026-09-14T07:18:02.0942985Z       "scenario": "dark",
validate-platform	Validate presentation-v2 HTML QA	2026-09-14T07:18:02.0943752Z       "slide": 8,
validate-platform	Validate presentation-v2 HTML QA	2026-09-14T07:18:02.0944196Z       "rootClass": "pv2-shell",
validate-platform	Validate presentation-v2 HTML QA	2026-09-14T07:18:02.0945271Z       "canvas": {
validate-platform	Validate presentation-v2 HTML QA	2026-09-14T07:18:02.0946125Z         "width": 896,
validate-platform	Validate presentation-v2 HTML QA	2026-09-14T07:18:02.0946819Z         "height": 504,
validate-platform	Validate presentation-v2 HTML QA	2026-09-14T07:18:02.0947208Z         "ratio": 1.778
validate-platform	Validate presentation-v2 HTML QA	2026-09-14T07:18:02.0947506Z       },
validate-platform	Validate presentation-v2 HTML QA	2026-09-14T07:18:02.0947771Z       "spills": [],
validate-platform	Validate presentation-v2 HTML QA	2026-09-14T07:18:02.0948066Z       "notes": {
validate-platform	Validate presentation-v2 HTML QA	2026-09-14T07:18:02.0948608Z         "display": "none",
validate-platform	Validate presentation-v2 HTML QA	2026-09-14T07:18:02.0950675Z         "rightSide": true,
validate-platform	Validate presentation-v2 HTML QA	2026-09-14T07:18:02.0952028Z         "width": 0,
validate-platform	Validate presentation-v2 HTML QA	2026-09-14T07:18:02.0952395Z         "height": 0
validate-platform	Validate presentation-v2 HTML QA	2026-09-14T07:18:02.0953058Z       },
validate-platform	Validate presentation-v2 HTML QA	2026-09-14T07:18:02.0953457Z       "horizontalOverflow": false,
validate-platform	Validate presentation-v2 HTML QA	2026-09-14T07:18:02.0954475Z       "screenshot": "D:\\a\\4veco-platform\\4veco-platform\\ci-artifacts\\presentation-v2-html-qa\\b1-111\\dark-slide-8.png"
validate-platform	Validate presentation-v2 HTML QA	2026-09-14T07:18:02.0955386Z     },
validate-platform	Validate presentation-v2 HTML QA	2026-09-14T07:18:02.0955711Z     {
validate-platform	Validate presentation-v2 HTML QA	2026-09-14T07:18:02.0956047Z       "scenario": "dark",
validate-platform	Validate presentation-v2 HTML QA	2026-09-14T07:18:02.0956454Z       "slide": 9,
validate-platform	Validate presentation-v2 HTML QA	2026-09-14T07:18:02.0956937Z       "rootClass": "pv2-shell",
validate-platform	Validate presentation-v2 HTML QA	2026-09-14T07:18:02.0957707Z       "canvas": {
validate-platform	Validate presentation-v2 HTML QA	2026-09-14T07:18:02.0958073Z         "width": 896,
validate-platform	Validate presentation-v2 HTML QA	2026-09-14T07:18:02.0958858Z         "height": 504,
validate-platform	Validate presentation-v2 HTML QA	2026-09-14T07:18:02.0959234Z         "ratio": 1.778
validate-platform	Validate presentation-v2 HTML QA	2026-09-14T07:18:02.0959578Z       },
validate-platform	Validate presentation-v2 HTML QA	2026-09-14T07:18:02.0959913Z       "spills": [],
validate-platform	Validate presentation-v2 HTML QA	2026-09-14T07:18:02.0960613Z       "notes": {
validate-platform	Validate presentation-v2 HTML QA	2026-09-14T07:18:02.0961231Z         "display": "none",
validate-platform	Validate presentation-v2 HTML QA	2026-09-14T07:18:02.0962083Z         "rightSide": true,
validate-platform	Validate presentation-v2 HTML QA	2026-09-14T07:18:02.0962497Z         "width": 0,
validate-platform	Validate presentation-v2 HTML QA	2026-09-14T07:18:02.0962842Z         "height": 0
validate-platform	Validate presentation-v2 HTML QA	2026-09-14T07:18:02.0963169Z       },
validate-platform	Validate presentation-v2 HTML QA	2026-09-14T07:18:02.0963524Z       "horizontalOverflow": false,
validate-platform	Validate presentation-v2 HTML QA	2026-09-14T07:18:02.0964862Z       "screenshot": "D:\\a\\4veco-platform\\4veco-platform\\ci-artifacts\\presentation-v2-html-qa\\b1-111\\dark-slide-9.png"
validate-platform	Validate presentation-v2 HTML QA	2026-09-14T07:18:02.0966368Z     },
validate-platform	Validate presentation-v2 HTML QA	2026-09-14T07:18:02.0966748Z     {
validate-platform	Validate presentation-v2 HTML QA	2026-09-14T07:18:02.0967035Z       "scenario": "dark",
validate-platform	Validate presentation-v2 HTML QA	2026-09-14T07:18:02.0967404Z       "slide": 10,
validate-platform	Validate presentation-v2 HTML QA	2026-09-14T07:18:02.0967751Z       "rootClass": "pv2-shell",
validate-platform	Validate presentation-v2 HTML QA	2026-09-14T07:18:02.0968091Z       "canvas": {
validate-platform	Validate presentation-v2 HTML QA	2026-09-14T07:18:02.0968381Z         "width": 896,
validate-platform	Validate presentation-v2 HTML QA	2026-09-14T07:18:02.0968694Z         "height": 504,
validate-platform	Validate presentation-v2 HTML QA	2026-09-14T07:18:02.0969004Z         "ratio": 1.778
validate-platform	Validate presentation-v2 HTML QA	2026-09-14T07:18:02.0969300Z       },
validate-platform	Validate presentation-v2 HTML QA	2026-09-14T07:18:02.0969557Z       "spills": [],
validate-platform	Validate presentation-v2 HTML QA	2026-09-14T07:18:02.0969851Z       "notes": {
validate-platform	Validate presentation-v2 HTML QA	2026-09-14T07:18:02.0970169Z         "display": "none",
validate-platform	Validate presentation-v2 HTML QA	2026-09-14T07:18:02.0970525Z         "rightSide": true,
validate-platform	Validate presentation-v2 HTML QA	2026-09-14T07:18:02.0970876Z         "width": 0,
validate-platform	Validate presentation-v2 HTML QA	2026-09-14T07:18:02.0971189Z         "height": 0
validate-platform	Validate presentation-v2 HTML QA	2026-09-14T07:18:02.0971493Z       },
validate-platform	Validate presentation-v2 HTML QA	2026-09-14T07:18:02.0971875Z       "horizontalOverflow": false,
validate-platform	Validate presentation-v2 HTML QA	2026-09-14T07:18:02.0973146Z       "screenshot": "D:\\a\\4veco-platform\\4veco-platform\\ci-artifacts\\presentation-v2-html-qa\\b1-111\\dark-slide-10.png"
validate-platform	Validate presentation-v2 HTML QA	2026-09-14T07:18:02.0974111Z     },
validate-platform	Validate presentation-v2 HTML QA	2026-09-14T07:18:02.0974403Z     {
validate-platform	Validate presentation-v2 HTML QA	2026-09-14T07:18:02.0974712Z       "scenario": "dark",
validate-platform	Validate presentation-v2 HTML QA	2026-09-14T07:18:02.0975084Z       "slide": 11,
validate-platform	Validate presentation-v2 HTML QA	2026-09-14T07:18:02.0975500Z       "rootClass": "pv2-shell",
validate-platform	Validate presentation-v2 HTML QA	2026-09-14T07:18:02.0975895Z       "canvas": {
validate-platform	Validate presentation-v2 HTML QA	2026-09-14T07:18:02.0976236Z         "width": 896,
validate-platform	Validate presentation-v2 HTML QA	2026-09-14T07:18:02.0976599Z         "height": 504,
validate-platform	Validate presentation-v2 HTML QA	2026-09-14T07:18:02.0977798Z         "ratio": 1.778
validate-platform	Validate presentation-v2 HTML QA	2026-09-14T07:18:02.0978237Z       },
validate-platform	Validate presentation-v2 HTML QA	2026-09-14T07:18:02.0980889Z       "spills": [],
validate-platform	Validate presentation-v2 HTML QA	2026-09-14T07:18:02.0981268Z       "notes": {
validate-platform	Validate presentation-v2 HTML QA	2026-09-14T07:18:02.0981613Z         "display": "none",
validate-platform	Validate presentation-v2 HTML QA	2026-09-14T07:18:02.0981993Z         "rightSide": true,
validate-platform	Validate presentation-v2 HTML QA	2026-09-14T07:18:02.0982357Z         "width": 0,
validate-platform	Validate presentation-v2 HTML QA	2026-09-14T07:18:02.0982669Z         "height": 0
validate-platform	Validate presentation-v2 HTML QA	2026-09-14T07:18:02.0982973Z       },
validate-platform	Validate presentation-v2 HTML QA	2026-09-14T07:18:02.0983318Z       "horizontalOverflow": false,
validate-platform	Validate presentation-v2 HTML QA	2026-09-14T07:18:02.0984351Z       "screenshot": "D:\\a\\4veco-platform\\4veco-platform\\ci-artifacts\\presentation-v2-html-qa\\b1-111\\dark-slide-11.png"
validate-platform	Validate presentation-v2 HTML QA	2026-09-14T07:18:02.0985272Z     },
validate-platform	Validate presentation-v2 HTML QA	2026-09-14T07:18:02.0985536Z     {
validate-platform	Validate presentation-v2 HTML QA	2026-09-14T07:18:02.0986127Z       "scenario": "dark-notes",
validate-platform	Validate presentation-v2 HTML QA	2026-09-14T07:18:02.0986755Z       "slide": 1,
validate-platform	Validate presentation-v2 HTML QA	2026-09-14T07:18:02.0987219Z       "rootClass": "pv2-shell pv2-speaker-notes-open",
validate-platform	Validate presentation-v2 HTML QA	2026-09-14T07:18:02.0987724Z       "canvas": {
validate-platform	Validate presentation-v2 HTML QA	2026-09-14T07:18:02.0988041Z         "width": 862,
validate-platform	Validate presentation-v2 HTML QA	2026-09-14T07:18:02.0988370Z         "height": 485,
validate-platform	Validate presentation-v2 HTML QA	2026-09-14T07:18:02.0988703Z         "ratio": 1.778
validate-platform	Validate presentation-v2 HTML QA	2026-09-14T07:18:02.0989028Z       },
validate-platform	Validate presentation-v2 HTML QA	2026-09-14T07:18:02.0989311Z       "spills": [],
validate-platform	Validate presentation-v2 HTML QA	2026-09-14T07:18:02.0989622Z       "notes": {
validate-platform	Validate presentation-v2 HTML QA	2026-09-14T07:18:02.0989946Z         "display": "block",
validate-platform	Validate presentation-v2 HTML QA	2026-09-14T07:18:02.0990318Z         "rightSide": true,
validate-platform	Validate presentation-v2 HTML QA	2026-09-14T07:18:02.0990675Z         "width": 330,
validate-platform	Validate presentation-v2 HTML QA	2026-09-14T07:18:02.0991000Z         "height": 576
validate-platform	Validate presentation-v2 HTML QA	2026-09-14T07:18:02.0991305Z       },
validate-platform	Validate presentation-v2 HTML QA	2026-09-14T07:18:02.0991643Z       "horizontalOverflow": false,
validate-platform	Validate presentation-v2 HTML QA	2026-09-14T07:18:02.0992701Z       "screenshot": "D:\\a\\4veco-platform\\4veco-platform\\ci-artifacts\\presentation-v2-html-qa\\b1-111\\dark-notes-slide-1.png"
validate-platform	Validate presentation-v2 HTML QA	2026-09-14T07:18:02.0993652Z     },
validate-platform	Validate presentation-v2 HTML QA	2026-09-14T07:18:02.0993928Z     {
validate-platform	Validate presentation-v2 HTML QA	2026-09-14T07:18:02.0994245Z       "scenario": "dark-notes",
validate-platform	Validate presentation-v2 HTML QA	2026-09-14T07:18:02.0994621Z       "slide": 2,
validate-platform	Validate presentation-v2 HTML QA	2026-09-14T07:18:02.0995055Z       "rootClass": "pv2-shell pv2-speaker-notes-open",
validate-platform	Validate presentation-v2 HTML QA	2026-09-14T07:18:02.0995551Z       "canvas": {
validate-platform	Validate presentation-v2 HTML QA	2026-09-14T07:18:02.0995855Z         "width": 862,
validate-platform	Validate presentation-v2 HTML QA	2026-09-14T07:18:02.0996183Z         "height": 485,
validate-platform	Validate presentation-v2 HTML QA	2026-09-14T07:18:02.0996647Z         "ratio": 1.778
validate-platform	Validate presentation-v2 HTML QA	2026-09-14T07:18:02.0996955Z       },
validate-platform	Validate presentation-v2 HTML QA	2026-09-14T07:18:02.0997247Z       "spills": [],
validate-platform	Validate presentation-v2 HTML QA	2026-09-14T07:18:02.0997615Z       "notes": {
validate-platform	Validate presentation-v2 HTML QA	2026-09-14T07:18:02.0997936Z         "display": "block",
validate-platform	Validate presentation-v2 HTML QA	2026-09-14T07:18:02.0998305Z         "rightSide": true,
validate-platform	Validate presentation-v2 HTML QA	2026-09-14T07:18:02.0998658Z         "width": 330,
validate-platform	Validate presentation-v2 HTML QA	2026-09-14T07:18:02.0998976Z         "height": 506
validate-platform	Validate presentation-v2 HTML QA	2026-09-14T07:18:02.0999283Z       },
validate-platform	Validate presentation-v2 HTML QA	2026-09-14T07:18:02.0999613Z       "horizontalOverflow": false,
validate-platform	Validate presentation-v2 HTML QA	2026-09-14T07:18:02.1001107Z       "screenshot": "D:\\a\\4veco-platform\\4veco-platform\\ci-artifacts\\presentation-v2-html-qa\\b1-111\\dark-notes-slide-2.png"
validate-platform	Validate presentation-v2 HTML QA	2026-09-14T07:18:02.1002103Z     },
validate-platform	Validate presentation-v2 HTML QA	2026-09-14T07:18:02.1002368Z     {
validate-platform	Validate presentation-v2 HTML QA	2026-09-14T07:18:02.1002695Z       "scenario": "dark-notes",
validate-platform	Validate presentation-v2 HTML QA	2026-09-14T07:18:02.1003067Z       "slide": 3,
validate-platform	Validate presentation-v2 HTML QA	2026-09-14T07:18:02.1003506Z       "rootClass": "pv2-shell pv2-speaker-notes-open",
validate-platform	Validate presentation-v2 HTML QA	2026-09-14T07:18:02.1003993Z       "canvas": {
validate-platform	Validate presentation-v2 HTML QA	2026-09-14T07:18:02.1004300Z         "width": 862,
validate-platform	Validate presentation-v2 HTML QA	2026-09-14T07:18:02.1004628Z         "height": 485,
validate-platform	Validate presentation-v2 HTML QA	2026-09-14T07:18:02.1004956Z         "ratio": 1.778
validate-platform	Validate presentation-v2 HTML QA	2026-09-14T07:18:02.1005262Z       },
validate-platform	Validate presentation-v2 HTML QA	2026-09-14T07:18:02.1005532Z       "spills": [],
validate-platform	Validate presentation-v2 HTML QA	2026-09-14T07:18:02.1006213Z       "notes": {
validate-platform	Validate presentation-v2 HTML QA	2026-09-14T07:18:02.1006547Z         "display": "block",
validate-platform	Validate presentation-v2 HTML QA	2026-09-14T07:18:02.1006921Z         "rightSide": true,
validate-platform	Validate presentation-v2 HTML QA	2026-09-14T07:18:02.1007275Z         "width": 330,
validate-platform	Validate presentation-v2 HTML QA	2026-09-14T07:18:02.1007607Z         "height": 576
validate-platform	Validate presentation-v2 HTML QA	2026-09-14T07:18:02.1007910Z       },
validate-platform	Validate presentation-v2 HTML QA	2026-09-14T07:18:02.1008247Z       "horizontalOverflow": false,
validate-platform	Validate presentation-v2 HTML QA	2026-09-14T07:18:02.1009274Z       "screenshot": "D:\\a\\4veco-platform\\4veco-platform\\ci-artifacts\\presentation-v2-html-qa\\b1-111\\dark-notes-slide-3.png"
validate-platform	Validate presentation-v2 HTML QA	2026-09-14T07:18:02.1010225Z     },
validate-platform	Validate presentation-v2 HTML QA	2026-09-14T07:18:02.1010485Z     {
validate-platform	Validate presentation-v2 HTML QA	2026-09-14T07:18:02.1010799Z       "scenario": "dark-notes",
validate-platform	Validate presentation-v2 HTML QA	2026-09-14T07:18:02.1011177Z       "slide": 4,
validate-platform	Validate presentation-v2 HTML QA	2026-09-14T07:18:02.1011608Z       "rootClass": "pv2-shell pv2-speaker-notes-open",
validate-platform	Validate presentation-v2 HTML QA	2026-09-14T07:18:02.1012109Z       "canvas": {
validate-platform	Validate presentation-v2 HTML QA	2026-09-14T07:18:02.1012411Z         "width": 862,
validate-platform	Validate presentation-v2 HTML QA	2026-09-14T07:18:02.1012734Z         "height": 485,
validate-platform	Validate presentation-v2 HTML QA	2026-09-14T07:18:02.1013060Z         "ratio": 1.778
validate-platform	Validate presentation-v2 HTML QA	2026-09-14T07:18:02.1013369Z       },
validate-platform	Validate presentation-v2 HTML QA	2026-09-14T07:18:02.1013644Z       "spills": [],
validate-platform	Validate presentation-v2 HTML QA	2026-09-14T07:18:02.1013945Z       "notes": {
validate-platform	Validate presentation-v2 HTML QA	2026-09-14T07:18:02.1014259Z         "display": "block",
validate-platform	Validate presentation-v2 HTML QA	2026-09-14T07:18:02.1014621Z         "rightSide": true,
validate-platform	Validate presentation-v2 HTML QA	2026-09-14T07:18:02.1014972Z         "width": 330,
validate-platform	Validate presentation-v2 HTML QA	2026-09-14T07:18:02.1015286Z         "height": 506
validate-platform	Validate presentation-v2 HTML QA	2026-09-14T07:18:02.1015597Z       },
validate-platform	Validate presentation-v2 HTML QA	2026-09-14T07:18:02.1015927Z       "horizontalOverflow": false,
validate-platform	Validate presentation-v2 HTML QA	2026-09-14T07:18:02.1017144Z       "screenshot": "D:\\a\\4veco-platform\\4veco-platform\\ci-artifacts\\presentation-v2-html-qa\\b1-111\\dark-notes-slide-4.png"
validate-platform	Validate presentation-v2 HTML QA	2026-09-14T07:18:02.1018083Z     },
validate-platform	Validate presentation-v2 HTML QA	2026-09-14T07:18:02.1018343Z     {
validate-platform	Validate presentation-v2 HTML QA	2026-09-14T07:18:02.1018658Z       "scenario": "dark-notes",
validate-platform	Validate presentation-v2 HTML QA	2026-09-14T07:18:02.1019025Z       "slide": 5,
validate-platform	Validate presentation-v2 HTML QA	2026-09-14T07:18:02.1019456Z       "rootClass": "pv2-shell pv2-speaker-notes-open",
validate-platform	Validate presentation-v2 HTML QA	2026-09-14T07:18:02.1019946Z       "canvas": {
validate-platform	Validate presentation-v2 HTML QA	2026-09-14T07:18:02.1020253Z         "width": 862,
validate-platform	Validate presentation-v2 HTML QA	2026-09-14T07:18:02.1020583Z         "height": 485,
validate-platform	Validate presentation-v2 HTML QA	2026-09-14T07:18:02.1020905Z         "ratio": 1.778
validate-platform	Validate presentation-v2 HTML QA	2026-09-14T07:18:02.1021221Z       },
validate-platform	Validate presentation-v2 HTML QA	2026-09-14T07:18:02.1021495Z       "spills": [],
validate-platform	Validate presentation-v2 HTML QA	2026-09-14T07:18:02.1021807Z       "notes": {
validate-platform	Validate presentation-v2 HTML QA	2026-09-14T07:18:02.1022111Z         "display": "block",
validate-platform	Validate presentation-v2 HTML QA	2026-09-14T07:18:02.1022480Z         "rightSide": true,
validate-platform	Validate presentation-v2 HTML QA	2026-09-14T07:18:02.1022828Z         "width": 330,
validate-platform	Validate presentation-v2 HTML QA	2026-09-14T07:18:02.1023149Z         "height": 485
validate-platform	Validate presentation-v2 HTML QA	2026-09-14T07:18:02.1023459Z       },
validate-platform	Validate presentation-v2 HTML QA	2026-09-14T07:18:02.1023794Z       "horizontalOverflow": false,
validate-platform	Validate presentation-v2 HTML QA	2026-09-14T07:18:02.1024822Z       "screenshot": "D:\\a\\4veco-platform\\4veco-platform\\ci-artifacts\\presentation-v2-html-qa\\b1-111\\dark-notes-slide-5.png"
validate-platform	Validate presentation-v2 HTML QA	2026-09-14T07:18:02.1025754Z     },
validate-platform	Validate presentation-v2 HTML QA	2026-09-14T07:18:02.1026251Z     {
validate-platform	Validate presentation-v2 HTML QA	2026-09-14T07:18:02.1026574Z       "scenario": "dark-notes",
validate-platform	Validate presentation-v2 HTML QA	2026-09-14T07:18:02.1027109Z       "slide": 6,
validate-platform	Validate presentation-v2 HTML QA	2026-09-14T07:18:02.1027540Z       "rootClass": "pv2-shell pv2-speaker-notes-open",
validate-platform	Validate presentation-v2 HTML QA	2026-09-14T07:18:02.1028033Z       "canvas": {
validate-platform	Validate presentation-v2 HTML QA	2026-09-14T07:18:02.1028334Z         "width": 862,
validate-platform	Validate presentation-v2 HTML QA	2026-09-14T07:18:02.1028662Z         "height": 485,
validate-platform	Validate presentation-v2 HTML QA	2026-09-14T07:18:02.1028989Z         "ratio": 1.778
validate-platform	Validate presentation-v2 HTML QA	2026-09-14T07:18:02.1029295Z       },
validate-platform	Validate presentation-v2 HTML QA	2026-09-14T07:18:02.1029578Z       "spills": [],
validate-platform	Validate presentation-v2 HTML QA	2026-09-14T07:18:02.1029881Z       "notes": {
validate-platform	Validate presentation-v2 HTML QA	2026-09-14T07:18:02.1030196Z         "display": "block",
validate-platform	Validate presentation-v2 HTML QA	2026-09-14T07:18:02.1030561Z         "rightSide": true,
validate-platform	Validate presentation-v2 HTML QA	2026-09-14T07:18:02.1030920Z         "width": 330,
validate-platform	Validate presentation-v2 HTML QA	2026-09-14T07:18:02.1031242Z         "height": 576
validate-platform	Validate presentation-v2 HTML QA	2026-09-14T07:18:02.1031551Z       },
validate-platform	Validate presentation-v2 HTML QA	2026-09-14T07:18:02.1031882Z       "horizontalOverflow": false,
validate-platform	Validate presentation-v2 HTML QA	2026-09-14T07:18:02.1032902Z       "screenshot": "D:\\a\\4veco-platform\\4veco-platform\\ci-artifacts\\presentation-v2-html-qa\\b1-111\\dark-notes-slide-6.png"
validate-platform	Validate presentation-v2 HTML QA	2026-09-14T07:18:02.1033838Z     },
validate-platform	Validate presentation-v2 HTML QA	2026-09-14T07:18:02.1034098Z     {
validate-platform	Validate presentation-v2 HTML QA	2026-09-14T07:18:02.1034425Z       "scenario": "dark-notes",
validate-platform	Validate presentation-v2 HTML QA	2026-09-14T07:18:02.1034791Z       "slide": 7,
validate-platform	Validate presentation-v2 HTML QA	2026-09-14T07:18:02.1035229Z       "rootClass": "pv2-shell pv2-speaker-notes-open",
validate-platform	Validate presentation-v2 HTML QA	2026-09-14T07:18:02.1035713Z       "canvas": {
validate-platform	Validate presentation-v2 HTML QA	2026-09-14T07:18:02.1036017Z         "width": 862,
validate-platform	Validate presentation-v2 HTML QA	2026-09-14T07:18:02.1036335Z         "height": 485,
validate-platform	Validate presentation-v2 HTML QA	2026-09-14T07:18:02.1036663Z         "ratio": 1.778
validate-platform	Validate presentation-v2 HTML QA	2026-09-14T07:18:02.1036966Z       },
validate-platform	Validate presentation-v2 HTML QA	2026-09-14T07:18:02.1037244Z       "spills": [],
validate-platform	Validate presentation-v2 HTML QA	2026-09-14T07:18:02.1037555Z       "notes": {
validate-platform	Validate presentation-v2 HTML QA	2026-09-14T07:18:02.1037866Z         "display": "block",
validate-platform	Validate presentation-v2 HTML QA	2026-09-14T07:18:02.1038229Z         "rightSide": true,
validate-platform	Validate presentation-v2 HTML QA	2026-09-14T07:18:02.1038582Z         "width": 330,
validate-platform	Validate presentation-v2 HTML QA	2026-09-14T07:18:02.1039763Z         "height": 506
validate-platform	Validate presentation-v2 HTML QA	2026-09-14T07:18:02.1040142Z       },
validate-platform	Validate presentation-v2 HTML QA	2026-09-14T07:18:02.1040509Z       "horizontalOverflow": false,
validate-platform	Validate presentation-v2 HTML QA	2026-09-14T07:18:02.1041891Z       "screenshot": "D:\\a\\4veco-platform\\4veco-platform\\ci-artifacts\\presentation-v2-html-qa\\b1-111\\dark-notes-slide-7.png"
validate-platform	Validate presentation-v2 HTML QA	2026-09-14T07:18:02.1043063Z     },
validate-platform	Validate presentation-v2 HTML QA	2026-09-14T07:18:02.1043336Z     {
validate-platform	Validate presentation-v2 HTML QA	2026-09-14T07:18:02.1043827Z       "scenario": "dark-notes",
validate-platform	Validate presentation-v2 HTML QA	2026-09-14T07:18:02.1044247Z       "slide": 8,
validate-platform	Validate presentation-v2 HTML QA	2026-09-14T07:18:02.1045027Z       "rootClass": "pv2-shell pv2-speaker-notes-open",
validate-platform	Validate presentation-v2 HTML QA	2026-09-14T07:18:02.1045950Z       "canvas": {
validate-platform	Validate presentation-v2 HTML QA	2026-09-14T07:18:02.1046272Z         "width": 862,
validate-platform	Validate presentation-v2 HTML QA	2026-09-14T07:18:02.1046626Z         "height": 485,
validate-platform	Validate presentation-v2 HTML QA	2026-09-14T07:18:02.1047246Z         "ratio": 1.778
validate-platform	Validate presentation-v2 HTML QA	2026-09-14T07:18:02.1047578Z       },
validate-platform	Validate presentation-v2 HTML QA	2026-09-14T07:18:02.1048095Z       "spills": [],
validate-platform	Validate presentation-v2 HTML QA	2026-09-14T07:18:02.1048408Z       "notes": {
validate-platform	Validate presentation-v2 HTML QA	2026-09-14T07:18:02.1048729Z         "display": "block",
validate-platform	Validate presentation-v2 HTML QA	2026-09-14T07:18:02.1049326Z         "rightSide": true,
validate-platform	Validate presentation-v2 HTML QA	2026-09-14T07:18:02.1049686Z         "width": 330,
validate-platform	Validate presentation-v2 HTML QA	2026-09-14T07:18:02.1050003Z         "height": 554
validate-platform	Validate presentation-v2 HTML QA	2026-09-14T07:18:02.1051050Z       },
validate-platform	Validate presentation-v2 HTML QA	2026-09-14T07:18:02.1051448Z       "horizontalOverflow": false,
validate-platform	Validate presentation-v2 HTML QA	2026-09-14T07:18:02.1052790Z       "screenshot": "D:\\a\\4veco-platform\\4veco-platform\\ci-artifacts\\presentation-v2-html-qa\\b1-111\\dark-notes-slide-8.png"
validate-platform	Validate presentation-v2 HTML QA	2026-09-14T07:18:02.1054006Z     },
validate-platform	Validate presentation-v2 HTML QA	2026-09-14T07:18:02.1054283Z     {
validate-platform	Validate presentation-v2 HTML QA	2026-09-14T07:18:02.1054836Z       "scenario": "dark-notes",
validate-platform	Validate presentation-v2 HTML QA	2026-09-14T07:18:02.1055230Z       "slide": 9,
validate-platform	Validate presentation-v2 HTML QA	2026-09-14T07:18:02.1055680Z       "rootClass": "pv2-shell pv2-speaker-notes-open",
validate-platform	Validate presentation-v2 HTML QA	2026-09-14T07:18:02.1056566Z       "canvas": {
validate-platform	Validate presentation-v2 HTML QA	2026-09-14T07:18:02.1056885Z         "width": 862,
validate-platform	Validate presentation-v2 HTML QA	2026-09-14T07:18:02.1057492Z         "height": 485,
validate-platform	Validate presentation-v2 HTML QA	2026-09-14T07:18:02.1057874Z         "ratio": 1.778
validate-platform	Validate presentation-v2 HTML QA	2026-09-14T07:18:02.1058203Z       },
validate-platform	Validate presentation-v2 HTML QA	2026-09-14T07:18:02.1058488Z       "spills": [],
validate-platform	Validate presentation-v2 HTML QA	2026-09-14T07:18:02.1058828Z       "notes": {
validate-platform	Validate presentation-v2 HTML QA	2026-09-14T07:18:02.1059156Z         "display": "block",
validate-platform	Validate presentation-v2 HTML QA	2026-09-14T07:18:02.1059536Z         "rightSide": true,
validate-platform	Validate presentation-v2 HTML QA	2026-09-14T07:18:02.1060322Z         "width": 330,
validate-platform	Validate presentation-v2 HTML QA	2026-09-14T07:18:02.1060718Z         "height": 485
validate-platform	Validate presentation-v2 HTML QA	2026-09-14T07:18:02.1061047Z       },
validate-platform	Validate presentation-v2 HTML QA	2026-09-14T07:18:02.1061719Z       "horizontalOverflow": false,
validate-platform	Validate presentation-v2 HTML QA	2026-09-14T07:18:02.1062954Z       "screenshot": "D:\\a\\4veco-platform\\4veco-platform\\ci-artifacts\\presentation-v2-html-qa\\b1-111\\dark-notes-slide-9.png"
validate-platform	Validate presentation-v2 HTML QA	2026-09-14T07:18:02.1064100Z     },
validate-platform	Validate presentation-v2 HTML QA	2026-09-14T07:18:02.1064372Z     {
validate-platform	Validate presentation-v2 HTML QA	2026-09-14T07:18:02.1064694Z       "scenario": "dark-notes",
validate-platform	Validate presentation-v2 HTML QA	2026-09-14T07:18:02.1065070Z       "slide": 10,
validate-platform	Validate presentation-v2 HTML QA	2026-09-14T07:18:02.1065521Z       "rootClass": "pv2-shell pv2-speaker-notes-open",
validate-platform	Validate presentation-v2 HTML QA	2026-09-14T07:18:02.1066004Z       "canvas": {
validate-platform	Validate presentation-v2 HTML QA	2026-09-14T07:18:02.1066317Z         "width": 862,
validate-platform	Validate presentation-v2 HTML QA	2026-09-14T07:18:02.1066650Z         "height": 485,
validate-platform	Validate presentation-v2 HTML QA	2026-09-14T07:18:02.1067284Z         "ratio": 1.778
validate-platform	Validate presentation-v2 HTML QA	2026-09-14T07:18:02.1067757Z       },
validate-platform	Validate presentation-v2 HTML QA	2026-09-14T07:18:02.1068047Z       "spills": [],
validate-platform	Validate presentation-v2 HTML QA	2026-09-14T07:18:02.1068348Z       "notes": {
validate-platform	Validate presentation-v2 HTML QA	2026-09-14T07:18:02.1068656Z         "display": "block",
validate-platform	Validate presentation-v2 HTML QA	2026-09-14T07:18:02.1069038Z         "rightSide": true,
validate-platform	Validate presentation-v2 HTML QA	2026-09-14T07:18:02.1069384Z         "width": 330,
validate-platform	Validate presentation-v2 HTML QA	2026-09-14T07:18:02.1069514Z         "height": 530
validate-platform	Validate presentation-v2 HTML QA	2026-09-14T07:18:02.1069628Z       },
validate-platform	Validate presentation-v2 HTML QA	2026-09-14T07:18:02.1069828Z       "horizontalOverflow": false,
validate-platform	Validate presentation-v2 HTML QA	2026-09-14T07:18:02.1070601Z       "screenshot": "D:\\a\\4veco-platform\\4veco-platform\\ci-artifacts\\presentation-v2-html-qa\\b1-111\\dark-notes-slide-10.png"
validate-platform	Validate presentation-v2 HTML QA	2026-09-14T07:18:02.1070720Z     },
validate-platform	Validate presentation-v2 HTML QA	2026-09-14T07:18:02.1070836Z     {
validate-platform	Validate presentation-v2 HTML QA	2026-09-14T07:18:02.1071015Z       "scenario": "dark-notes",
validate-platform	Validate presentation-v2 HTML QA	2026-09-14T07:18:02.1071144Z       "slide": 11,
validate-platform	Validate presentation-v2 HTML QA	2026-09-14T07:18:02.1071404Z       "rootClass": "pv2-shell pv2-speaker-notes-open",
validate-platform	Validate presentation-v2 HTML QA	2026-09-14T07:18:02.1071531Z       "canvas": {
validate-platform	Validate presentation-v2 HTML QA	2026-09-14T07:18:02.1071659Z         "width": 862,
validate-platform	Validate presentation-v2 HTML QA	2026-09-14T07:18:02.1071791Z         "height": 485,
validate-platform	Validate presentation-v2 HTML QA	2026-09-14T07:18:02.1071925Z         "ratio": 1.778
validate-platform	Validate presentation-v2 HTML QA	2026-09-14T07:18:02.1072036Z       },
validate-platform	Validate presentation-v2 HTML QA	2026-09-14T07:18:02.1072166Z       "spills": [],
validate-platform	Validate presentation-v2 HTML QA	2026-09-14T07:18:02.1072289Z       "notes": {
validate-platform	Validate presentation-v2 HTML QA	2026-09-14T07:18:02.1072719Z         "display": "block",
validate-platform	Validate presentation-v2 HTML QA	2026-09-14T07:18:02.1073032Z         "rightSide": true,
validate-platform	Validate presentation-v2 HTML QA	2026-09-14T07:18:02.1073183Z         "width": 330,
validate-platform	Validate presentation-v2 HTML QA	2026-09-14T07:18:02.1073321Z         "height": 506
validate-platform	Validate presentation-v2 HTML QA	2026-09-14T07:18:02.1073447Z       },
validate-platform	Validate presentation-v2 HTML QA	2026-09-14T07:18:02.1073631Z       "horizontalOverflow": false,
validate-platform	Validate presentation-v2 HTML QA	2026-09-14T07:18:02.1074403Z       "screenshot": "D:\\a\\4veco-platform\\4veco-platform\\ci-artifacts\\presentation-v2-html-qa\\b1-111\\dark-notes-slide-11.png"
validate-platform	Validate presentation-v2 HTML QA	2026-09-14T07:18:02.1074524Z     },
validate-platform	Validate presentation-v2 HTML QA	2026-09-14T07:18:02.1074642Z     {
validate-platform	Validate presentation-v2 HTML QA	2026-09-14T07:18:02.1074785Z       "scenario": "mobile",
validate-platform	Validate presentation-v2 HTML QA	2026-09-14T07:18:02.1074909Z       "slide": 1,
validate-platform	Validate presentation-v2 HTML QA	2026-09-14T07:18:02.1075086Z       "rootClass": "pv2-shell",
validate-platform	Validate presentation-v2 HTML QA	2026-09-14T07:18:02.1075212Z       "canvas": {
validate-platform	Validate presentation-v2 HTML QA	2026-09-14T07:18:02.1075343Z         "width": 370,
validate-platform	Validate presentation-v2 HTML QA	2026-09-14T07:18:02.1075631Z         "height": 584,
validate-platform	Validate presentation-v2 HTML QA	2026-09-14T07:18:02.1075755Z         "ratio": 0.633
validate-platform	Validate presentation-v2 HTML QA	2026-09-14T07:18:02.1075881Z       },
validate-platform	Validate presentation-v2 HTML QA	2026-09-14T07:18:02.1076010Z       "spills": [],
validate-platform	Validate presentation-v2 HTML QA	2026-09-14T07:18:02.1076135Z       "notes": {
validate-platform	Validate presentation-v2 HTML QA	2026-09-14T07:18:02.1076265Z         "display": "none",
validate-platform	Validate presentation-v2 HTML QA	2026-09-14T07:18:02.1076404Z         "rightSide": true,
validate-platform	Validate presentation-v2 HTML QA	2026-09-14T07:18:02.1076527Z         "width": 0,
validate-platform	Validate presentation-v2 HTML QA	2026-09-14T07:18:02.1076658Z         "height": 0
validate-platform	Validate presentation-v2 HTML QA	2026-09-14T07:18:02.1076765Z       },
validate-platform	Validate presentation-v2 HTML QA	2026-09-14T07:18:02.1076955Z       "horizontalOverflow": false,
validate-platform	Validate presentation-v2 HTML QA	2026-09-14T07:18:02.1077693Z       "screenshot": "D:\\a\\4veco-platform\\4veco-platform\\ci-artifacts\\presentation-v2-html-qa\\b1-111\\mobile-slide-1.png"
validate-platform	Validate presentation-v2 HTML QA	2026-09-14T07:18:02.1077811Z     },
validate-platform	Validate presentation-v2 HTML QA	2026-09-14T07:18:02.1077928Z     {
validate-platform	Validate presentation-v2 HTML QA	2026-09-14T07:18:02.1078367Z       "scenario": "mobile",
validate-platform	Validate presentation-v2 HTML QA	2026-09-14T07:18:02.1078653Z       "slide": 2,
validate-platform	Validate presentation-v2 HTML QA	2026-09-14T07:18:02.1078846Z       "rootClass": "pv2-shell",
validate-platform	Validate presentation-v2 HTML QA	2026-09-14T07:18:02.1078979Z       "canvas": {
validate-platform	Validate presentation-v2 HTML QA	2026-09-14T07:18:02.1079106Z         "width": 370,
validate-platform	Validate presentation-v2 HTML QA	2026-09-14T07:18:02.1079245Z         "height": 828,
validate-platform	Validate presentation-v2 HTML QA	2026-09-14T07:18:02.1079378Z         "ratio": 0.447
validate-platform	Validate presentation-v2 HTML QA	2026-09-14T07:18:02.1079492Z       },
validate-platform	Validate presentation-v2 HTML QA	2026-09-14T07:18:02.1079620Z       "spills": [],
validate-platform	Validate presentation-v2 HTML QA	2026-09-14T07:18:02.1079736Z       "notes": {
validate-platform	Validate presentation-v2 HTML QA	2026-09-14T07:18:02.1079873Z         "display": "none",
validate-platform	Validate presentation-v2 HTML QA	2026-09-14T07:18:02.1080012Z         "rightSide": true,
validate-platform	Validate presentation-v2 HTML QA	2026-09-14T07:18:02.1080269Z         "width": 0,
validate-platform	Validate presentation-v2 HTML QA	2026-09-14T07:18:02.1080390Z         "height": 0
validate-platform	Validate presentation-v2 HTML QA	2026-09-14T07:18:02.1080506Z       },
validate-platform	Validate presentation-v2 HTML QA	2026-09-14T07:18:02.1080693Z       "horizontalOverflow": false,
validate-platform	Validate presentation-v2 HTML QA	2026-09-14T07:18:02.1081419Z       "screenshot": "D:\\a\\4veco-platform\\4veco-platform\\ci-artifacts\\presentation-v2-html-qa\\b1-111\\mobile-slide-2.png"
validate-platform	Validate presentation-v2 HTML QA	2026-09-14T07:18:02.1081537Z     },
validate-platform	Validate presentation-v2 HTML QA	2026-09-14T07:18:02.1081646Z     {
validate-platform	Validate presentation-v2 HTML QA	2026-09-14T07:18:02.1081788Z       "scenario": "mobile",
validate-platform	Validate presentation-v2 HTML QA	2026-09-14T07:18:02.1081912Z       "slide": 3,
validate-platform	Validate presentation-v2 HTML QA	2026-09-14T07:18:02.1082080Z       "rootClass": "pv2-shell",
validate-platform	Validate presentation-v2 HTML QA	2026-09-14T07:18:02.1082199Z       "canvas": {
validate-platform	Validate presentation-v2 HTML QA	2026-09-14T07:18:02.1082336Z         "width": 370,
validate-platform	Validate presentation-v2 HTML QA	2026-09-14T07:18:02.1082466Z         "height": 527,
validate-platform	Validate presentation-v2 HTML QA	2026-09-14T07:18:02.1082590Z         "ratio": 0.703
validate-platform	Validate presentation-v2 HTML QA	2026-09-14T07:18:02.1082708Z       },
validate-platform	Validate presentation-v2 HTML QA	2026-09-14T07:18:02.1082829Z       "spills": [],
validate-platform	Validate presentation-v2 HTML QA	2026-09-14T07:18:02.1082952Z       "notes": {
validate-platform	Validate presentation-v2 HTML QA	2026-09-14T07:18:02.1083088Z         "display": "none",
validate-platform	Validate presentation-v2 HTML QA	2026-09-14T07:18:02.1083223Z         "rightSide": true,
validate-platform	Validate presentation-v2 HTML QA	2026-09-14T07:18:02.1083349Z         "width": 0,
validate-platform	Validate presentation-v2 HTML QA	2026-09-14T07:18:02.1083474Z         "height": 0
validate-platform	Validate presentation-v2 HTML QA	2026-09-14T07:18:02.1083885Z       },
validate-platform	Validate presentation-v2 HTML QA	2026-09-14T07:18:02.1084238Z       "horizontalOverflow": false,
validate-platform	Validate presentation-v2 HTML QA	2026-09-14T07:18:02.1084957Z       "screenshot": "D:\\a\\4veco-platform\\4veco-platform\\ci-artifacts\\presentation-v2-html-qa\\b1-111\\mobile-slide-3.png"
validate-platform	Validate presentation-v2 HTML QA	2026-09-14T07:18:02.1085075Z     },
validate-platform	Validate presentation-v2 HTML QA	2026-09-14T07:18:02.1085192Z     {
validate-platform	Validate presentation-v2 HTML QA	2026-09-14T07:18:02.1085332Z       "scenario": "mobile",
validate-platform	Validate presentation-v2 HTML QA	2026-09-14T07:18:02.1085455Z       "slide": 4,
validate-platform	Validate presentation-v2 HTML QA	2026-09-14T07:18:02.1085621Z       "rootClass": "pv2-shell",
validate-platform	Validate presentation-v2 HTML QA	2026-09-14T07:18:02.1085754Z       "canvas": {
validate-platform	Validate presentation-v2 HTML QA	2026-09-14T07:18:02.1085885Z         "width": 370,
validate-platform	Validate presentation-v2 HTML QA	2026-09-14T07:18:02.1086020Z         "height": 867,
validate-platform	Validate presentation-v2 HTML QA	2026-09-14T07:18:02.1086149Z         "ratio": 0.427
validate-platform	Validate presentation-v2 HTML QA	2026-09-14T07:18:02.1086259Z       },
validate-platform	Validate presentation-v2 HTML QA	2026-09-14T07:18:02.1086390Z       "spills": [],
validate-platform	Validate presentation-v2 HTML QA	2026-09-14T07:18:02.1086512Z       "notes": {
validate-platform	Validate presentation-v2 HTML QA	2026-09-14T07:18:02.1086649Z         "display": "none",
validate-platform	Validate presentation-v2 HTML QA	2026-09-14T07:18:02.1086791Z         "rightSide": true,
validate-platform	Validate presentation-v2 HTML QA	2026-09-14T07:18:02.1086939Z         "width": 0,
validate-platform	Validate presentation-v2 HTML QA	2026-09-14T07:18:02.1087088Z         "height": 0
validate-platform	Validate presentation-v2 HTML QA	2026-09-14T07:18:02.1087207Z       },
validate-platform	Validate presentation-v2 HTML QA	2026-09-14T07:18:02.1087387Z       "horizontalOverflow": false,
validate-platform	Validate presentation-v2 HTML QA	2026-09-14T07:18:02.1088099Z       "screenshot": "D:\\a\\4veco-platform\\4veco-platform\\ci-artifacts\\presentation-v2-html-qa\\b1-111\\mobile-slide-4.png"
validate-platform	Validate presentation-v2 HTML QA	2026-09-14T07:18:02.1088218Z     },
validate-platform	Validate presentation-v2 HTML QA	2026-09-14T07:18:02.1088333Z     {
validate-platform	Validate presentation-v2 HTML QA	2026-09-14T07:18:02.1088475Z       "scenario": "mobile",
validate-platform	Validate presentation-v2 HTML QA	2026-09-14T07:18:02.1088593Z       "slide": 5,
validate-platform	Validate presentation-v2 HTML QA	2026-09-14T07:18:02.1088765Z       "rootClass": "pv2-shell",
validate-platform	Validate presentation-v2 HTML QA	2026-09-14T07:18:02.1090426Z       "canvas": {
validate-platform	Validate presentation-v2 HTML QA	2026-09-14T07:18:02.1090625Z         "width": 370,
validate-platform	Validate presentation-v2 HTML QA	2026-09-14T07:18:02.1090787Z         "height": 555,
validate-platform	Validate presentation-v2 HTML QA	2026-09-14T07:18:02.1090917Z         "ratio": 0.667
validate-platform	Validate presentation-v2 HTML QA	2026-09-14T07:18:02.1091042Z       },
validate-platform	Validate presentation-v2 HTML QA	2026-09-14T07:18:02.1091175Z       "spills": [],
validate-platform	Validate presentation-v2 HTML QA	2026-09-14T07:18:02.1091299Z       "notes": {
validate-platform	Validate presentation-v2 HTML QA	2026-09-14T07:18:02.1091435Z         "display": "none",
validate-platform	Validate presentation-v2 HTML QA	2026-09-14T07:18:02.1091585Z         "rightSide": true,
validate-platform	Validate presentation-v2 HTML QA	2026-09-14T07:18:02.1091714Z         "width": 0,
validate-platform	Validate presentation-v2 HTML QA	2026-09-14T07:18:02.1091843Z         "height": 0
validate-platform	Validate presentation-v2 HTML QA	2026-09-14T07:18:02.1091966Z       },
validate-platform	Validate presentation-v2 HTML QA	2026-09-14T07:18:02.1092178Z       "horizontalOverflow": false,
validate-platform	Validate presentation-v2 HTML QA	2026-09-14T07:18:02.1093150Z       "screenshot": "D:\\a\\4veco-platform\\4veco-platform\\ci-artifacts\\presentation-v2-html-qa\\b1-111\\mobile-slide-5.png"
validate-platform	Validate presentation-v2 HTML QA	2026-09-14T07:18:02.1093284Z     },
validate-platform	Validate presentation-v2 HTML QA	2026-09-14T07:18:02.1093404Z     {
validate-platform	Validate presentation-v2 HTML QA	2026-09-14T07:18:02.1093547Z       "scenario": "mobile",
validate-platform	Validate presentation-v2 HTML QA	2026-09-14T07:18:02.1093678Z       "slide": 6,
validate-platform	Validate presentation-v2 HTML QA	2026-09-14T07:18:02.1093864Z       "rootClass": "pv2-shell",
validate-platform	Validate presentation-v2 HTML QA	2026-09-14T07:18:02.1093992Z       "canvas": {
validate-platform	Validate presentation-v2 HTML QA	2026-09-14T07:18:02.1094117Z         "width": 370,
validate-platform	Validate presentation-v2 HTML QA	2026-09-14T07:18:02.1094250Z         "height": 634,
validate-platform	Validate presentation-v2 HTML QA	2026-09-14T07:18:02.1094376Z         "ratio": 0.584
validate-platform	Validate presentation-v2 HTML QA	2026-09-14T07:18:02.1094492Z       },
validate-platform	Validate presentation-v2 HTML QA	2026-09-14T07:18:02.1094621Z       "spills": [],
validate-platform	Validate presentation-v2 HTML QA	2026-09-14T07:18:02.1094816Z       "notes": {
validate-platform	Validate presentation-v2 HTML QA	2026-09-14T07:18:02.1095139Z         "display": "none",
validate-platform	Validate presentation-v2 HTML QA	2026-09-14T07:18:02.1095282Z         "rightSide": true,
validate-platform	Validate presentation-v2 HTML QA	2026-09-14T07:18:02.1095409Z         "width": 0,
validate-platform	Validate presentation-v2 HTML QA	2026-09-14T07:18:02.1095529Z         "height": 0
validate-platform	Validate presentation-v2 HTML QA	2026-09-14T07:18:02.1095643Z       },
validate-platform	Validate presentation-v2 HTML QA	2026-09-14T07:18:02.1095833Z       "horizontalOverflow": false,
validate-platform	Validate presentation-v2 HTML QA	2026-09-14T07:18:02.1096568Z       "screenshot": "D:\\a\\4veco-platform\\4veco-platform\\ci-artifacts\\presentation-v2-html-qa\\b1-111\\mobile-slide-6.png"
validate-platform	Validate presentation-v2 HTML QA	2026-09-14T07:18:02.1096686Z     },
validate-platform	Validate presentation-v2 HTML QA	2026-09-14T07:18:02.1096794Z     {
validate-platform	Validate presentation-v2 HTML QA	2026-09-14T07:18:02.1096947Z       "scenario": "mobile",
validate-platform	Validate presentation-v2 HTML QA	2026-09-14T07:18:02.1097080Z       "slide": 7,
validate-platform	Validate presentation-v2 HTML QA	2026-09-14T07:18:02.1097255Z       "rootClass": "pv2-shell",
validate-platform	Validate presentation-v2 HTML QA	2026-09-14T07:18:02.1097374Z       "canvas": {
validate-platform	Validate presentation-v2 HTML QA	2026-09-14T07:18:02.1097824Z         "width": 370,
validate-platform	Validate presentation-v2 HTML QA	2026-09-14T07:18:02.1097975Z         "height": 701,
validate-platform	Validate presentation-v2 HTML QA	2026-09-14T07:18:02.1098260Z         "ratio": 0.528
validate-platform	Validate presentation-v2 HTML QA	2026-09-14T07:18:02.1098385Z       },
validate-platform	Validate presentation-v2 HTML QA	2026-09-14T07:18:02.1098509Z       "spills": [],
validate-platform	Validate presentation-v2 HTML QA	2026-09-14T07:18:02.1098642Z       "notes": {
validate-platform	Validate presentation-v2 HTML QA	2026-09-14T07:18:02.1098779Z         "display": "none",
validate-platform	Validate presentation-v2 HTML QA	2026-09-14T07:18:02.1098922Z         "rightSide": true,
validate-platform	Validate presentation-v2 HTML QA	2026-09-14T07:18:02.1099048Z         "width": 0,
validate-platform	Validate presentation-v2 HTML QA	2026-09-14T07:18:02.1099177Z         "height": 0
validate-platform	Validate presentation-v2 HTML QA	2026-09-14T07:18:02.1099296Z       },
validate-platform	Validate presentation-v2 HTML QA	2026-09-14T07:18:02.1099481Z       "horizontalOverflow": false,
validate-platform	Validate presentation-v2 HTML QA	2026-09-14T07:18:02.1100212Z       "screenshot": "D:\\a\\4veco-platform\\4veco-platform\\ci-artifacts\\presentation-v2-html-qa\\b1-111\\mobile-slide-7.png"
validate-platform	Validate presentation-v2 HTML QA	2026-09-14T07:18:02.1100324Z     },
validate-platform	Validate presentation-v2 HTML QA	2026-09-14T07:18:02.1100438Z     {
validate-platform	Validate presentation-v2 HTML QA	2026-09-14T07:18:02.1100577Z       "scenario": "mobile",
validate-platform	Validate presentation-v2 HTML QA	2026-09-14T07:18:02.1100715Z       "slide": 8,
validate-platform	Validate presentation-v2 HTML QA	2026-09-14T07:18:02.1100884Z       "rootClass": "pv2-shell",
validate-platform	Validate presentation-v2 HTML QA	2026-09-14T07:18:02.1101008Z       "canvas": {
validate-platform	Validate presentation-v2 HTML QA	2026-09-14T07:18:02.1101142Z         "width": 370,
validate-platform	Validate presentation-v2 HTML QA	2026-09-14T07:18:02.1101274Z         "height": 661,
validate-platform	Validate presentation-v2 HTML QA	2026-09-14T07:18:02.1101404Z         "ratio": 0.56
validate-platform	Validate presentation-v2 HTML QA	2026-09-14T07:18:02.1101512Z       },
validate-platform	Validate presentation-v2 HTML QA	2026-09-14T07:18:02.1101643Z       "spills": [],
validate-platform	Validate presentation-v2 HTML QA	2026-09-14T07:18:02.1101767Z       "notes": {
validate-platform	Validate presentation-v2 HTML QA	2026-09-14T07:18:02.1101903Z         "display": "none",
validate-platform	Validate presentation-v2 HTML QA	2026-09-14T07:18:02.1102035Z         "rightSide": true,
validate-platform	Validate presentation-v2 HTML QA	2026-09-14T07:18:02.1102161Z         "width": 0,
validate-platform	Validate presentation-v2 HTML QA	2026-09-14T07:18:02.1102285Z         "height": 0
validate-platform	Validate presentation-v2 HTML QA	2026-09-14T07:18:02.1102400Z       },
validate-platform	Validate presentation-v2 HTML QA	2026-09-14T07:18:02.1102576Z       "horizontalOverflow": false,
validate-platform	Validate presentation-v2 HTML QA	2026-09-14T07:18:02.1103599Z       "screenshot": "D:\\a\\4veco-platform\\4veco-platform\\ci-artifacts\\presentation-v2-html-qa\\b1-111\\mobile-slide-8.png"
validate-platform	Validate presentation-v2 HTML QA	2026-09-14T07:18:02.1103733Z     },
validate-platform	Validate presentation-v2 HTML QA	2026-09-14T07:18:02.1103848Z     {
validate-platform	Validate presentation-v2 HTML QA	2026-09-14T07:18:02.1105255Z       "scenario": "mobile",
validate-platform	Validate presentation-v2 HTML QA	2026-09-14T07:18:02.1105566Z       "slide": 9,
validate-platform	Validate presentation-v2 HTML QA	2026-09-14T07:18:02.1106024Z       "rootClass": "pv2-shell",
validate-platform	Validate presentation-v2 HTML QA	2026-09-14T07:18:02.1106215Z       "canvas": {
validate-platform	Validate presentation-v2 HTML QA	2026-09-14T07:18:02.1106371Z         "width": 370,
validate-platform	Validate presentation-v2 HTML QA	2026-09-14T07:18:02.1106526Z         "height": 647,
validate-platform	Validate presentation-v2 HTML QA	2026-09-14T07:18:02.1106663Z         "ratio": 0.572
validate-platform	Validate presentation-v2 HTML QA	2026-09-14T07:18:02.1106792Z       },
validate-platform	Validate presentation-v2 HTML QA	2026-09-14T07:18:02.1106938Z       "spills": [],
validate-platform	Validate presentation-v2 HTML QA	2026-09-14T07:18:02.1107060Z       "notes": {
validate-platform	Validate presentation-v2 HTML QA	2026-09-14T07:18:02.1107221Z         "display": "none",
validate-platform	Validate presentation-v2 HTML QA	2026-09-14T07:18:02.1107364Z         "rightSide": true,
validate-platform	Validate presentation-v2 HTML QA	2026-09-14T07:18:02.1107477Z         "width": 0,
validate-platform	Validate presentation-v2 HTML QA	2026-09-14T07:18:02.1107584Z         "height": 0
validate-platform	Validate presentation-v2 HTML QA	2026-09-14T07:18:02.1107710Z       },
validate-platform	Validate presentation-v2 HTML QA	2026-09-14T07:18:02.1107908Z       "horizontalOverflow": false,
validate-platform	Validate presentation-v2 HTML QA	2026-09-14T07:18:02.1109418Z       "screenshot": "D:\\a\\4veco-platform\\4veco-platform\\ci-artifacts\\presentation-v2-html-qa\\b1-111\\mobile-slide-9.png"
validate-platform	Validate presentation-v2 HTML QA	2026-09-14T07:18:02.1109594Z     },
validate-platform	Validate presentation-v2 HTML QA	2026-09-14T07:18:02.1109743Z     {
validate-platform	Validate presentation-v2 HTML QA	2026-09-14T07:18:02.1109922Z       "scenario": "mobile",
validate-platform	Validate presentation-v2 HTML QA	2026-09-14T07:18:02.1110075Z       "slide": 10,
validate-platform	Validate presentation-v2 HTML QA	2026-09-14T07:18:02.1110294Z       "rootClass": "pv2-shell",
validate-platform	Validate presentation-v2 HTML QA	2026-09-14T07:18:02.1110433Z       "canvas": {
validate-platform	Validate presentation-v2 HTML QA	2026-09-14T07:18:02.1110573Z         "width": 370,
validate-platform	Validate presentation-v2 HTML QA	2026-09-14T07:18:02.1110721Z         "height": 499,
validate-platform	Validate presentation-v2 HTML QA	2026-09-14T07:18:02.1110862Z         "ratio": 0.741
validate-platform	Validate presentation-v2 HTML QA	2026-09-14T07:18:02.1111225Z       },
validate-platform	Validate presentation-v2 HTML QA	2026-09-14T07:18:02.1111393Z       "spills": [],
validate-platform	Validate presentation-v2 HTML QA	2026-09-14T07:18:02.1111540Z       "notes": {
validate-platform	Validate presentation-v2 HTML QA	2026-09-14T07:18:02.1111700Z         "display": "none",
validate-platform	Validate presentation-v2 HTML QA	2026-09-14T07:18:02.1111850Z         "rightSide": true,
validate-platform	Validate presentation-v2 HTML QA	2026-09-14T07:18:02.1112262Z         "width": 0,
validate-platform	Validate presentation-v2 HTML QA	2026-09-14T07:18:02.1112441Z         "height": 0
validate-platform	Validate presentation-v2 HTML QA	2026-09-14T07:18:02.1112582Z       },
validate-platform	Validate presentation-v2 HTML QA	2026-09-14T07:18:02.1112951Z       "horizontalOverflow": false,
validate-platform	Validate presentation-v2 HTML QA	2026-09-14T07:18:02.1113796Z       "screenshot": "D:\\a\\4veco-platform\\4veco-platform\\ci-artifacts\\presentation-v2-html-qa\\b1-111\\mobile-slide-10.png"
validate-platform	Validate presentation-v2 HTML QA	2026-09-14T07:18:02.1113942Z     },
validate-platform	Validate presentation-v2 HTML QA	2026-09-14T07:18:02.1114064Z     {
validate-platform	Validate presentation-v2 HTML QA	2026-09-14T07:18:02.1114221Z       "scenario": "mobile",
validate-platform	Validate presentation-v2 HTML QA	2026-09-14T07:18:02.1114360Z       "slide": 11,
validate-platform	Validate presentation-v2 HTML QA	2026-09-14T07:18:02.1114539Z       "rootClass": "pv2-shell",
validate-platform	Validate presentation-v2 HTML QA	2026-09-14T07:18:02.1114669Z       "canvas": {
validate-platform	Validate presentation-v2 HTML QA	2026-09-14T07:18:02.1114802Z         "width": 370,
validate-platform	Validate presentation-v2 HTML QA	2026-09-14T07:18:02.1114937Z         "height": 532,
validate-platform	Validate presentation-v2 HTML QA	2026-09-14T07:18:02.1115070Z         "ratio": 0.695
validate-platform	Validate presentation-v2 HTML QA	2026-09-14T07:18:02.1115191Z       },
validate-platform	Validate presentation-v2 HTML QA	2026-09-14T07:18:02.1115324Z       "spills": [],
validate-platform	Validate presentation-v2 HTML QA	2026-09-14T07:18:02.1115447Z       "notes": {
validate-platform	Validate presentation-v2 HTML QA	2026-09-14T07:18:02.1115582Z         "display": "none",
validate-platform	Validate presentation-v2 HTML QA	2026-09-14T07:18:02.1115721Z         "rightSide": true,
validate-platform	Validate presentation-v2 HTML QA	2026-09-14T07:18:02.1115848Z         "width": 0,
validate-platform	Validate presentation-v2 HTML QA	2026-09-14T07:18:02.1115972Z         "height": 0
validate-platform	Validate presentation-v2 HTML QA	2026-09-14T07:18:02.1116087Z       },
validate-platform	Validate presentation-v2 HTML QA	2026-09-14T07:18:02.1116276Z       "horizontalOverflow": false,
validate-platform	Validate presentation-v2 HTML QA	2026-09-14T07:18:02.1117318Z       "screenshot": "D:\\a\\4veco-platform\\4veco-platform\\ci-artifacts\\presentation-v2-html-qa\\b1-111\\mobile-slide-11.png"
validate-platform	Validate presentation-v2 HTML QA	2026-09-14T07:18:02.1117455Z     }
validate-platform	Validate presentation-v2 HTML QA	2026-09-14T07:18:02.1117580Z   ],
validate-platform	Validate presentation-v2 HTML QA	2026-09-14T07:18:02.1117720Z   "interactions": {
validate-platform	Validate presentation-v2 HTML QA	2026-09-14T07:18:02.1117838Z     "notes": {
validate-platform	Validate presentation-v2 HTML QA	2026-09-14T07:18:02.1117981Z       "rootOpen": true,
validate-platform	Validate presentation-v2 HTML QA	2026-09-14T07:18:02.1118131Z       "togglePressed": true,
validate-platform	Validate presentation-v2 HTML QA	2026-09-14T07:18:02.1118280Z       "activeNoteOpen": true,
validate-platform	Validate presentation-v2 HTML QA	2026-09-14T07:18:02.1118448Z       "label": "Verberg uitleg"
validate-platform	Validate presentation-v2 HTML QA	2026-09-14T07:18:02.1118578Z     },
validate-platform	Validate presentation-v2 HTML QA	2026-09-14T07:18:02.1118709Z     "endState": {
validate-platform	Validate presentation-v2 HTML QA	2026-09-14T07:18:02.1118849Z       "activeIndex": 11,
validate-platform	Validate presentation-v2 HTML QA	2026-09-14T07:18:02.1118983Z       "currentText": "11",
validate-platform	Validate presentation-v2 HTML QA	2026-09-14T07:18:02.1119120Z       "hash": "#slide-11",
validate-platform	Validate presentation-v2 HTML QA	2026-09-14T07:18:02.1119269Z       "focusIsHeading": true,
validate-platform	Validate presentation-v2 HTML QA	2026-09-14T07:18:02.1119416Z       "ariaCurrent": "page",
validate-platform	Validate presentation-v2 HTML QA	2026-09-14T07:18:02.1119559Z       "activeId": "slide-11",
validate-platform	Validate presentation-v2 HTML QA	2026-09-14T07:18:02.1119688Z       "slideCount": 11
validate-platform	Validate presentation-v2 HTML QA	2026-09-14T07:18:02.1119803Z     },
validate-platform	Validate presentation-v2 HTML QA	2026-09-14T07:18:02.1119932Z     "homeState": {
validate-platform	Validate presentation-v2 HTML QA	2026-09-14T07:18:02.1120072Z       "activeIndex": 1,
validate-platform	Validate presentation-v2 HTML QA	2026-09-14T07:18:02.1120835Z       "currentText": "1",
validate-platform	Validate presentation-v2 HTML QA	2026-09-14T07:18:02.1120985Z       "hash": "#slide-01",
validate-platform	Validate presentation-v2 HTML QA	2026-09-14T07:18:02.1121139Z       "focusIsHeading": true,
validate-platform	Validate presentation-v2 HTML QA	2026-09-14T07:18:02.1121286Z       "ariaCurrent": "page",
validate-platform	Validate presentation-v2 HTML QA	2026-09-14T07:18:02.1121427Z       "activeId": "slide-01",
validate-platform	Validate presentation-v2 HTML QA	2026-09-14T07:18:02.1121556Z       "slideCount": 11
validate-platform	Validate presentation-v2 HTML QA	2026-09-14T07:18:02.1121681Z     }
validate-platform	Validate presentation-v2 HTML QA	2026-09-14T07:18:02.1121799Z   }
validate-platform	Validate presentation-v2 HTML QA	2026-09-14T07:18:02.1121918Z }
validate-platform	Validate presentation-v2 HTML QA	2026-09-14T07:18:02.1122741Z Presentation v2 QA passed. Screenshots: D:\a\4veco-platform\4veco-platform\ci-artifacts\presentation-v2-html-qa\b1-111
validate-platform	Validate presentation-v2 HTML QA	2026-09-14T07:18:29.5354527Z {
validate-platform	Validate presentation-v2 HTML QA	2026-09-14T07:18:29.5370697Z   "htmlPath": "D:\\a\\4veco-platform\\4veco-platform\\4veco-lessen\\Boek 1 - Grondslagen, vraag en aanbod\\1.1 Hoofdstuk Economisch denken en rekenen\\1.1.2 Percentages en indexcijfers\\1.1.2 Percentages en indexcijfers – presentatie.html",
validate-platform	Validate presentation-v2 HTML QA	2026-09-14T07:18:29.5373591Z   "outDir": "D:\\a\\4veco-platform\\4veco-platform\\ci-artifacts\\presentation-v2-html-qa\\b1-112",
validate-platform	Validate presentation-v2 HTML QA	2026-09-14T07:18:29.5375075Z   "results": [
validate-platform	Validate presentation-v2 HTML QA	2026-09-14T07:18:29.5375962Z     {
validate-platform	Validate presentation-v2 HTML QA	2026-09-14T07:18:29.5376470Z       "scenario": "desktop",
validate-platform	Validate presentation-v2 HTML QA	2026-09-14T07:18:29.5377512Z       "slide": 1,
validate-platform	Validate presentation-v2 HTML QA	2026-09-14T07:18:29.5379579Z       "rootClass": "pv2-shell",
validate-platform	Validate presentation-v2 HTML QA	2026-09-14T07:18:29.5380189Z       "canvas": {
validate-platform	Validate presentation-v2 HTML QA	2026-09-14T07:18:29.5381345Z         "width": 896,
validate-platform	Validate presentation-v2 HTML QA	2026-09-14T07:18:29.5391999Z         "height": 504,
validate-platform	Validate presentation-v2 HTML QA	2026-09-14T07:18:29.5392519Z         "ratio": 1.778
validate-platform	Validate presentation-v2 HTML QA	2026-09-14T07:18:29.5392976Z       },
validate-platform	Validate presentation-v2 HTML QA	2026-09-14T07:18:29.5393403Z       "spills": [],
validate-platform	Validate presentation-v2 HTML QA	2026-09-14T07:18:29.5394134Z       "notes": {
validate-platform	Validate presentation-v2 HTML QA	2026-09-14T07:18:29.5394600Z         "display": "none",
validate-platform	Validate presentation-v2 HTML QA	2026-09-14T07:18:29.5395095Z         "rightSide": true,
validate-platform	Validate presentation-v2 HTML QA	2026-09-14T07:18:29.5395568Z         "width": 0,
validate-platform	Validate presentation-v2 HTML QA	2026-09-14T07:18:29.5396002Z         "height": 0
validate-platform	Validate presentation-v2 HTML QA	2026-09-14T07:18:29.5396434Z       },
validate-platform	Validate presentation-v2 HTML QA	2026-09-14T07:18:29.5396891Z       "horizontalOverflow": false,
validate-platform	Validate presentation-v2 HTML QA	2026-09-14T07:18:29.5398031Z       "screenshot": "D:\\a\\4veco-platform\\4veco-platform\\ci-artifacts\\presentation-v2-html-qa\\b1-112\\desktop-slide-1.png"
validate-platform	Validate presentation-v2 HTML QA	2026-09-14T07:18:29.5399075Z     },
validate-platform	Validate presentation-v2 HTML QA	2026-09-14T07:18:29.5399467Z     {
validate-platform	Validate presentation-v2 HTML QA	2026-09-14T07:18:29.5399881Z       "scenario": "desktop",
validate-platform	Validate presentation-v2 HTML QA	2026-09-14T07:18:29.5400376Z       "slide": 2,
validate-platform	Validate presentation-v2 HTML QA	2026-09-14T07:18:29.5400862Z       "rootClass": "pv2-shell",
validate-platform	Validate presentation-v2 HTML QA	2026-09-14T07:18:29.5401372Z       "canvas": {
validate-platform	Validate presentation-v2 HTML QA	2026-09-14T07:18:29.5401800Z         "width": 896,
validate-platform	Validate presentation-v2 HTML QA	2026-09-14T07:18:29.5402270Z         "height": 504,
validate-platform	Validate presentation-v2 HTML QA	2026-09-14T07:18:29.5402719Z         "ratio": 1.778
validate-platform	Validate presentation-v2 HTML QA	2026-09-14T07:18:29.5403207Z       },
validate-platform	Validate presentation-v2 HTML QA	2026-09-14T07:18:29.5403622Z       "spills": [],
validate-platform	Validate presentation-v2 HTML QA	2026-09-14T07:18:29.5404054Z       "notes": {
validate-platform	Validate presentation-v2 HTML QA	2026-09-14T07:18:29.5404497Z         "display": "none",
validate-platform	Validate presentation-v2 HTML QA	2026-09-14T07:18:29.5404978Z         "rightSide": true,
validate-platform	Validate presentation-v2 HTML QA	2026-09-14T07:18:29.5405447Z         "width": 0,
validate-platform	Validate presentation-v2 HTML QA	2026-09-14T07:18:29.5405879Z         "height": 0
validate-platform	Validate presentation-v2 HTML QA	2026-09-14T07:18:29.5406290Z       },
validate-platform	Validate presentation-v2 HTML QA	2026-09-14T07:18:29.5406747Z       "horizontalOverflow": false,
validate-platform	Validate presentation-v2 HTML QA	2026-09-14T07:18:29.5407867Z       "screenshot": "D:\\a\\4veco-platform\\4veco-platform\\ci-artifacts\\presentation-v2-html-qa\\b1-112\\desktop-slide-2.png"
validate-platform	Validate presentation-v2 HTML QA	2026-09-14T07:18:29.5408903Z     },
validate-platform	Validate presentation-v2 HTML QA	2026-09-14T07:18:29.5409294Z     {
validate-platform	Validate presentation-v2 HTML QA	2026-09-14T07:18:29.5410004Z       "scenario": "desktop",
validate-platform	Validate presentation-v2 HTML QA	2026-09-14T07:18:29.5410888Z       "slide": 3,
validate-platform	Validate presentation-v2 HTML QA	2026-09-14T07:18:29.5411399Z       "rootClass": "pv2-shell",
validate-platform	Validate presentation-v2 HTML QA	2026-09-14T07:18:29.5411901Z       "canvas": {
validate-platform	Validate presentation-v2 HTML QA	2026-09-14T07:18:29.5412345Z         "width": 896,
validate-platform	Validate presentation-v2 HTML QA	2026-09-14T07:18:29.5412796Z         "height": 504,
validate-platform	Validate presentation-v2 HTML QA	2026-09-14T07:18:29.5413249Z         "ratio": 1.778
validate-platform	Validate presentation-v2 HTML QA	2026-09-14T07:18:29.5414446Z       },
validate-platform	Validate presentation-v2 HTML QA	2026-09-14T07:18:29.5414976Z       "spills": [],
validate-platform	Validate presentation-v2 HTML QA	2026-09-14T07:18:29.5415426Z       "notes": {
validate-platform	Validate presentation-v2 HTML QA	2026-09-14T07:18:29.5415882Z         "display": "none",
validate-platform	Validate presentation-v2 HTML QA	2026-09-14T07:18:29.5416370Z         "rightSide": true,
validate-platform	Validate presentation-v2 HTML QA	2026-09-14T07:18:29.5416842Z         "width": 0,
validate-platform	Validate presentation-v2 HTML QA	2026-09-14T07:18:29.5417266Z         "height": 0
validate-platform	Validate presentation-v2 HTML QA	2026-09-14T07:18:29.5417685Z       },
validate-platform	Validate presentation-v2 HTML QA	2026-09-14T07:18:29.5418137Z       "horizontalOverflow": false,
validate-platform	Validate presentation-v2 HTML QA	2026-09-14T07:18:29.5419556Z       "screenshot": "D:\\a\\4veco-platform\\4veco-platform\\ci-artifacts\\presentation-v2-html-qa\\b1-112\\desktop-slide-3.png"
validate-platform	Validate presentation-v2 HTML QA	2026-09-14T07:18:29.5420577Z     },
validate-platform	Validate presentation-v2 HTML QA	2026-09-14T07:18:29.5421280Z     {
validate-platform	Validate presentation-v2 HTML QA	2026-09-14T07:18:29.5422161Z       "scenario": "desktop",
validate-platform	Validate presentation-v2 HTML QA	2026-09-14T07:18:29.5422995Z       "slide": 4,
validate-platform	Validate presentation-v2 HTML QA	2026-09-14T07:18:29.5423535Z       "rootClass": "pv2-shell",
validate-platform	Validate presentation-v2 HTML QA	2026-09-14T07:18:29.5425203Z       "canvas": {
validate-platform	Validate presentation-v2 HTML QA	2026-09-14T07:18:29.5425741Z         "width": 896,
validate-platform	Validate presentation-v2 HTML QA	2026-09-14T07:18:29.5426224Z         "height": 504,
validate-platform	Validate presentation-v2 HTML QA	2026-09-14T07:18:29.5426682Z         "ratio": 1.778
validate-platform	Validate presentation-v2 HTML QA	2026-09-14T07:18:29.5427130Z       },
validate-platform	Validate presentation-v2 HTML QA	2026-09-14T07:18:29.5427432Z       "spills": [],
validate-platform	Validate presentation-v2 HTML QA	2026-09-14T07:18:29.5427741Z       "notes": {
validate-platform	Validate presentation-v2 HTML QA	2026-09-14T07:18:29.5428131Z         "display": "none",
validate-platform	Validate presentation-v2 HTML QA	2026-09-14T07:18:29.5428478Z         "rightSide": true,
validate-platform	Validate presentation-v2 HTML QA	2026-09-14T07:18:29.5428811Z         "width": 0,
validate-platform	Validate presentation-v2 HTML QA	2026-09-14T07:18:29.5429101Z         "height": 0
validate-platform	Validate presentation-v2 HTML QA	2026-09-14T07:18:29.5429389Z       },
validate-platform	Validate presentation-v2 HTML QA	2026-09-14T07:18:29.5429707Z       "horizontalOverflow": false,
validate-platform	Validate presentation-v2 HTML QA	2026-09-14T07:18:29.5430698Z       "screenshot": "D:\\a\\4veco-platform\\4veco-platform\\ci-artifacts\\presentation-v2-html-qa\\b1-112\\desktop-slide-4.png"
validate-platform	Validate presentation-v2 HTML QA	2026-09-14T07:18:29.5431582Z     },
validate-platform	Validate presentation-v2 HTML QA	2026-09-14T07:18:29.5431844Z     {
validate-platform	Validate presentation-v2 HTML QA	2026-09-14T07:18:29.5432124Z       "scenario": "desktop",
validate-platform	Validate presentation-v2 HTML QA	2026-09-14T07:18:29.5432489Z       "slide": 5,
validate-platform	Validate presentation-v2 HTML QA	2026-09-14T07:18:29.5432832Z       "rootClass": "pv2-shell",
validate-platform	Validate presentation-v2 HTML QA	2026-09-14T07:18:29.5435219Z       "canvas": {
validate-platform	Validate presentation-v2 HTML QA	2026-09-14T07:18:29.5435537Z         "width": 896,
validate-platform	Validate presentation-v2 HTML QA	2026-09-14T07:18:29.5435858Z         "height": 504,
validate-platform	Validate presentation-v2 HTML QA	2026-09-14T07:18:29.5436187Z         "ratio": 1.778
validate-platform	Validate presentation-v2 HTML QA	2026-09-14T07:18:29.5436489Z       },
validate-platform	Validate presentation-v2 HTML QA	2026-09-14T07:18:29.5436757Z       "spills": [],
validate-platform	Validate presentation-v2 HTML QA	2026-09-14T07:18:29.5437061Z       "notes": {
validate-platform	Validate presentation-v2 HTML QA	2026-09-14T07:18:29.5437371Z         "display": "none",
validate-platform	Validate presentation-v2 HTML QA	2026-09-14T07:18:29.5437718Z         "rightSide": true,
validate-platform	Validate presentation-v2 HTML QA	2026-09-14T07:18:29.5438054Z         "width": 0,
validate-platform	Validate presentation-v2 HTML QA	2026-09-14T07:18:29.5438346Z         "height": 0
validate-platform	Validate presentation-v2 HTML QA	2026-09-14T07:18:29.5438631Z       },
validate-platform	Validate presentation-v2 HTML QA	2026-09-14T07:18:29.5439544Z       "horizontalOverflow": false,
validate-platform	Validate presentation-v2 HTML QA	2026-09-14T07:18:29.5448433Z       "screenshot": "D:\\a\\4veco-platform\\4veco-platform\\ci-artifacts\\presentation-v2-html-qa\\b1-112\\desktop-slide-5.png"
validate-platform	Validate presentation-v2 HTML QA	2026-09-14T07:18:29.5455279Z     },
validate-platform	Validate presentation-v2 HTML QA	2026-09-14T07:18:29.5455606Z     {
validate-platform	Validate presentation-v2 HTML QA	2026-09-14T07:18:29.5455938Z       "scenario": "desktop",
validate-platform	Validate presentation-v2 HTML QA	2026-09-14T07:18:29.5456634Z       "slide": 6,
validate-platform	Validate presentation-v2 HTML QA	2026-09-14T07:18:29.5457485Z       "rootClass": "pv2-shell",
validate-platform	Validate presentation-v2 HTML QA	2026-09-14T07:18:29.5458975Z       "canvas": {
validate-platform	Validate presentation-v2 HTML QA	2026-09-14T07:18:29.5473083Z         "width": 896,
validate-platform	Validate presentation-v2 HTML QA	2026-09-14T07:18:29.5473475Z         "height": 504,
validate-platform	Validate presentation-v2 HTML QA	2026-09-14T07:18:29.5473827Z         "ratio": 1.778
validate-platform	Validate presentation-v2 HTML QA	2026-09-14T07:18:29.5474149Z       },
validate-platform	Validate presentation-v2 HTML QA	2026-09-14T07:18:29.5474427Z       "spills": [],
validate-platform	Validate presentation-v2 HTML QA	2026-09-14T07:18:29.5475028Z       "notes": {
validate-platform	Validate presentation-v2 HTML QA	2026-09-14T07:18:29.5475346Z         "display": "none",
validate-platform	Validate presentation-v2 HTML QA	2026-09-14T07:18:29.5475711Z         "rightSide": true,
validate-platform	Validate presentation-v2 HTML QA	2026-09-14T07:18:29.5476066Z         "width": 0,
validate-platform	Validate presentation-v2 HTML QA	2026-09-14T07:18:29.5476418Z         "height": 0
validate-platform	Validate presentation-v2 HTML QA	2026-09-14T07:18:29.5476768Z       },
validate-platform	Validate presentation-v2 HTML QA	2026-09-14T07:18:29.5477153Z       "horizontalOverflow": false,
validate-platform	Validate presentation-v2 HTML QA	2026-09-14T07:18:29.5478234Z       "screenshot": "D:\\a\\4veco-platform\\4veco-platform\\ci-artifacts\\presentation-v2-html-qa\\b1-112\\desktop-slide-6.png"
validate-platform	Validate presentation-v2 HTML QA	2026-09-14T07:18:29.5479202Z     },
validate-platform	Validate presentation-v2 HTML QA	2026-09-14T07:18:29.5479486Z     {
validate-platform	Validate presentation-v2 HTML QA	2026-09-14T07:18:29.5479776Z       "scenario": "desktop",
validate-platform	Validate presentation-v2 HTML QA	2026-09-14T07:18:29.5480168Z       "slide": 7,
validate-platform	Validate presentation-v2 HTML QA	2026-09-14T07:18:29.5480544Z       "rootClass": "pv2-shell",
validate-platform	Validate presentation-v2 HTML QA	2026-09-14T07:18:29.5480924Z       "canvas": {
validate-platform	Validate presentation-v2 HTML QA	2026-09-14T07:18:29.5481221Z         "width": 896,
validate-platform	Validate presentation-v2 HTML QA	2026-09-14T07:18:29.5481553Z         "height": 504,
validate-platform	Validate presentation-v2 HTML QA	2026-09-14T07:18:29.5481894Z         "ratio": 1.778
validate-platform	Validate presentation-v2 HTML QA	2026-09-14T07:18:29.5482209Z       },
validate-platform	Validate presentation-v2 HTML QA	2026-09-14T07:18:29.5482492Z       "spills": [],
validate-platform	Validate presentation-v2 HTML QA	2026-09-14T07:18:29.5482799Z       "notes": {
validate-platform	Validate presentation-v2 HTML QA	2026-09-14T07:18:29.5483124Z         "display": "none",
validate-platform	Validate presentation-v2 HTML QA	2026-09-14T07:18:29.5483488Z         "rightSide": true,
validate-platform	Validate presentation-v2 HTML QA	2026-09-14T07:18:29.5483844Z         "width": 0,
validate-platform	Validate presentation-v2 HTML QA	2026-09-14T07:18:29.5484128Z         "height": 0
validate-platform	Validate presentation-v2 HTML QA	2026-09-14T07:18:29.5484736Z       },
validate-platform	Validate presentation-v2 HTML QA	2026-09-14T07:18:29.5485119Z       "horizontalOverflow": false,
validate-platform	Validate presentation-v2 HTML QA	2026-09-14T07:18:29.5486132Z       "screenshot": "D:\\a\\4veco-platform\\4veco-platform\\ci-artifacts\\presentation-v2-html-qa\\b1-112\\desktop-slide-7.png"
validate-platform	Validate presentation-v2 HTML QA	2026-09-14T07:18:29.5487127Z     },
validate-platform	Validate presentation-v2 HTML QA	2026-09-14T07:18:29.5487413Z     {
validate-platform	Validate presentation-v2 HTML QA	2026-09-14T07:18:29.5487754Z       "scenario": "wide-notes",
validate-platform	Validate presentation-v2 HTML QA	2026-09-14T07:18:29.5488165Z       "slide": 1,
validate-platform	Validate presentation-v2 HTML QA	2026-09-14T07:18:29.5488624Z       "rootClass": "pv2-shell pv2-speaker-notes-open",
validate-platform	Validate presentation-v2 HTML QA	2026-09-14T07:18:29.5489099Z       "canvas": {
validate-platform	Validate presentation-v2 HTML QA	2026-09-14T07:18:29.5489437Z         "width": 862,
validate-platform	Validate presentation-v2 HTML QA	2026-09-14T07:18:29.5489772Z         "height": 485,
validate-platform	Validate presentation-v2 HTML QA	2026-09-14T07:18:29.5490134Z         "ratio": 1.778
validate-platform	Validate presentation-v2 HTML QA	2026-09-14T07:18:29.5490471Z       },
validate-platform	Validate presentation-v2 HTML QA	2026-09-14T07:18:29.5490762Z       "spills": [],
validate-platform	Validate presentation-v2 HTML QA	2026-09-14T07:18:29.5491106Z       "notes": {
validate-platform	Validate presentation-v2 HTML QA	2026-09-14T07:18:29.5491470Z         "display": "block",
validate-platform	Validate presentation-v2 HTML QA	2026-09-14T07:18:29.5491929Z         "rightSide": true,
validate-platform	Validate presentation-v2 HTML QA	2026-09-14T07:18:29.5492358Z         "width": 330,
validate-platform	Validate presentation-v2 HTML QA	2026-09-14T07:18:29.5492590Z         "height": 485
validate-platform	Validate presentation-v2 HTML QA	2026-09-14T07:18:29.5492886Z       },
validate-platform	Validate presentation-v2 HTML QA	2026-09-14T07:18:29.5493228Z       "horizontalOverflow": false,
validate-platform	Validate presentation-v2 HTML QA	2026-09-14T07:18:29.5494293Z       "screenshot": "D:\\a\\4veco-platform\\4veco-platform\\ci-artifacts\\presentation-v2-html-qa\\b1-112\\wide-notes-slide-1.png"
validate-platform	Validate presentation-v2 HTML QA	2026-09-14T07:18:29.5495374Z     },
validate-platform	Validate presentation-v2 HTML QA	2026-09-14T07:18:29.5495904Z     {
validate-platform	Validate presentation-v2 HTML QA	2026-09-14T07:18:29.5496211Z       "scenario": "wide-notes",
validate-platform	Validate presentation-v2 HTML QA	2026-09-14T07:18:29.5496525Z       "slide": 2,
validate-platform	Validate presentation-v2 HTML QA	2026-09-14T07:18:29.5496938Z       "rootClass": "pv2-shell pv2-speaker-notes-open",
validate-platform	Validate presentation-v2 HTML QA	2026-09-14T07:18:29.5497422Z       "canvas": {
validate-platform	Validate presentation-v2 HTML QA	2026-09-14T07:18:29.5497732Z         "width": 862,
validate-platform	Validate presentation-v2 HTML QA	2026-09-14T07:18:29.5498324Z         "height": 485,
validate-platform	Validate presentation-v2 HTML QA	2026-09-14T07:18:29.5499641Z         "ratio": 1.778
validate-platform	Validate presentation-v2 HTML QA	2026-09-14T07:18:29.5500071Z       },
validate-platform	Validate presentation-v2 HTML QA	2026-09-14T07:18:29.5500411Z       "spills": [],
validate-platform	Validate presentation-v2 HTML QA	2026-09-14T07:18:29.5500728Z       "notes": {
validate-platform	Validate presentation-v2 HTML QA	2026-09-14T07:18:29.5501084Z         "display": "block",
validate-platform	Validate presentation-v2 HTML QA	2026-09-14T07:18:29.5501465Z         "rightSide": true,
validate-platform	Validate presentation-v2 HTML QA	2026-09-14T07:18:29.5502148Z         "width": 330,
validate-platform	Validate presentation-v2 HTML QA	2026-09-14T07:18:29.5502757Z         "height": 485
validate-platform	Validate presentation-v2 HTML QA	2026-09-14T07:18:29.5503776Z       },
validate-platform	Validate presentation-v2 HTML QA	2026-09-14T07:18:29.5504823Z       "horizontalOverflow": false,
validate-platform	Validate presentation-v2 HTML QA	2026-09-14T07:18:29.5505869Z       "screenshot": "D:\\a\\4veco-platform\\4veco-platform\\ci-artifacts\\presentation-v2-html-qa\\b1-112\\wide-notes-slide-2.png"
validate-platform	Validate presentation-v2 HTML QA	2026-09-14T07:18:29.5507215Z     },
validate-platform	Validate presentation-v2 HTML QA	2026-09-14T07:18:29.5507528Z     {
validate-platform	Validate presentation-v2 HTML QA	2026-09-14T07:18:29.5508267Z       "scenario": "wide-notes",
validate-platform	Validate presentation-v2 HTML QA	2026-09-14T07:18:29.5508723Z       "slide": 3,
validate-platform	Validate presentation-v2 HTML QA	2026-09-14T07:18:29.5509202Z       "rootClass": "pv2-shell pv2-speaker-notes-open",
validate-platform	Validate presentation-v2 HTML QA	2026-09-14T07:18:29.5510880Z       "canvas": {
validate-platform	Validate presentation-v2 HTML QA	2026-09-14T07:18:29.5511233Z         "width": 862,
validate-platform	Validate presentation-v2 HTML QA	2026-09-14T07:18:29.5511791Z         "height": 485,
validate-platform	Validate presentation-v2 HTML QA	2026-09-14T07:18:29.5512846Z         "ratio": 1.778
validate-platform	Validate presentation-v2 HTML QA	2026-09-14T07:18:29.5513459Z       },
validate-platform	Validate presentation-v2 HTML QA	2026-09-14T07:18:29.5513988Z       "spills": [],
validate-platform	Validate presentation-v2 HTML QA	2026-09-14T07:18:29.5529536Z       "notes": {
validate-platform	Validate presentation-v2 HTML QA	2026-09-14T07:18:29.5529916Z         "display": "block",
validate-platform	Validate presentation-v2 HTML QA	2026-09-14T07:18:29.5530295Z         "rightSide": true,
validate-platform	Validate presentation-v2 HTML QA	2026-09-14T07:18:29.5530658Z         "width": 330,
validate-platform	Validate presentation-v2 HTML QA	2026-09-14T07:18:29.5530983Z         "height": 485
validate-platform	Validate presentation-v2 HTML QA	2026-09-14T07:18:29.5531550Z       },
validate-platform	Validate presentation-v2 HTML QA	2026-09-14T07:18:29.5532221Z       "horizontalOverflow": false,
validate-platform	Validate presentation-v2 HTML QA	2026-09-14T07:18:29.5534568Z       "screenshot": "D:\\a\\4veco-platform\\4veco-platform\\ci-artifacts\\presentation-v2-html-qa\\b1-112\\wide-notes-slide-3.png"
validate-platform	Validate presentation-v2 HTML QA	2026-09-14T07:18:29.5536282Z     },
validate-platform	Validate presentation-v2 HTML QA	2026-09-14T07:18:29.5536773Z     {
validate-platform	Validate presentation-v2 HTML QA	2026-09-14T07:18:29.5537141Z       "scenario": "wide-notes",
validate-platform	Validate presentation-v2 HTML QA	2026-09-14T07:18:29.5537899Z       "slide": 4,
validate-platform	Validate presentation-v2 HTML QA	2026-09-14T07:18:29.5538366Z       "rootClass": "pv2-shell pv2-speaker-notes-open",
validate-platform	Validate presentation-v2 HTML QA	2026-09-14T07:18:29.5538906Z       "canvas": {
validate-platform	Validate presentation-v2 HTML QA	2026-09-14T07:18:29.5539264Z         "width": 862,
validate-platform	Validate presentation-v2 HTML QA	2026-09-14T07:18:29.5539975Z         "height": 485,
validate-platform	Validate presentation-v2 HTML QA	2026-09-14T07:18:29.5540329Z         "ratio": 1.778
validate-platform	Validate presentation-v2 HTML QA	2026-09-14T07:18:29.5541672Z       },
validate-platform	Validate presentation-v2 HTML QA	2026-09-14T07:18:29.5542328Z       "spills": [],
validate-platform	Validate presentation-v2 HTML QA	2026-09-14T07:18:29.5542676Z       "notes": {
validate-platform	Validate presentation-v2 HTML QA	2026-09-14T07:18:29.5543023Z         "display": "block",
validate-platform	Validate presentation-v2 HTML QA	2026-09-14T07:18:29.5543868Z         "rightSide": true,
validate-platform	Validate presentation-v2 HTML QA	2026-09-14T07:18:29.5544281Z         "width": 330,
validate-platform	Validate presentation-v2 HTML QA	2026-09-14T07:18:29.5545069Z         "height": 485
validate-platform	Validate presentation-v2 HTML QA	2026-09-14T07:18:29.5557658Z       },
validate-platform	Validate presentation-v2 HTML QA	2026-09-14T07:18:29.5558650Z       "horizontalOverflow": false,
validate-platform	Validate presentation-v2 HTML QA	2026-09-14T07:18:29.5560128Z       "screenshot": "D:\\a\\4veco-platform\\4veco-platform\\ci-artifacts\\presentation-v2-html-qa\\b1-112\\wide-notes-slide-4.png"
validate-platform	Validate presentation-v2 HTML QA	2026-09-14T07:18:29.5561395Z     },
validate-platform	Validate presentation-v2 HTML QA	2026-09-14T07:18:29.5561676Z     {
validate-platform	Validate presentation-v2 HTML QA	2026-09-14T07:18:29.5562000Z       "scenario": "wide-notes",
validate-platform	Validate presentation-v2 HTML QA	2026-09-14T07:18:29.5562640Z       "slide": 5,
validate-platform	Validate presentation-v2 HTML QA	2026-09-14T07:18:29.5563661Z       "rootClass": "pv2-shell pv2-speaker-notes-open",
validate-platform	Validate presentation-v2 HTML QA	2026-09-14T07:18:29.5564193Z       "canvas": {
validate-platform	Validate presentation-v2 HTML QA	2026-09-14T07:18:29.5564537Z         "width": 862,
validate-platform	Validate presentation-v2 HTML QA	2026-09-14T07:18:29.5564904Z         "height": 485,
validate-platform	Validate presentation-v2 HTML QA	2026-09-14T07:18:29.5565783Z         "ratio": 1.778
validate-platform	Validate presentation-v2 HTML QA	2026-09-14T07:18:29.5566148Z       },
validate-platform	Validate presentation-v2 HTML QA	2026-09-14T07:18:29.5566445Z       "spills": [],
validate-platform	Validate presentation-v2 HTML QA	2026-09-14T07:18:29.5566767Z       "notes": {
validate-platform	Validate presentation-v2 HTML QA	2026-09-14T07:18:29.5567075Z         "display": "block",
validate-platform	Validate presentation-v2 HTML QA	2026-09-14T07:18:29.5567453Z         "rightSide": true,
validate-platform	Validate presentation-v2 HTML QA	2026-09-14T07:18:29.5567814Z         "width": 330,
validate-platform	Validate presentation-v2 HTML QA	2026-09-14T07:18:29.5568143Z         "height": 485
validate-platform	Validate presentation-v2 HTML QA	2026-09-14T07:18:29.5569016Z       },
validate-platform	Validate presentation-v2 HTML QA	2026-09-14T07:18:29.5569376Z       "horizontalOverflow": false,
validate-platform	Validate presentation-v2 HTML QA	2026-09-14T07:18:29.5570402Z       "screenshot": "D:\\a\\4veco-platform\\4veco-platform\\ci-artifacts\\presentation-v2-html-qa\\b1-112\\wide-notes-slide-5.png"
validate-platform	Validate presentation-v2 HTML QA	2026-09-14T07:18:29.5571567Z     },
validate-platform	Validate presentation-v2 HTML QA	2026-09-14T07:18:29.5571836Z     {
validate-platform	Validate presentation-v2 HTML QA	2026-09-14T07:18:29.5572147Z       "scenario": "wide-notes",
validate-platform	Validate presentation-v2 HTML QA	2026-09-14T07:18:29.5572521Z       "slide": 6,
validate-platform	Validate presentation-v2 HTML QA	2026-09-14T07:18:29.5573227Z       "rootClass": "pv2-shell pv2-speaker-notes-open",
validate-platform	Validate presentation-v2 HTML QA	2026-09-14T07:18:29.5574021Z       "canvas": {
validate-platform	Validate presentation-v2 HTML QA	2026-09-14T07:18:29.5574641Z         "width": 862,
validate-platform	Validate presentation-v2 HTML QA	2026-09-14T07:18:29.5575049Z         "height": 485,
validate-platform	Validate presentation-v2 HTML QA	2026-09-14T07:18:29.5575401Z         "ratio": 1.778
validate-platform	Validate presentation-v2 HTML QA	2026-09-14T07:18:29.5575711Z       },
validate-platform	Validate presentation-v2 HTML QA	2026-09-14T07:18:29.5576320Z       "spills": [],
validate-platform	Validate presentation-v2 HTML QA	2026-09-14T07:18:29.5577006Z       "notes": {
validate-platform	Validate presentation-v2 HTML QA	2026-09-14T07:18:29.5577339Z         "display": "block",
validate-platform	Validate presentation-v2 HTML QA	2026-09-14T07:18:29.5577703Z         "rightSide": true,
validate-platform	Validate presentation-v2 HTML QA	2026-09-14T07:18:29.5578321Z         "width": 330,
validate-platform	Validate presentation-v2 HTML QA	2026-09-14T07:18:29.5578653Z         "height": 485
validate-platform	Validate presentation-v2 HTML QA	2026-09-14T07:18:29.5578933Z       },
validate-platform	Validate presentation-v2 HTML QA	2026-09-14T07:18:29.5579588Z       "horizontalOverflow": false,
validate-platform	Validate presentation-v2 HTML QA	2026-09-14T07:18:29.5580871Z       "screenshot": "D:\\a\\4veco-platform\\4veco-platform\\ci-artifacts\\presentation-v2-html-qa\\b1-112\\wide-notes-slide-6.png"
validate-platform	Validate presentation-v2 HTML QA	2026-09-14T07:18:29.5582041Z     },
validate-platform	Validate presentation-v2 HTML QA	2026-09-14T07:18:29.5582638Z     {
validate-platform	Validate presentation-v2 HTML QA	2026-09-14T07:18:29.5582962Z       "scenario": "wide-notes",
validate-platform	Validate presentation-v2 HTML QA	2026-09-14T07:18:29.5583328Z       "slide": 7,
validate-platform	Validate presentation-v2 HTML QA	2026-09-14T07:18:29.5583768Z       "rootClass": "pv2-shell pv2-speaker-notes-open",
validate-platform	Validate presentation-v2 HTML QA	2026-09-14T07:18:29.5584857Z       "canvas": {
validate-platform	Validate presentation-v2 HTML QA	2026-09-14T07:18:29.5585182Z         "width": 862,
validate-platform	Validate presentation-v2 HTML QA	2026-09-14T07:18:29.5585496Z         "height": 485,
validate-platform	Validate presentation-v2 HTML QA	2026-09-14T07:18:29.5585812Z         "ratio": 1.778
validate-platform	Validate presentation-v2 HTML QA	2026-09-14T07:18:29.5586367Z       },
validate-platform	Validate presentation-v2 HTML QA	2026-09-14T07:18:29.5586669Z       "spills": [],
validate-platform	Validate presentation-v2 HTML QA	2026-09-14T07:18:29.5586976Z       "notes": {
validate-platform	Validate presentation-v2 HTML QA	2026-09-14T07:18:29.5587278Z         "display": "block",
validate-platform	Validate presentation-v2 HTML QA	2026-09-14T07:18:29.5587630Z         "rightSide": true,
validate-platform	Validate presentation-v2 HTML QA	2026-09-14T07:18:29.5587972Z         "width": 330,
validate-platform	Validate presentation-v2 HTML QA	2026-09-14T07:18:29.5588640Z         "height": 485
validate-platform	Validate presentation-v2 HTML QA	2026-09-14T07:18:29.5588945Z       },
validate-platform	Validate presentation-v2 HTML QA	2026-09-14T07:18:29.5589273Z       "horizontalOverflow": false,
validate-platform	Validate presentation-v2 HTML QA	2026-09-14T07:18:29.5596125Z       "screenshot": "D:\\a\\4veco-platform\\4veco-platform\\ci-artifacts\\presentation-v2-html-qa\\b1-112\\wide-notes-slide-7.png"
validate-platform	Validate presentation-v2 HTML QA	2026-09-14T07:18:29.5597077Z     },
validate-platform	Validate presentation-v2 HTML QA	2026-09-14T07:18:29.5597356Z     {
validate-platform	Validate presentation-v2 HTML QA	2026-09-14T07:18:29.5597677Z       "scenario": "fullscreen",
validate-platform	Validate presentation-v2 HTML QA	2026-09-14T07:18:29.5598043Z       "slide": 1,
validate-platform	Validate presentation-v2 HTML QA	2026-09-14T07:18:29.5601971Z       "rootClass": "pv2-shell is-fullscreen",
validate-platform	Validate presentation-v2 HTML QA	2026-09-14T07:18:29.5602897Z       "canvas": {
validate-platform	Validate presentation-v2 HTML QA	2026-09-14T07:18:29.5603227Z         "width": 1152,
validate-platform	Validate presentation-v2 HTML QA	2026-09-14T07:18:29.5603558Z         "height": 648,
validate-platform	Validate presentation-v2 HTML QA	2026-09-14T07:18:29.5603885Z         "ratio": 1.778
validate-platform	Validate presentation-v2 HTML QA	2026-09-14T07:18:29.5604182Z       },
validate-platform	Validate presentation-v2 HTML QA	2026-09-14T07:18:29.5604468Z       "spills": [],
validate-platform	Validate presentation-v2 HTML QA	2026-09-14T07:18:29.5604767Z       "notes": {
validate-platform	Validate presentation-v2 HTML QA	2026-09-14T07:18:29.5605077Z         "display": "none",
validate-platform	Validate presentation-v2 HTML QA	2026-09-14T07:18:29.5605434Z         "rightSide": true,
validate-platform	Validate presentation-v2 HTML QA	2026-09-14T07:18:29.5605775Z         "width": 0,
validate-platform	Validate presentation-v2 HTML QA	2026-09-14T07:18:29.5606056Z         "height": 0
validate-platform	Validate presentation-v2 HTML QA	2026-09-14T07:18:29.5606334Z       },
validate-platform	Validate presentation-v2 HTML QA	2026-09-14T07:18:29.5606665Z       "horizontalOverflow": false,
validate-platform	Validate presentation-v2 HTML QA	2026-09-14T07:18:29.5607659Z       "screenshot": "D:\\a\\4veco-platform\\4veco-platform\\ci-artifacts\\presentation-v2-html-qa\\b1-112\\fullscreen-slide-1.png"
validate-platform	Validate presentation-v2 HTML QA	2026-09-14T07:18:29.5608576Z     },
validate-platform	Validate presentation-v2 HTML QA	2026-09-14T07:18:29.5608821Z     {
validate-platform	Validate presentation-v2 HTML QA	2026-09-14T07:18:29.5609128Z       "scenario": "fullscreen",
validate-platform	Validate presentation-v2 HTML QA	2026-09-14T07:18:29.5609482Z       "slide": 2,
validate-platform	Validate presentation-v2 HTML QA	2026-09-14T07:18:29.5609867Z       "rootClass": "pv2-shell is-fullscreen",
validate-platform	Validate presentation-v2 HTML QA	2026-09-14T07:18:29.5610285Z       "canvas": {
validate-platform	Validate presentation-v2 HTML QA	2026-09-14T07:18:29.5610585Z         "width": 1152,
validate-platform	Validate presentation-v2 HTML QA	2026-09-14T07:18:29.5610901Z         "height": 648,
validate-platform	Validate presentation-v2 HTML QA	2026-09-14T07:18:29.5611211Z         "ratio": 1.778
validate-platform	Validate presentation-v2 HTML QA	2026-09-14T07:18:29.5611500Z       },
validate-platform	Validate presentation-v2 HTML QA	2026-09-14T07:18:29.5611757Z       "spills": [],
validate-platform	Validate presentation-v2 HTML QA	2026-09-14T07:18:29.5612212Z       "notes": {
validate-platform	Validate presentation-v2 HTML QA	2026-09-14T07:18:29.5612513Z         "display": "none",
validate-platform	Validate presentation-v2 HTML QA	2026-09-14T07:18:29.5612856Z         "rightSide": true,
validate-platform	Validate presentation-v2 HTML QA	2026-09-14T07:18:29.5613550Z         "width": 0,
validate-platform	Validate presentation-v2 HTML QA	2026-09-14T07:18:29.5613845Z         "height": 0
validate-platform	Validate presentation-v2 HTML QA	2026-09-14T07:18:29.5614125Z       },
validate-platform	Validate presentation-v2 HTML QA	2026-09-14T07:18:29.5614451Z       "horizontalOverflow": false,
validate-platform	Validate presentation-v2 HTML QA	2026-09-14T07:18:29.5615439Z       "screenshot": "D:\\a\\4veco-platform\\4veco-platform\\ci-artifacts\\presentation-v2-html-qa\\b1-112\\fullscreen-slide-2.png"
validate-platform	Validate presentation-v2 HTML QA	2026-09-14T07:18:29.5616338Z     },
validate-platform	Validate presentation-v2 HTML QA	2026-09-14T07:18:29.5616587Z     {
validate-platform	Validate presentation-v2 HTML QA	2026-09-14T07:18:29.5616884Z       "scenario": "fullscreen",
validate-platform	Validate presentation-v2 HTML QA	2026-09-14T07:18:29.5617256Z       "slide": 3,
validate-platform	Validate presentation-v2 HTML QA	2026-09-14T07:18:29.5617623Z       "rootClass": "pv2-shell is-fullscreen",
validate-platform	Validate presentation-v2 HTML QA	2026-09-14T07:18:29.5618059Z       "canvas": {
validate-platform	Validate presentation-v2 HTML QA	2026-09-14T07:18:29.5618338Z         "width": 1152,
validate-platform	Validate presentation-v2 HTML QA	2026-09-14T07:18:29.5618646Z         "height": 648,
validate-platform	Validate presentation-v2 HTML QA	2026-09-14T07:18:29.5618950Z         "ratio": 1.778
validate-platform	Validate presentation-v2 HTML QA	2026-09-14T07:18:29.5619244Z       },
validate-platform	Validate presentation-v2 HTML QA	2026-09-14T07:18:29.5619505Z       "spills": [],
validate-platform	Validate presentation-v2 HTML QA	2026-09-14T07:18:29.5619793Z       "notes": {
validate-platform	Validate presentation-v2 HTML QA	2026-09-14T07:18:29.5620085Z         "display": "none",
validate-platform	Validate presentation-v2 HTML QA	2026-09-14T07:18:29.5620420Z         "rightSide": true,
validate-platform	Validate presentation-v2 HTML QA	2026-09-14T07:18:29.5620750Z         "width": 0,
validate-platform	Validate presentation-v2 HTML QA	2026-09-14T07:18:29.5621034Z         "height": 0
validate-platform	Validate presentation-v2 HTML QA	2026-09-14T07:18:29.5621304Z       },
validate-platform	Validate presentation-v2 HTML QA	2026-09-14T07:18:29.5621619Z       "horizontalOverflow": false,
validate-platform	Validate presentation-v2 HTML QA	2026-09-14T07:18:29.5622604Z       "screenshot": "D:\\a\\4veco-platform\\4veco-platform\\ci-artifacts\\presentation-v2-html-qa\\b1-112\\fullscreen-slide-3.png"
validate-platform	Validate presentation-v2 HTML QA	2026-09-14T07:18:29.5623510Z     },
validate-platform	Validate presentation-v2 HTML QA	2026-09-14T07:18:29.5623760Z     {
validate-platform	Validate presentation-v2 HTML QA	2026-09-14T07:18:29.5624086Z       "scenario": "fullscreen",
validate-platform	Validate presentation-v2 HTML QA	2026-09-14T07:18:29.5624477Z       "slide": 4,
validate-platform	Validate presentation-v2 HTML QA	2026-09-14T07:18:29.5624873Z       "rootClass": "pv2-shell is-fullscreen",
validate-platform	Validate presentation-v2 HTML QA	2026-09-14T07:18:29.5625314Z       "canvas": {
validate-platform	Validate presentation-v2 HTML QA	2026-09-14T07:18:29.5625622Z         "width": 1152,
validate-platform	Validate presentation-v2 HTML QA	2026-09-14T07:18:29.5625940Z         "height": 648,
validate-platform	Validate presentation-v2 HTML QA	2026-09-14T07:18:29.5626262Z         "ratio": 1.778
validate-platform	Validate presentation-v2 HTML QA	2026-09-14T07:18:29.5626573Z       },
validate-platform	Validate presentation-v2 HTML QA	2026-09-14T07:18:29.5626848Z       "spills": [],
validate-platform	Validate presentation-v2 HTML QA	2026-09-14T07:18:29.5627156Z       "notes": {
validate-platform	Validate presentation-v2 HTML QA	2026-09-14T07:18:29.5627463Z         "display": "none",
validate-platform	Validate presentation-v2 HTML QA	2026-09-14T07:18:29.5627820Z         "rightSide": true,
validate-platform	Validate presentation-v2 HTML QA	2026-09-14T07:18:29.5628160Z         "width": 0,
validate-platform	Validate presentation-v2 HTML QA	2026-09-14T07:18:29.5628461Z         "height": 0
validate-platform	Validate presentation-v2 HTML QA	2026-09-14T07:18:29.5628749Z       },
validate-platform	Validate presentation-v2 HTML QA	2026-09-14T07:18:29.5629078Z       "horizontalOverflow": false,
validate-platform	Validate presentation-v2 HTML QA	2026-09-14T07:18:29.5630074Z       "screenshot": "D:\\a\\4veco-platform\\4veco-platform\\ci-artifacts\\presentation-v2-html-qa\\b1-112\\fullscreen-slide-4.png"
validate-platform	Validate presentation-v2 HTML QA	2026-09-14T07:18:29.5631480Z     },
validate-platform	Validate presentation-v2 HTML QA	2026-09-14T07:18:29.5631751Z     {
validate-platform	Validate presentation-v2 HTML QA	2026-09-14T07:18:29.5632258Z       "scenario": "fullscreen",
validate-platform	Validate presentation-v2 HTML QA	2026-09-14T07:18:29.5632641Z       "slide": 5,
validate-platform	Validate presentation-v2 HTML QA	2026-09-14T07:18:29.5633020Z       "rootClass": "pv2-shell is-fullscreen",
validate-platform	Validate presentation-v2 HTML QA	2026-09-14T07:18:29.5633465Z       "canvas": {
validate-platform	Validate presentation-v2 HTML QA	2026-09-14T07:18:29.5633766Z         "width": 1152,
validate-platform	Validate presentation-v2 HTML QA	2026-09-14T07:18:29.5634077Z         "height": 648,
validate-platform	Validate presentation-v2 HTML QA	2026-09-14T07:18:29.5634405Z         "ratio": 1.778
validate-platform	Validate presentation-v2 HTML QA	2026-09-14T07:18:29.5634702Z       },
validate-platform	Validate presentation-v2 HTML QA	2026-09-14T07:18:29.5634975Z       "spills": [],
validate-platform	Validate presentation-v2 HTML QA	2026-09-14T07:18:29.5635275Z       "notes": {
validate-platform	Validate presentation-v2 HTML QA	2026-09-14T07:18:29.5635588Z         "display": "none",
validate-platform	Validate presentation-v2 HTML QA	2026-09-14T07:18:29.5636205Z         "rightSide": true,
validate-platform	Validate presentation-v2 HTML QA	2026-09-14T07:18:29.5636599Z         "width": 0,
validate-platform	Validate presentation-v2 HTML QA	2026-09-14T07:18:29.5637129Z         "height": 0
validate-platform	Validate presentation-v2 HTML QA	2026-09-14T07:18:29.5637444Z       },
validate-platform	Validate presentation-v2 HTML QA	2026-09-14T07:18:29.5637809Z       "horizontalOverflow": false,
validate-platform	Validate presentation-v2 HTML QA	2026-09-14T07:18:29.5638899Z       "screenshot": "D:\\a\\4veco-platform\\4veco-platform\\ci-artifacts\\presentation-v2-html-qa\\b1-112\\fullscreen-slide-5.png"
validate-platform	Validate presentation-v2 HTML QA	2026-09-14T07:18:29.5639921Z     },
validate-platform	Validate presentation-v2 HTML QA	2026-09-14T07:18:29.5640228Z     {
validate-platform	Validate presentation-v2 HTML QA	2026-09-14T07:18:29.5640573Z       "scenario": "fullscreen",
validate-platform	Validate presentation-v2 HTML QA	2026-09-14T07:18:29.5640994Z       "slide": 6,
validate-platform	Validate presentation-v2 HTML QA	2026-09-14T07:18:29.5641407Z       "rootClass": "pv2-shell is-fullscreen",
validate-platform	Validate presentation-v2 HTML QA	2026-09-14T07:18:29.5641847Z       "canvas": {
validate-platform	Validate presentation-v2 HTML QA	2026-09-14T07:18:29.5642165Z         "width": 1152,
validate-platform	Validate presentation-v2 HTML QA	2026-09-14T07:18:29.5642770Z         "height": 648,
validate-platform	Validate presentation-v2 HTML QA	2026-09-14T07:18:29.5643537Z         "ratio": 1.778
validate-platform	Validate presentation-v2 HTML QA	2026-09-14T07:18:29.5645872Z       },
validate-platform	Validate presentation-v2 HTML QA	2026-09-14T07:18:29.5646163Z       "spills": [],
validate-platform	Validate presentation-v2 HTML QA	2026-09-14T07:18:29.5646475Z       "notes": {
validate-platform	Validate presentation-v2 HTML QA	2026-09-14T07:18:29.5647122Z         "display": "none",
validate-platform	Validate presentation-v2 HTML QA	2026-09-14T07:18:29.5647487Z         "rightSide": true,
validate-platform	Validate presentation-v2 HTML QA	2026-09-14T07:18:29.5647829Z         "width": 0,
validate-platform	Validate presentation-v2 HTML QA	2026-09-14T07:18:29.5648138Z         "height": 0
validate-platform	Validate presentation-v2 HTML QA	2026-09-14T07:18:29.5648426Z       },
validate-platform	Validate presentation-v2 HTML QA	2026-09-14T07:18:29.5648752Z       "horizontalOverflow": false,
validate-platform	Validate presentation-v2 HTML QA	2026-09-14T07:18:29.5651767Z       "screenshot": "D:\\a\\4veco-platform\\4veco-platform\\ci-artifacts\\presentation-v2-html-qa\\b1-112\\fullscreen-slide-6.png"
validate-platform	Validate presentation-v2 HTML QA	2026-09-14T07:18:29.5652939Z     },
validate-platform	Validate presentation-v2 HTML QA	2026-09-14T07:18:29.5653546Z     {
validate-platform	Validate presentation-v2 HTML QA	2026-09-14T07:18:29.5653864Z       "scenario": "fullscreen",
validate-platform	Validate presentation-v2 HTML QA	2026-09-14T07:18:29.5654235Z       "slide": 7,
validate-platform	Validate presentation-v2 HTML QA	2026-09-14T07:18:29.5654617Z       "rootClass": "pv2-shell is-fullscreen",
validate-platform	Validate presentation-v2 HTML QA	2026-09-14T07:18:29.5655059Z       "canvas": {
validate-platform	Validate presentation-v2 HTML QA	2026-09-14T07:18:29.5655362Z         "width": 1152,
validate-platform	Validate presentation-v2 HTML QA	2026-09-14T07:18:29.5655686Z         "height": 648,
validate-platform	Validate presentation-v2 HTML QA	2026-09-14T07:18:29.5656267Z         "ratio": 1.778
validate-platform	Validate presentation-v2 HTML QA	2026-09-14T07:18:29.5656575Z       },
validate-platform	Validate presentation-v2 HTML QA	2026-09-14T07:18:29.5656846Z       "spills": [],
validate-platform	Validate presentation-v2 HTML QA	2026-09-14T07:18:29.5657152Z       "notes": {
validate-platform	Validate presentation-v2 HTML QA	2026-09-14T07:18:29.5657460Z         "display": "none",
validate-platform	Validate presentation-v2 HTML QA	2026-09-14T07:18:29.5657812Z         "rightSide": true,
validate-platform	Validate presentation-v2 HTML QA	2026-09-14T07:18:29.5658151Z         "width": 0,
validate-platform	Validate presentation-v2 HTML QA	2026-09-14T07:18:29.5658447Z         "height": 0
validate-platform	Validate presentation-v2 HTML QA	2026-09-14T07:18:29.5658737Z       },
validate-platform	Validate presentation-v2 HTML QA	2026-09-14T07:18:29.5659059Z       "horizontalOverflow": false,
validate-platform	Validate presentation-v2 HTML QA	2026-09-14T07:18:29.5660065Z       "screenshot": "D:\\a\\4veco-platform\\4veco-platform\\ci-artifacts\\presentation-v2-html-qa\\b1-112\\fullscreen-slide-7.png"
validate-platform	Validate presentation-v2 HTML QA	2026-09-14T07:18:29.5661250Z     },
validate-platform	Validate presentation-v2 HTML QA	2026-09-14T07:18:29.5661525Z     {
validate-platform	Validate presentation-v2 HTML QA	2026-09-14T07:18:29.5661804Z       "scenario": "dark",
validate-platform	Validate presentation-v2 HTML QA	2026-09-14T07:18:29.5662136Z       "slide": 1,
validate-platform	Validate presentation-v2 HTML QA	2026-09-14T07:18:29.5662470Z       "rootClass": "pv2-shell",
validate-platform	Validate presentation-v2 HTML QA	2026-09-14T07:18:29.5662834Z       "canvas": {
validate-platform	Validate presentation-v2 HTML QA	2026-09-14T07:18:29.5663126Z         "width": 896,
validate-platform	Validate presentation-v2 HTML QA	2026-09-14T07:18:29.5663442Z         "height": 504,
validate-platform	Validate presentation-v2 HTML QA	2026-09-14T07:18:29.5663766Z         "ratio": 1.778
validate-platform	Validate presentation-v2 HTML QA	2026-09-14T07:18:29.5664056Z       },
validate-platform	Validate presentation-v2 HTML QA	2026-09-14T07:18:29.5664325Z       "spills": [],
validate-platform	Validate presentation-v2 HTML QA	2026-09-14T07:18:29.5664619Z       "notes": {
validate-platform	Validate presentation-v2 HTML QA	2026-09-14T07:18:29.5664923Z         "display": "none",
validate-platform	Validate presentation-v2 HTML QA	2026-09-14T07:18:29.5665269Z         "rightSide": true,
validate-platform	Validate presentation-v2 HTML QA	2026-09-14T07:18:29.5665613Z         "width": 0,
validate-platform	Validate presentation-v2 HTML QA	2026-09-14T07:18:29.5665908Z         "height": 0
validate-platform	Validate presentation-v2 HTML QA	2026-09-14T07:18:29.5666188Z       },
validate-platform	Validate presentation-v2 HTML QA	2026-09-14T07:18:29.5666503Z       "horizontalOverflow": false,
validate-platform	Validate presentation-v2 HTML QA	2026-09-14T07:18:29.5667663Z       "screenshot": "D:\\a\\4veco-platform\\4veco-platform\\ci-artifacts\\presentation-v2-html-qa\\b1-112\\dark-slide-1.png"
validate-platform	Validate presentation-v2 HTML QA	2026-09-14T07:18:29.5668533Z     },
validate-platform	Validate presentation-v2 HTML QA	2026-09-14T07:18:29.5668782Z     {
validate-platform	Validate presentation-v2 HTML QA	2026-09-14T07:18:29.5669050Z       "scenario": "dark",
validate-platform	Validate presentation-v2 HTML QA	2026-09-14T07:18:29.5669375Z       "slide": 2,
validate-platform	Validate presentation-v2 HTML QA	2026-09-14T07:18:29.5669708Z       "rootClass": "pv2-shell",
validate-platform	Validate presentation-v2 HTML QA	2026-09-14T07:18:29.5670073Z       "canvas": {
validate-platform	Validate presentation-v2 HTML QA	2026-09-14T07:18:29.5670364Z         "width": 896,
validate-platform	Validate presentation-v2 HTML QA	2026-09-14T07:18:29.5670675Z         "height": 504,
validate-platform	Validate presentation-v2 HTML QA	2026-09-14T07:18:29.5670989Z         "ratio": 1.778
validate-platform	Validate presentation-v2 HTML QA	2026-09-14T07:18:29.5671281Z       },
validate-platform	Validate presentation-v2 HTML QA	2026-09-14T07:18:29.5671546Z       "spills": [],
validate-platform	Validate presentation-v2 HTML QA	2026-09-14T07:18:29.5671840Z       "notes": {
validate-platform	Validate presentation-v2 HTML QA	2026-09-14T07:18:29.5672141Z         "display": "none",
validate-platform	Validate presentation-v2 HTML QA	2026-09-14T07:18:29.5672501Z         "rightSide": true,
validate-platform	Validate presentation-v2 HTML QA	2026-09-14T07:18:29.5672843Z         "width": 0,
validate-platform	Validate presentation-v2 HTML QA	2026-09-14T07:18:29.5673147Z         "height": 0
validate-platform	Validate presentation-v2 HTML QA	2026-09-14T07:18:29.5673438Z       },
validate-platform	Validate presentation-v2 HTML QA	2026-09-14T07:18:29.5673781Z       "horizontalOverflow": false,
validate-platform	Validate presentation-v2 HTML QA	2026-09-14T07:18:29.5674763Z       "screenshot": "D:\\a\\4veco-platform\\4veco-platform\\ci-artifacts\\presentation-v2-html-qa\\b1-112\\dark-slide-2.png"
validate-platform	Validate presentation-v2 HTML QA	2026-09-14T07:18:29.5675954Z     },
validate-platform	Validate presentation-v2 HTML QA	2026-09-14T07:18:29.5676805Z     {
validate-platform	Validate presentation-v2 HTML QA	2026-09-14T07:18:29.5677093Z       "scenario": "dark",
validate-platform	Validate presentation-v2 HTML QA	2026-09-14T07:18:29.5677746Z       "slide": 3,
validate-platform	Validate presentation-v2 HTML QA	2026-09-14T07:18:29.5678473Z       "rootClass": "pv2-shell",
validate-platform	Validate presentation-v2 HTML QA	2026-09-14T07:18:29.5678912Z       "canvas": {
validate-platform	Validate presentation-v2 HTML QA	2026-09-14T07:18:29.5679274Z         "width": 896,
validate-platform	Validate presentation-v2 HTML QA	2026-09-14T07:18:29.5679649Z         "height": 504,
validate-platform	Validate presentation-v2 HTML QA	2026-09-14T07:18:29.5680013Z         "ratio": 1.778
validate-platform	Validate presentation-v2 HTML QA	2026-09-14T07:18:29.5680354Z       },
validate-platform	Validate presentation-v2 HTML QA	2026-09-14T07:18:29.5680651Z       "spills": [],
validate-platform	Validate presentation-v2 HTML QA	2026-09-14T07:18:29.5680989Z       "notes": {
validate-platform	Validate presentation-v2 HTML QA	2026-09-14T07:18:29.5681700Z         "display": "none",
validate-platform	Validate presentation-v2 HTML QA	2026-09-14T07:18:29.5682431Z         "rightSide": true,
validate-platform	Validate presentation-v2 HTML QA	2026-09-14T07:18:29.5682839Z         "width": 0,
validate-platform	Validate presentation-v2 HTML QA	2026-09-14T07:18:29.5683182Z         "height": 0
validate-platform	Validate presentation-v2 HTML QA	2026-09-14T07:18:29.5683533Z       },
validate-platform	Validate presentation-v2 HTML QA	2026-09-14T07:18:29.5683917Z       "horizontalOverflow": false,
validate-platform	Validate presentation-v2 HTML QA	2026-09-14T07:18:29.5684968Z       "screenshot": "D:\\a\\4veco-platform\\4veco-platform\\ci-artifacts\\presentation-v2-html-qa\\b1-112\\dark-slide-3.png"
validate-platform	Validate presentation-v2 HTML QA	2026-09-14T07:18:29.5686339Z     },
validate-platform	Validate presentation-v2 HTML QA	2026-09-14T07:18:29.5686628Z     {
validate-platform	Validate presentation-v2 HTML QA	2026-09-14T07:18:29.5686916Z       "scenario": "dark",
validate-platform	Validate presentation-v2 HTML QA	2026-09-14T07:18:29.5687287Z       "slide": 4,
validate-platform	Validate presentation-v2 HTML QA	2026-09-14T07:18:29.5687644Z       "rootClass": "pv2-shell",
validate-platform	Validate presentation-v2 HTML QA	2026-09-14T07:18:29.5688012Z       "canvas": {
validate-platform	Validate presentation-v2 HTML QA	2026-09-14T07:18:29.5688310Z         "width": 896,
validate-platform	Validate presentation-v2 HTML QA	2026-09-14T07:18:29.5688637Z         "height": 504,
validate-platform	Validate presentation-v2 HTML QA	2026-09-14T07:18:29.5688975Z         "ratio": 1.778
validate-platform	Validate presentation-v2 HTML QA	2026-09-14T07:18:29.5689285Z       },
validate-platform	Validate presentation-v2 HTML QA	2026-09-14T07:18:29.5689559Z       "spills": [],
validate-platform	Validate presentation-v2 HTML QA	2026-09-14T07:18:29.5689869Z       "notes": {
validate-platform	Validate presentation-v2 HTML QA	2026-09-14T07:18:29.5690180Z         "display": "none",
validate-platform	Validate presentation-v2 HTML QA	2026-09-14T07:18:29.5690543Z         "rightSide": true,
validate-platform	Validate presentation-v2 HTML QA	2026-09-14T07:18:29.5690889Z         "width": 0,
validate-platform	Validate presentation-v2 HTML QA	2026-09-14T07:18:29.5691196Z         "height": 0
validate-platform	Validate presentation-v2 HTML QA	2026-09-14T07:18:29.5691492Z       },
validate-platform	Validate presentation-v2 HTML QA	2026-09-14T07:18:29.5691827Z       "horizontalOverflow": false,
validate-platform	Validate presentation-v2 HTML QA	2026-09-14T07:18:29.5692828Z       "screenshot": "D:\\a\\4veco-platform\\4veco-platform\\ci-artifacts\\presentation-v2-html-qa\\b1-112\\dark-slide-4.png"
validate-platform	Validate presentation-v2 HTML QA	2026-09-14T07:18:29.5693721Z     },
validate-platform	Validate presentation-v2 HTML QA	2026-09-14T07:18:29.5693992Z     {
validate-platform	Validate presentation-v2 HTML QA	2026-09-14T07:18:29.5694270Z       "scenario": "dark",
validate-platform	Validate presentation-v2 HTML QA	2026-09-14T07:18:29.5694625Z       "slide": 5,
validate-platform	Validate presentation-v2 HTML QA	2026-09-14T07:18:29.5694970Z       "rootClass": "pv2-shell",
validate-platform	Validate presentation-v2 HTML QA	2026-09-14T07:18:29.5695345Z       "canvas": {
validate-platform	Validate presentation-v2 HTML QA	2026-09-14T07:18:29.5695649Z         "width": 896,
validate-platform	Validate presentation-v2 HTML QA	2026-09-14T07:18:29.5696301Z         "height": 504,
validate-platform	Validate presentation-v2 HTML QA	2026-09-14T07:18:29.5696882Z         "ratio": 1.778
validate-platform	Validate presentation-v2 HTML QA	2026-09-14T07:18:29.5697274Z       },
validate-platform	Validate presentation-v2 HTML QA	2026-09-14T07:18:29.5697615Z       "spills": [],
validate-platform	Validate presentation-v2 HTML QA	2026-09-14T07:18:29.5697968Z       "notes": {
validate-platform	Validate presentation-v2 HTML QA	2026-09-14T07:18:29.5698335Z         "display": "none",
validate-platform	Validate presentation-v2 HTML QA	2026-09-14T07:18:29.5698734Z         "rightSide": true,
validate-platform	Validate presentation-v2 HTML QA	2026-09-14T07:18:29.5699416Z         "width": 0,
validate-platform	Validate presentation-v2 HTML QA	2026-09-14T07:18:29.5700037Z         "height": 0
validate-platform	Validate presentation-v2 HTML QA	2026-09-14T07:18:29.5700361Z       },
validate-platform	Validate presentation-v2 HTML QA	2026-09-14T07:18:29.5701008Z       "horizontalOverflow": false,
validate-platform	Validate presentation-v2 HTML QA	2026-09-14T07:18:29.5702062Z       "screenshot": "D:\\a\\4veco-platform\\4veco-platform\\ci-artifacts\\presentation-v2-html-qa\\b1-112\\dark-slide-5.png"
validate-platform	Validate presentation-v2 HTML QA	2026-09-14T07:18:29.5702964Z     },
validate-platform	Validate presentation-v2 HTML QA	2026-09-14T07:18:29.5703230Z     {
validate-platform	Validate presentation-v2 HTML QA	2026-09-14T07:18:29.5703536Z       "scenario": "dark",
validate-platform	Validate presentation-v2 HTML QA	2026-09-14T07:18:29.5703883Z       "slide": 6,
validate-platform	Validate presentation-v2 HTML QA	2026-09-14T07:18:29.5704244Z       "rootClass": "pv2-shell",
validate-platform	Validate presentation-v2 HTML QA	2026-09-14T07:18:29.5704618Z       "canvas": {
validate-platform	Validate presentation-v2 HTML QA	2026-09-14T07:18:29.5704926Z         "width": 896,
validate-platform	Validate presentation-v2 HTML QA	2026-09-14T07:18:29.5705249Z         "height": 504,
validate-platform	Validate presentation-v2 HTML QA	2026-09-14T07:18:29.5705576Z         "ratio": 1.778
validate-platform	Validate presentation-v2 HTML QA	2026-09-14T07:18:29.5705884Z       },
validate-platform	Validate presentation-v2 HTML QA	2026-09-14T07:18:29.5706158Z       "spills": [],
validate-platform	Validate presentation-v2 HTML QA	2026-09-14T07:18:29.5706469Z       "notes": {
validate-platform	Validate presentation-v2 HTML QA	2026-09-14T07:18:29.5706778Z         "display": "none",
validate-platform	Validate presentation-v2 HTML QA	2026-09-14T07:18:29.5707143Z         "rightSide": true,
validate-platform	Validate presentation-v2 HTML QA	2026-09-14T07:18:29.5707482Z         "width": 0,
validate-platform	Validate presentation-v2 HTML QA	2026-09-14T07:18:29.5707792Z         "height": 0
validate-platform	Validate presentation-v2 HTML QA	2026-09-14T07:18:29.5708082Z       },
validate-platform	Validate presentation-v2 HTML QA	2026-09-14T07:18:29.5708410Z       "horizontalOverflow": false,
validate-platform	Validate presentation-v2 HTML QA	2026-09-14T07:18:29.5709410Z       "screenshot": "D:\\a\\4veco-platform\\4veco-platform\\ci-artifacts\\presentation-v2-html-qa\\b1-112\\dark-slide-6.png"
validate-platform	Validate presentation-v2 HTML QA	2026-09-14T07:18:29.5710300Z     },
validate-platform	Validate presentation-v2 HTML QA	2026-09-14T07:18:29.5710777Z     {
validate-platform	Validate presentation-v2 HTML QA	2026-09-14T07:18:29.5711370Z       "scenario": "dark",
validate-platform	Validate presentation-v2 HTML QA	2026-09-14T07:18:29.5711734Z       "slide": 7,
validate-platform	Validate presentation-v2 HTML QA	2026-09-14T07:18:29.5712268Z       "rootClass": "pv2-shell",
validate-platform	Validate presentation-v2 HTML QA	2026-09-14T07:18:29.5712663Z       "canvas": {
validate-platform	Validate presentation-v2 HTML QA	2026-09-14T07:18:29.5712974Z         "width": 896,
validate-platform	Validate presentation-v2 HTML QA	2026-09-14T07:18:29.5713391Z         "height": 504,
validate-platform	Validate presentation-v2 HTML QA	2026-09-14T07:18:29.5713706Z         "ratio": 1.778
validate-platform	Validate presentation-v2 HTML QA	2026-09-14T07:18:29.5714036Z       },
validate-platform	Validate presentation-v2 HTML QA	2026-09-14T07:18:29.5714339Z       "spills": [],
validate-platform	Validate presentation-v2 HTML QA	2026-09-14T07:18:29.5714684Z       "notes": {
validate-platform	Validate presentation-v2 HTML QA	2026-09-14T07:18:29.5715011Z         "display": "none",
validate-platform	Validate presentation-v2 HTML QA	2026-09-14T07:18:29.5715812Z         "rightSide": true,
validate-platform	Validate presentation-v2 HTML QA	2026-09-14T07:18:29.5716212Z         "width": 0,
validate-platform	Validate presentation-v2 HTML QA	2026-09-14T07:18:29.5716840Z         "height": 0
validate-platform	Validate presentation-v2 HTML QA	2026-09-14T07:18:29.5717175Z       },
validate-platform	Validate presentation-v2 HTML QA	2026-09-14T07:18:29.5717937Z       "horizontalOverflow": false,
validate-platform	Validate presentation-v2 HTML QA	2026-09-14T07:18:29.5719912Z       "screenshot": "D:\\a\\4veco-platform\\4veco-platform\\ci-artifacts\\presentation-v2-html-qa\\b1-112\\dark-slide-7.png"
validate-platform	Validate presentation-v2 HTML QA	2026-09-14T07:18:29.5722116Z     },
validate-platform	Validate presentation-v2 HTML QA	2026-09-14T07:18:29.5722439Z     {
validate-platform	Validate presentation-v2 HTML QA	2026-09-14T07:18:29.5722782Z       "scenario": "dark-notes",
validate-platform	Validate presentation-v2 HTML QA	2026-09-14T07:18:29.5723185Z       "slide": 1,
validate-platform	Validate presentation-v2 HTML QA	2026-09-14T07:18:29.5723675Z       "rootClass": "pv2-shell pv2-speaker-notes-open",
validate-platform	Validate presentation-v2 HTML QA	2026-09-14T07:18:29.5724217Z       "canvas": {
validate-platform	Validate presentation-v2 HTML QA	2026-09-14T07:18:29.5724559Z         "width": 862,
validate-platform	Validate presentation-v2 HTML QA	2026-09-14T07:18:29.5724904Z         "height": 485,
validate-platform	Validate presentation-v2 HTML QA	2026-09-14T07:18:29.5725255Z         "ratio": 1.778
validate-platform	Validate presentation-v2 HTML QA	2026-09-14T07:18:29.5725582Z       },
validate-platform	Validate presentation-v2 HTML QA	2026-09-14T07:18:29.5725859Z       "spills": [],
validate-platform	Validate presentation-v2 HTML QA	2026-09-14T07:18:29.5726181Z       "notes": {
validate-platform	Validate presentation-v2 HTML QA	2026-09-14T07:18:29.5726526Z         "display": "block",
validate-platform	Validate presentation-v2 HTML QA	2026-09-14T07:18:29.5726927Z         "rightSide": true,
validate-platform	Validate presentation-v2 HTML QA	2026-09-14T07:18:29.5727317Z         "width": 330,
validate-platform	Validate presentation-v2 HTML QA	2026-09-14T07:18:29.5727658Z         "height": 485
validate-platform	Validate presentation-v2 HTML QA	2026-09-14T07:18:29.5727991Z       },
validate-platform	Validate presentation-v2 HTML QA	2026-09-14T07:18:29.5728343Z       "horizontalOverflow": false,
validate-platform	Validate presentation-v2 HTML QA	2026-09-14T07:18:29.5729420Z       "screenshot": "D:\\a\\4veco-platform\\4veco-platform\\ci-artifacts\\presentation-v2-html-qa\\b1-112\\dark-notes-slide-1.png"
validate-platform	Validate presentation-v2 HTML QA	2026-09-14T07:18:29.5730364Z     },
validate-platform	Validate presentation-v2 HTML QA	2026-09-14T07:18:29.5730650Z     {
validate-platform	Validate presentation-v2 HTML QA	2026-09-14T07:18:29.5730999Z       "scenario": "dark-notes",
validate-platform	Validate presentation-v2 HTML QA	2026-09-14T07:18:29.5731703Z       "slide": 2,
validate-platform	Validate presentation-v2 HTML QA	2026-09-14T07:18:29.5732236Z       "rootClass": "pv2-shell pv2-speaker-notes-open",
validate-platform	Validate presentation-v2 HTML QA	2026-09-14T07:18:29.5732749Z       "canvas": {
validate-platform	Validate presentation-v2 HTML QA	2026-09-14T07:18:29.5733075Z         "width": 862,
validate-platform	Validate presentation-v2 HTML QA	2026-09-14T07:18:29.5733441Z         "height": 485,
validate-platform	Validate presentation-v2 HTML QA	2026-09-14T07:18:29.5733812Z         "ratio": 1.778
validate-platform	Validate presentation-v2 HTML QA	2026-09-14T07:18:29.5734132Z       },
validate-platform	Validate presentation-v2 HTML QA	2026-09-14T07:18:29.5734442Z       "spills": [],
validate-platform	Validate presentation-v2 HTML QA	2026-09-14T07:18:29.5734783Z       "notes": {
validate-platform	Validate presentation-v2 HTML QA	2026-09-14T07:18:29.5735378Z         "display": "block",
validate-platform	Validate presentation-v2 HTML QA	2026-09-14T07:18:29.5735789Z         "rightSide": true,
validate-platform	Validate presentation-v2 HTML QA	2026-09-14T07:18:29.5736166Z         "width": 330,
validate-platform	Validate presentation-v2 HTML QA	2026-09-14T07:18:29.5736546Z         "height": 485
validate-platform	Validate presentation-v2 HTML QA	2026-09-14T07:18:29.5737189Z       },
validate-platform	Validate presentation-v2 HTML QA	2026-09-14T07:18:29.5737593Z       "horizontalOverflow": false,
validate-platform	Validate presentation-v2 HTML QA	2026-09-14T07:18:29.5738634Z       "screenshot": "D:\\a\\4veco-platform\\4veco-platform\\ci-artifacts\\presentation-v2-html-qa\\b1-112\\dark-notes-slide-2.png"
validate-platform	Validate presentation-v2 HTML QA	2026-09-14T07:18:29.5739586Z     },
validate-platform	Validate presentation-v2 HTML QA	2026-09-14T07:18:29.5739861Z     {
validate-platform	Validate presentation-v2 HTML QA	2026-09-14T07:18:29.5740197Z       "scenario": "dark-notes",
validate-platform	Validate presentation-v2 HTML QA	2026-09-14T07:18:29.5740566Z       "slide": 3,
validate-platform	Validate presentation-v2 HTML QA	2026-09-14T07:18:29.5741022Z       "rootClass": "pv2-shell pv2-speaker-notes-open",
validate-platform	Validate presentation-v2 HTML QA	2026-09-14T07:18:29.5741535Z       "canvas": {
validate-platform	Validate presentation-v2 HTML QA	2026-09-14T07:18:29.5741836Z         "width": 862,
validate-platform	Validate presentation-v2 HTML QA	2026-09-14T07:18:29.5742186Z         "height": 485,
validate-platform	Validate presentation-v2 HTML QA	2026-09-14T07:18:29.5742549Z         "ratio": 1.778
validate-platform	Validate presentation-v2 HTML QA	2026-09-14T07:18:29.5742900Z       },
validate-platform	Validate presentation-v2 HTML QA	2026-09-14T07:18:29.5743210Z       "spills": [],
validate-platform	Validate presentation-v2 HTML QA	2026-09-14T07:18:29.5743623Z       "notes": {
validate-platform	Validate presentation-v2 HTML QA	2026-09-14T07:18:29.5744279Z         "display": "block",
validate-platform	Validate presentation-v2 HTML QA	2026-09-14T07:18:29.5744713Z         "rightSide": true,
validate-platform	Validate presentation-v2 HTML QA	2026-09-14T07:18:29.5745090Z         "width": 330,
validate-platform	Validate presentation-v2 HTML QA	2026-09-14T07:18:29.5745420Z         "height": 485
validate-platform	Validate presentation-v2 HTML QA	2026-09-14T07:18:29.5745775Z       },
validate-platform	Validate presentation-v2 HTML QA	2026-09-14T07:18:29.5746142Z       "horizontalOverflow": false,
validate-platform	Validate presentation-v2 HTML QA	2026-09-14T07:18:29.5747959Z       "screenshot": "D:\\a\\4veco-platform\\4veco-platform\\ci-artifacts\\presentation-v2-html-qa\\b1-112\\dark-notes-slide-3.png"
validate-platform	Validate presentation-v2 HTML QA	2026-09-14T07:18:29.5748949Z     },
validate-platform	Validate presentation-v2 HTML QA	2026-09-14T07:18:29.5749239Z     {
validate-platform	Validate presentation-v2 HTML QA	2026-09-14T07:18:29.5749871Z       "scenario": "dark-notes",
validate-platform	Validate presentation-v2 HTML QA	2026-09-14T07:18:29.5750320Z       "slide": 4,
validate-platform	Validate presentation-v2 HTML QA	2026-09-14T07:18:29.5750793Z       "rootClass": "pv2-shell pv2-speaker-notes-open",
validate-platform	Validate presentation-v2 HTML QA	2026-09-14T07:18:29.5751316Z       "canvas": {
validate-platform	Validate presentation-v2 HTML QA	2026-09-14T07:18:29.5752162Z         "width": 862,
validate-platform	Validate presentation-v2 HTML QA	2026-09-14T07:18:29.5752559Z         "height": 485,
validate-platform	Validate presentation-v2 HTML QA	2026-09-14T07:18:29.5752928Z         "ratio": 1.778
validate-platform	Validate presentation-v2 HTML QA	2026-09-14T07:18:29.5753274Z       },
validate-platform	Validate presentation-v2 HTML QA	2026-09-14T07:18:29.5753574Z       "spills": [],
validate-platform	Validate presentation-v2 HTML QA	2026-09-14T07:18:29.5753904Z       "notes": {
validate-platform	Validate presentation-v2 HTML QA	2026-09-14T07:18:29.5754249Z         "display": "block",
validate-platform	Validate presentation-v2 HTML QA	2026-09-14T07:18:29.5754640Z         "rightSide": true,
validate-platform	Validate presentation-v2 HTML QA	2026-09-14T07:18:29.5755024Z         "width": 330,
validate-platform	Validate presentation-v2 HTML QA	2026-09-14T07:18:29.5755336Z         "height": 485
validate-platform	Validate presentation-v2 HTML QA	2026-09-14T07:18:29.5755649Z       },
validate-platform	Validate presentation-v2 HTML QA	2026-09-14T07:18:29.5756011Z       "horizontalOverflow": false,
validate-platform	Validate presentation-v2 HTML QA	2026-09-14T07:18:29.5757856Z       "screenshot": "D:\\a\\4veco-platform\\4veco-platform\\ci-artifacts\\presentation-v2-html-qa\\b1-112\\dark-notes-slide-4.png"
validate-platform	Validate presentation-v2 HTML QA	2026-09-14T07:18:29.5759198Z     },
validate-platform	Validate presentation-v2 HTML QA	2026-09-14T07:18:29.5759483Z     {
validate-platform	Validate presentation-v2 HTML QA	2026-09-14T07:18:29.5759811Z       "scenario": "dark-notes",
validate-platform	Validate presentation-v2 HTML QA	2026-09-14T07:18:29.5760187Z       "slide": 5,
validate-platform	Validate presentation-v2 HTML QA	2026-09-14T07:18:29.5760630Z       "rootClass": "pv2-shell pv2-speaker-notes-open",
validate-platform	Validate presentation-v2 HTML QA	2026-09-14T07:18:29.5761124Z       "canvas": {
validate-platform	Validate presentation-v2 HTML QA	2026-09-14T07:18:29.5761431Z         "width": 862,
validate-platform	Validate presentation-v2 HTML QA	2026-09-14T07:18:29.5761776Z         "height": 485,
validate-platform	Validate presentation-v2 HTML QA	2026-09-14T07:18:29.5762105Z         "ratio": 1.778
validate-platform	Validate presentation-v2 HTML QA	2026-09-14T07:18:29.5762417Z       },
validate-platform	Validate presentation-v2 HTML QA	2026-09-14T07:18:29.5762699Z       "spills": [],
validate-platform	Validate presentation-v2 HTML QA	2026-09-14T07:18:29.5763007Z       "notes": {
validate-platform	Validate presentation-v2 HTML QA	2026-09-14T07:18:29.5763327Z         "display": "block",
validate-platform	Validate presentation-v2 HTML QA	2026-09-14T07:18:29.5763687Z         "rightSide": true,
validate-platform	Validate presentation-v2 HTML QA	2026-09-14T07:18:29.5764048Z         "width": 330,
validate-platform	Validate presentation-v2 HTML QA	2026-09-14T07:18:29.5764368Z         "height": 485
validate-platform	Validate presentation-v2 HTML QA	2026-09-14T07:18:29.5764686Z       },
validate-platform	Validate presentation-v2 HTML QA	2026-09-14T07:18:29.5765016Z       "horizontalOverflow": false,
validate-platform	Validate presentation-v2 HTML QA	2026-09-14T07:18:29.5766053Z       "screenshot": "D:\\a\\4veco-platform\\4veco-platform\\ci-artifacts\\presentation-v2-html-qa\\b1-112\\dark-notes-slide-5.png"
validate-platform	Validate presentation-v2 HTML QA	2026-09-14T07:18:29.5766988Z     },
validate-platform	Validate presentation-v2 HTML QA	2026-09-14T07:18:29.5767253Z     {
validate-platform	Validate presentation-v2 HTML QA	2026-09-14T07:18:29.5767568Z       "scenario": "dark-notes",
validate-platform	Validate presentation-v2 HTML QA	2026-09-14T07:18:29.5767948Z       "slide": 6,
validate-platform	Validate presentation-v2 HTML QA	2026-09-14T07:18:29.5768376Z       "rootClass": "pv2-shell pv2-speaker-notes-open",
validate-platform	Validate presentation-v2 HTML QA	2026-09-14T07:18:29.5768828Z       "canvas": {
validate-platform	Validate presentation-v2 HTML QA	2026-09-14T07:18:29.5769361Z         "width": 862,
validate-platform	Validate presentation-v2 HTML QA	2026-09-14T07:18:29.5769689Z         "height": 485,
validate-platform	Validate presentation-v2 HTML QA	2026-09-14T07:18:29.5770021Z         "ratio": 1.778
validate-platform	Validate presentation-v2 HTML QA	2026-09-14T07:18:29.5770331Z       },
validate-platform	Validate presentation-v2 HTML QA	2026-09-14T07:18:29.5770610Z       "spills": [],
validate-platform	Validate presentation-v2 HTML QA	2026-09-14T07:18:29.5770921Z       "notes": {
validate-platform	Validate presentation-v2 HTML QA	2026-09-14T07:18:29.5771239Z         "display": "block",
validate-platform	Validate presentation-v2 HTML QA	2026-09-14T07:18:29.5771607Z         "rightSide": true,
validate-platform	Validate presentation-v2 HTML QA	2026-09-14T07:18:29.5772319Z         "width": 330,
validate-platform	Validate presentation-v2 HTML QA	2026-09-14T07:18:29.5772695Z         "height": 485
validate-platform	Validate presentation-v2 HTML QA	2026-09-14T07:18:29.5773008Z       },
validate-platform	Validate presentation-v2 HTML QA	2026-09-14T07:18:29.5773356Z       "horizontalOverflow": false,
validate-platform	Validate presentation-v2 HTML QA	2026-09-14T07:18:29.5774391Z       "screenshot": "D:\\a\\4veco-platform\\4veco-platform\\ci-artifacts\\presentation-v2-html-qa\\b1-112\\dark-notes-slide-6.png"
validate-platform	Validate presentation-v2 HTML QA	2026-09-14T07:18:29.5775327Z     },
validate-platform	Validate presentation-v2 HTML QA	2026-09-14T07:18:29.5775592Z     {
validate-platform	Validate presentation-v2 HTML QA	2026-09-14T07:18:29.5775914Z       "scenario": "dark-notes",
validate-platform	Validate presentation-v2 HTML QA	2026-09-14T07:18:29.5776277Z       "slide": 7,
validate-platform	Validate presentation-v2 HTML QA	2026-09-14T07:18:29.5776722Z       "rootClass": "pv2-shell pv2-speaker-notes-open",
validate-platform	Validate presentation-v2 HTML QA	2026-09-14T07:18:29.5777218Z       "canvas": {
validate-platform	Validate presentation-v2 HTML QA	2026-09-14T07:18:29.5777521Z         "width": 862,
validate-platform	Validate presentation-v2 HTML QA	2026-09-14T07:18:29.5777853Z         "height": 485,
validate-platform	Validate presentation-v2 HTML QA	2026-09-14T07:18:29.5778173Z         "ratio": 1.778
validate-platform	Validate presentation-v2 HTML QA	2026-09-14T07:18:29.5778486Z       },
validate-platform	Validate presentation-v2 HTML QA	2026-09-14T07:18:29.5778769Z       "spills": [],
validate-platform	Validate presentation-v2 HTML QA	2026-09-14T07:18:29.5779077Z       "notes": {
validate-platform	Validate presentation-v2 HTML QA	2026-09-14T07:18:29.5779548Z         "display": "block",
validate-platform	Validate presentation-v2 HTML QA	2026-09-14T07:18:29.5779921Z         "rightSide": true,
validate-platform	Validate presentation-v2 HTML QA	2026-09-14T07:18:29.5780264Z         "width": 330,
validate-platform	Validate presentation-v2 HTML QA	2026-09-14T07:18:29.5780585Z         "height": 485
validate-platform	Validate presentation-v2 HTML QA	2026-09-14T07:18:29.5780892Z       },
validate-platform	Validate presentation-v2 HTML QA	2026-09-14T07:18:29.5781219Z       "horizontalOverflow": false,
validate-platform	Validate presentation-v2 HTML QA	2026-09-14T07:18:29.5782226Z       "screenshot": "D:\\a\\4veco-platform\\4veco-platform\\ci-artifacts\\presentation-v2-html-qa\\b1-112\\dark-notes-slide-7.png"
validate-platform	Validate presentation-v2 HTML QA	2026-09-14T07:18:29.5783087Z     },
validate-platform	Validate presentation-v2 HTML QA	2026-09-14T07:18:29.5783346Z     {
validate-platform	Validate presentation-v2 HTML QA	2026-09-14T07:18:29.5783622Z       "scenario": "mobile",
validate-platform	Validate presentation-v2 HTML QA	2026-09-14T07:18:29.5783976Z       "slide": 1,
validate-platform	Validate presentation-v2 HTML QA	2026-09-14T07:18:29.5784333Z       "rootClass": "pv2-shell",
validate-platform	Validate presentation-v2 HTML QA	2026-09-14T07:18:29.5784698Z       "canvas": {
validate-platform	Validate presentation-v2 HTML QA	2026-09-14T07:18:29.5784996Z         "width": 370,
validate-platform	Validate presentation-v2 HTML QA	2026-09-14T07:18:29.5785304Z         "height": 665,
validate-platform	Validate presentation-v2 HTML QA	2026-09-14T07:18:29.5785618Z         "ratio": 0.556
validate-platform	Validate presentation-v2 HTML QA	2026-09-14T07:18:29.5785925Z       },
validate-platform	Validate presentation-v2 HTML QA	2026-09-14T07:18:29.5786210Z       "spills": [],
validate-platform	Validate presentation-v2 HTML QA	2026-09-14T07:18:29.5786511Z       "notes": {
validate-platform	Validate presentation-v2 HTML QA	2026-09-14T07:18:29.5786814Z         "display": "none",
validate-platform	Validate presentation-v2 HTML QA	2026-09-14T07:18:29.5787153Z         "rightSide": true,
validate-platform	Validate presentation-v2 HTML QA	2026-09-14T07:18:29.5787495Z         "width": 0,
validate-platform	Validate presentation-v2 HTML QA	2026-09-14T07:18:29.5787787Z         "height": 0
validate-platform	Validate presentation-v2 HTML QA	2026-09-14T07:18:29.5788067Z       },
validate-platform	Validate presentation-v2 HTML QA	2026-09-14T07:18:29.5788395Z       "horizontalOverflow": false,
validate-platform	Validate presentation-v2 HTML QA	2026-09-14T07:18:29.5789372Z       "screenshot": "D:\\a\\4veco-platform\\4veco-platform\\ci-artifacts\\presentation-v2-html-qa\\b1-112\\mobile-slide-1.png"
validate-platform	Validate presentation-v2 HTML QA	2026-09-14T07:18:29.5790947Z     },
validate-platform	Validate presentation-v2 HTML QA	2026-09-14T07:18:29.5791198Z     {
validate-platform	Validate presentation-v2 HTML QA	2026-09-14T07:18:29.5791452Z       "scenario": "mobile",
validate-platform	Validate presentation-v2 HTML QA	2026-09-14T07:18:29.5791782Z       "slide": 2,
validate-platform	Validate presentation-v2 HTML QA	2026-09-14T07:18:29.5792127Z       "rootClass": "pv2-shell",
validate-platform	Validate presentation-v2 HTML QA	2026-09-14T07:18:29.5792505Z       "canvas": {
validate-platform	Validate presentation-v2 HTML QA	2026-09-14T07:18:29.5792815Z         "width": 370,
validate-platform	Validate presentation-v2 HTML QA	2026-09-14T07:18:29.5805694Z         "height": 675,
validate-platform	Validate presentation-v2 HTML QA	2026-09-14T07:18:29.5806106Z         "ratio": 0.548
validate-platform	Validate presentation-v2 HTML QA	2026-09-14T07:18:29.5806425Z       },
validate-platform	Validate presentation-v2 HTML QA	2026-09-14T07:18:29.5806716Z       "spills": [],
validate-platform	Validate presentation-v2 HTML QA	2026-09-14T07:18:29.5807082Z       "notes": {
validate-platform	Validate presentation-v2 HTML QA	2026-09-14T07:18:29.5807402Z         "display": "none",
validate-platform	Validate presentation-v2 HTML QA	2026-09-14T07:18:29.5807803Z         "rightSide": true,
validate-platform	Validate presentation-v2 HTML QA	2026-09-14T07:18:29.5808187Z         "width": 0,
validate-platform	Validate presentation-v2 HTML QA	2026-09-14T07:18:29.5808494Z         "height": 0
validate-platform	Validate presentation-v2 HTML QA	2026-09-14T07:18:29.5808768Z       },
validate-platform	Validate presentation-v2 HTML QA	2026-09-14T07:18:29.5809121Z       "horizontalOverflow": false,
validate-platform	Validate presentation-v2 HTML QA	2026-09-14T07:18:29.5812208Z       "screenshot": "D:\\a\\4veco-platform\\4veco-platform\\ci-artifacts\\presentation-v2-html-qa\\b1-112\\mobile-slide-2.png"
validate-platform	Validate presentation-v2 HTML QA	2026-09-14T07:18:29.5813161Z     },
validate-platform	Validate presentation-v2 HTML QA	2026-09-14T07:18:29.5813463Z     {
validate-platform	Validate presentation-v2 HTML QA	2026-09-14T07:18:29.5813790Z       "scenario": "mobile",
validate-platform	Validate presentation-v2 HTML QA	2026-09-14T07:18:29.5814451Z       "slide": 3,
validate-platform	Validate presentation-v2 HTML QA	2026-09-14T07:18:29.5814843Z       "rootClass": "pv2-shell",
validate-platform	Validate presentation-v2 HTML QA	2026-09-14T07:18:29.5815298Z       "canvas": {
validate-platform	Validate presentation-v2 HTML QA	2026-09-14T07:18:29.5815673Z         "width": 370,
validate-platform	Validate presentation-v2 HTML QA	2026-09-14T07:18:29.5816065Z         "height": 571,
validate-platform	Validate presentation-v2 HTML QA	2026-09-14T07:18:29.5816937Z         "ratio": 0.647
validate-platform	Validate presentation-v2 HTML QA	2026-09-14T07:18:29.5817296Z       },
validate-platform	Validate presentation-v2 HTML QA	2026-09-14T07:18:29.5817628Z       "spills": [],
validate-platform	Validate presentation-v2 HTML QA	2026-09-14T07:18:29.5817961Z       "notes": {
validate-platform	Validate presentation-v2 HTML QA	2026-09-14T07:18:29.5818325Z         "display": "none",
validate-platform	Validate presentation-v2 HTML QA	2026-09-14T07:18:29.5819111Z         "rightSide": true,
validate-platform	Validate presentation-v2 HTML QA	2026-09-14T07:18:29.5819554Z         "width": 0,
validate-platform	Validate presentation-v2 HTML QA	2026-09-14T07:18:29.5819894Z         "height": 0
validate-platform	Validate presentation-v2 HTML QA	2026-09-14T07:18:29.5820208Z       },
validate-platform	Validate presentation-v2 HTML QA	2026-09-14T07:18:29.5820569Z       "horizontalOverflow": false,
validate-platform	Validate presentation-v2 HTML QA	2026-09-14T07:18:29.5821629Z       "screenshot": "D:\\a\\4veco-platform\\4veco-platform\\ci-artifacts\\presentation-v2-html-qa\\b1-112\\mobile-slide-3.png"
validate-platform	Validate presentation-v2 HTML QA	2026-09-14T07:18:29.5822562Z     },
validate-platform	Validate presentation-v2 HTML QA	2026-09-14T07:18:29.5822849Z     {
validate-platform	Validate presentation-v2 HTML QA	2026-09-14T07:18:29.5823178Z       "scenario": "mobile",
validate-platform	Validate presentation-v2 HTML QA	2026-09-14T07:18:29.5823571Z       "slide": 4,
validate-platform	Validate presentation-v2 HTML QA	2026-09-14T07:18:29.5823975Z       "rootClass": "pv2-shell",
validate-platform	Validate presentation-v2 HTML QA	2026-09-14T07:18:29.5824394Z       "canvas": {
validate-platform	Validate presentation-v2 HTML QA	2026-09-14T07:18:29.5824743Z         "width": 370,
validate-platform	Validate presentation-v2 HTML QA	2026-09-14T07:18:29.5825114Z         "height": 674,
validate-platform	Validate presentation-v2 HTML QA	2026-09-14T07:18:29.5825456Z         "ratio": 0.549
validate-platform	Validate presentation-v2 HTML QA	2026-09-14T07:18:29.5826072Z       },
validate-platform	Validate presentation-v2 HTML QA	2026-09-14T07:18:29.5826385Z       "spills": [],
validate-platform	Validate presentation-v2 HTML QA	2026-09-14T07:18:29.5826751Z       "notes": {
validate-platform	Validate presentation-v2 HTML QA	2026-09-14T07:18:29.5827096Z         "display": "none",
validate-platform	Validate presentation-v2 HTML QA	2026-09-14T07:18:29.5827506Z         "rightSide": true,
validate-platform	Validate presentation-v2 HTML QA	2026-09-14T07:18:29.5827891Z         "width": 0,
validate-platform	Validate presentation-v2 HTML QA	2026-09-14T07:18:29.5828238Z         "height": 0
validate-platform	Validate presentation-v2 HTML QA	2026-09-14T07:18:29.5828565Z       },
validate-platform	Validate presentation-v2 HTML QA	2026-09-14T07:18:29.5828910Z       "horizontalOverflow": false,
validate-platform	Validate presentation-v2 HTML QA	2026-09-14T07:18:29.5829969Z       "screenshot": "D:\\a\\4veco-platform\\4veco-platform\\ci-artifacts\\presentation-v2-html-qa\\b1-112\\mobile-slide-4.png"
validate-platform	Validate presentation-v2 HTML QA	2026-09-14T07:18:29.5830899Z     },
validate-platform	Validate presentation-v2 HTML QA	2026-09-14T07:18:29.5831197Z     {
validate-platform	Validate presentation-v2 HTML QA	2026-09-14T07:18:29.5831495Z       "scenario": "mobile",
validate-platform	Validate presentation-v2 HTML QA	2026-09-14T07:18:29.5831857Z       "slide": 5,
validate-platform	Validate presentation-v2 HTML QA	2026-09-14T07:18:29.5832215Z       "rootClass": "pv2-shell",
validate-platform	Validate presentation-v2 HTML QA	2026-09-14T07:18:29.5832604Z       "canvas": {
validate-platform	Validate presentation-v2 HTML QA	2026-09-14T07:18:29.5832918Z         "width": 370,
validate-platform	Validate presentation-v2 HTML QA	2026-09-14T07:18:29.5833277Z         "height": 549,
validate-platform	Validate presentation-v2 HTML QA	2026-09-14T07:18:29.5833607Z         "ratio": 0.674
validate-platform	Validate presentation-v2 HTML QA	2026-09-14T07:18:29.5833943Z       },
validate-platform	Validate presentation-v2 HTML QA	2026-09-14T07:18:29.5834245Z       "spills": [],
validate-platform	Validate presentation-v2 HTML QA	2026-09-14T07:18:29.5834584Z       "notes": {
validate-platform	Validate presentation-v2 HTML QA	2026-09-14T07:18:29.5834954Z         "display": "none",
validate-platform	Validate presentation-v2 HTML QA	2026-09-14T07:18:29.5835354Z         "rightSide": true,
validate-platform	Validate presentation-v2 HTML QA	2026-09-14T07:18:29.5835743Z         "width": 0,
validate-platform	Validate presentation-v2 HTML QA	2026-09-14T07:18:29.5836055Z         "height": 0
validate-platform	Validate presentation-v2 HTML QA	2026-09-14T07:18:29.5836341Z       },
validate-platform	Validate presentation-v2 HTML QA	2026-09-14T07:18:29.5836701Z       "horizontalOverflow": false,
validate-platform	Validate presentation-v2 HTML QA	2026-09-14T07:18:29.5837702Z       "screenshot": "D:\\a\\4veco-platform\\4veco-platform\\ci-artifacts\\presentation-v2-html-qa\\b1-112\\mobile-slide-5.png"
validate-platform	Validate presentation-v2 HTML QA	2026-09-14T07:18:29.5838939Z     },
validate-platform	Validate presentation-v2 HTML QA	2026-09-14T07:18:29.5839190Z     {
validate-platform	Validate presentation-v2 HTML QA	2026-09-14T07:18:29.5839476Z       "scenario": "mobile",
validate-platform	Validate presentation-v2 HTML QA	2026-09-14T07:18:29.5839818Z       "slide": 6,
validate-platform	Validate presentation-v2 HTML QA	2026-09-14T07:18:29.5840168Z       "rootClass": "pv2-shell",
validate-platform	Validate presentation-v2 HTML QA	2026-09-14T07:18:29.5840907Z       "canvas": {
validate-platform	Validate presentation-v2 HTML QA	2026-09-14T07:18:29.5841265Z         "width": 370,
validate-platform	Validate presentation-v2 HTML QA	2026-09-14T07:18:29.5841620Z         "height": 594,
validate-platform	Validate presentation-v2 HTML QA	2026-09-14T07:18:29.5841985Z         "ratio": 0.623
validate-platform	Validate presentation-v2 HTML QA	2026-09-14T07:18:29.5842349Z       },
validate-platform	Validate presentation-v2 HTML QA	2026-09-14T07:18:29.5842667Z       "spills": [],
validate-platform	Validate presentation-v2 HTML QA	2026-09-14T07:18:29.5843018Z       "notes": {
validate-platform	Validate presentation-v2 HTML QA	2026-09-14T07:18:29.5843466Z         "display": "none",
validate-platform	Validate presentation-v2 HTML QA	2026-09-14T07:18:29.5843851Z         "rightSide": true,
validate-platform	Validate presentation-v2 HTML QA	2026-09-14T07:18:29.5844218Z         "width": 0,
validate-platform	Validate presentation-v2 HTML QA	2026-09-14T07:18:29.5844525Z         "height": 0
validate-platform	Validate presentation-v2 HTML QA	2026-09-14T07:18:29.5844831Z       },
validate-platform	Validate presentation-v2 HTML QA	2026-09-14T07:18:29.5845187Z       "horizontalOverflow": false,
validate-platform	Validate presentation-v2 HTML QA	2026-09-14T07:18:29.5846189Z       "screenshot": "D:\\a\\4veco-platform\\4veco-platform\\ci-artifacts\\presentation-v2-html-qa\\b1-112\\mobile-slide-6.png"
validate-platform	Validate presentation-v2 HTML QA	2026-09-14T07:18:29.5847367Z     },
validate-platform	Validate presentation-v2 HTML QA	2026-09-14T07:18:29.5847667Z     {
validate-platform	Validate presentation-v2 HTML QA	2026-09-14T07:18:29.5847999Z       "scenario": "mobile",
validate-platform	Validate presentation-v2 HTML QA	2026-09-14T07:18:29.5848346Z       "slide": 7,
validate-platform	Validate presentation-v2 HTML QA	2026-09-14T07:18:29.5848677Z       "rootClass": "pv2-shell",
validate-platform	Validate presentation-v2 HTML QA	2026-09-14T07:18:29.5849017Z       "canvas": {
validate-platform	Validate presentation-v2 HTML QA	2026-09-14T07:18:29.5849313Z         "width": 370,
validate-platform	Validate presentation-v2 HTML QA	2026-09-14T07:18:29.5849639Z         "height": 549,
validate-platform	Validate presentation-v2 HTML QA	2026-09-14T07:18:29.5849950Z         "ratio": 0.674
validate-platform	Validate presentation-v2 HTML QA	2026-09-14T07:18:29.5850256Z       },
validate-platform	Validate presentation-v2 HTML QA	2026-09-14T07:18:29.5850528Z       "spills": [],
validate-platform	Validate presentation-v2 HTML QA	2026-09-14T07:18:29.5850825Z       "notes": {
validate-platform	Validate presentation-v2 HTML QA	2026-09-14T07:18:29.5851106Z         "display": "none",
validate-platform	Validate presentation-v2 HTML QA	2026-09-14T07:18:29.5851422Z         "rightSide": true,
validate-platform	Validate presentation-v2 HTML QA	2026-09-14T07:18:29.5851738Z         "width": 0,
validate-platform	Validate presentation-v2 HTML QA	2026-09-14T07:18:29.5852034Z         "height": 0
validate-platform	Validate presentation-v2 HTML QA	2026-09-14T07:18:29.5852317Z       },
validate-platform	Validate presentation-v2 HTML QA	2026-09-14T07:18:29.5852646Z       "horizontalOverflow": false,
validate-platform	Validate presentation-v2 HTML QA	2026-09-14T07:18:29.5853575Z       "screenshot": "D:\\a\\4veco-platform\\4veco-platform\\ci-artifacts\\presentation-v2-html-qa\\b1-112\\mobile-slide-7.png"
validate-platform	Validate presentation-v2 HTML QA	2026-09-14T07:18:29.5854445Z     }
validate-platform	Validate presentation-v2 HTML QA	2026-09-14T07:18:29.5854694Z   ],
validate-platform	Validate presentation-v2 HTML QA	2026-09-14T07:18:29.5854957Z   "interactions": {
validate-platform	Validate presentation-v2 HTML QA	2026-09-14T07:18:29.5855256Z     "notes": {
validate-platform	Validate presentation-v2 HTML QA	2026-09-14T07:18:29.5855552Z       "rootOpen": true,
validate-platform	Validate presentation-v2 HTML QA	2026-09-14T07:18:29.5855887Z       "togglePressed": true,
validate-platform	Validate presentation-v2 HTML QA	2026-09-14T07:18:29.5856232Z       "activeNoteOpen": true,
validate-platform	Validate presentation-v2 HTML QA	2026-09-14T07:18:29.5856792Z       "label": "Verberg uitleg"
validate-platform	Validate presentation-v2 HTML QA	2026-09-14T07:18:29.5857132Z     },
validate-platform	Validate presentation-v2 HTML QA	2026-09-14T07:18:29.5857398Z     "endState": {
validate-platform	Validate presentation-v2 HTML QA	2026-09-14T07:18:29.5857704Z       "activeIndex": 7,
validate-platform	Validate presentation-v2 HTML QA	2026-09-14T07:18:29.5858328Z       "currentText": "7",
validate-platform	Validate presentation-v2 HTML QA	2026-09-14T07:18:29.5858712Z       "hash": "#samenvatting",
validate-platform	Validate presentation-v2 HTML QA	2026-09-14T07:18:29.5859064Z       "focusIsHeading": true,
validate-platform	Validate presentation-v2 HTML QA	2026-09-14T07:18:29.5859403Z       "ariaCurrent": "page",
validate-platform	Validate presentation-v2 HTML QA	2026-09-14T07:18:29.5859795Z       "activeId": "samenvatting",
validate-platform	Validate presentation-v2 HTML QA	2026-09-14T07:18:29.5860170Z       "slideCount": 7
validate-platform	Validate presentation-v2 HTML QA	2026-09-14T07:18:29.5860460Z     },
validate-platform	Validate presentation-v2 HTML QA	2026-09-14T07:18:29.5860715Z     "homeState": {
validate-platform	Validate presentation-v2 HTML QA	2026-09-14T07:18:29.5861021Z       "activeIndex": 1,
validate-platform	Validate presentation-v2 HTML QA	2026-09-14T07:18:29.5861347Z       "currentText": "1",
validate-platform	Validate presentation-v2 HTML QA	2026-09-14T07:18:29.5861666Z       "hash": "#start",
validate-platform	Validate presentation-v2 HTML QA	2026-09-14T07:18:29.5861974Z       "focusIsHeading": true,
validate-platform	Validate presentation-v2 HTML QA	2026-09-14T07:18:29.5862320Z       "ariaCurrent": "page",
validate-platform	Validate presentation-v2 HTML QA	2026-09-14T07:18:29.5862668Z       "activeId": "start",
validate-platform	Validate presentation-v2 HTML QA	2026-09-14T07:18:29.5863004Z       "slideCount": 7
validate-platform	Validate presentation-v2 HTML QA	2026-09-14T07:18:29.5863294Z     }
validate-platform	Validate presentation-v2 HTML QA	2026-09-14T07:18:29.5863541Z   }
validate-platform	Validate presentation-v2 HTML QA	2026-09-14T07:18:29.5863779Z }
validate-platform	Validate presentation-v2 HTML QA	2026-09-14T07:18:29.5864639Z Presentation v2 QA passed. Screenshots: D:\a\4veco-platform\4veco-platform\ci-artifacts\presentation-v2-html-qa\b1-112
validate-platform	Validate presentation-v2 HTML QA	2026-09-14T07:18:58.8519380Z {
validate-platform	Validate presentation-v2 HTML QA	2026-09-14T07:18:58.8525203Z   "htmlPath": "D:\\a\\4veco-platform\\4veco-platform\\4veco-lessen\\Boek 1 - Grondslagen, vraag en aanbod\\1.1 Hoofdstuk Economisch denken en rekenen\\1.1.3 Grafieken en tabellen\\1.1.3 Grafieken en tabellen – presentatie.html",
validate-platform	Validate presentation-v2 HTML QA	2026-09-14T07:18:58.8529221Z   "outDir": "D:\\a\\4veco-platform\\4veco-platform\\ci-artifacts\\presentation-v2-html-qa\\b1-113",
validate-platform	Validate presentation-v2 HTML QA	2026-09-14T07:18:58.8530262Z   "results": [
validate-platform	Validate presentation-v2 HTML QA	2026-09-14T07:18:58.8531239Z     {
validate-platform	Validate presentation-v2 HTML QA	2026-09-14T07:18:58.8531678Z       "scenario": "desktop",
validate-platform	Validate presentation-v2 HTML QA	2026-09-14T07:18:58.8532156Z       "slide": 1,
validate-platform	Validate presentation-v2 HTML QA	2026-09-14T07:18:58.8533021Z       "rootClass": "pv2-shell",
validate-platform	Validate presentation-v2 HTML QA	2026-09-14T07:18:58.8534055Z       "canvas": {
validate-platform	Validate presentation-v2 HTML QA	2026-09-14T07:18:58.8534422Z         "width": 896,
validate-platform	Validate presentation-v2 HTML QA	2026-09-14T07:18:58.8534852Z         "height": 504,
validate-platform	Validate presentation-v2 HTML QA	2026-09-14T07:18:58.8535697Z         "ratio": 1.778
validate-platform	Validate presentation-v2 HTML QA	2026-09-14T07:18:58.8537250Z       },
validate-platform	Validate presentation-v2 HTML QA	2026-09-14T07:18:58.8537594Z       "spills": [],
validate-platform	Validate presentation-v2 HTML QA	2026-09-14T07:18:58.8537948Z       "notes": {
validate-platform	Validate presentation-v2 HTML QA	2026-09-14T07:18:58.8538275Z         "display": "none",
validate-platform	Validate presentation-v2 HTML QA	2026-09-14T07:18:58.8538652Z         "rightSide": true,
validate-platform	Validate presentation-v2 HTML QA	2026-09-14T07:18:58.8539009Z         "width": 0,
validate-platform	Validate presentation-v2 HTML QA	2026-09-14T07:18:58.8539323Z         "height": 0
validate-platform	Validate presentation-v2 HTML QA	2026-09-14T07:18:58.8539637Z       },
validate-platform	Validate presentation-v2 HTML QA	2026-09-14T07:18:58.8540582Z       "horizontalOverflow": false,
validate-platform	Validate presentation-v2 HTML QA	2026-09-14T07:18:58.8541650Z       "screenshot": "D:\\a\\4veco-platform\\4veco-platform\\ci-artifacts\\presentation-v2-html-qa\\b1-113\\desktop-slide-1.png"
validate-platform	Validate presentation-v2 HTML QA	2026-09-14T07:18:58.8543013Z     },
validate-platform	Validate presentation-v2 HTML QA	2026-09-14T07:18:58.8543319Z     {
validate-platform	Validate presentation-v2 HTML QA	2026-09-14T07:18:58.8543643Z       "scenario": "desktop",
validate-platform	Validate presentation-v2 HTML QA	2026-09-14T07:18:58.8544044Z       "slide": 2,
validate-platform	Validate presentation-v2 HTML QA	2026-09-14T07:18:58.8545747Z       "rootClass": "pv2-shell",
validate-platform	Validate presentation-v2 HTML QA	2026-09-14T07:18:58.8548537Z       "canvas": {
validate-platform	Validate presentation-v2 HTML QA	2026-09-14T07:18:58.8554400Z         "width": 896,
validate-platform	Validate presentation-v2 HTML QA	2026-09-14T07:18:58.8557131Z         "height": 504,
validate-platform	Validate presentation-v2 HTML QA	2026-09-14T07:18:58.8557538Z         "ratio": 1.778
validate-platform	Validate presentation-v2 HTML QA	2026-09-14T07:18:58.8560932Z       },
validate-platform	Validate presentation-v2 HTML QA	2026-09-14T07:18:58.8561620Z       "spills": [],
validate-platform	Validate presentation-v2 HTML QA	2026-09-14T07:18:58.8562678Z       "notes": {
validate-platform	Validate presentation-v2 HTML QA	2026-09-14T07:18:58.8563125Z         "display": "none",
validate-platform	Validate presentation-v2 HTML QA	2026-09-14T07:18:58.8564047Z         "rightSide": true,
validate-platform	Validate presentation-v2 HTML QA	2026-09-14T07:18:58.8565883Z         "width": 0,
validate-platform	Validate presentation-v2 HTML QA	2026-09-14T07:18:58.8566929Z         "height": 0
validate-platform	Validate presentation-v2 HTML QA	2026-09-14T07:18:58.8567941Z       },
validate-platform	Validate presentation-v2 HTML QA	2026-09-14T07:18:58.8569521Z       "horizontalOverflow": false,
validate-platform	Validate presentation-v2 HTML QA	2026-09-14T07:18:58.8571262Z       "screenshot": "D:\\a\\4veco-platform\\4veco-platform\\ci-artifacts\\presentation-v2-html-qa\\b1-113\\desktop-slide-2.png"
validate-platform	Validate presentation-v2 HTML QA	2026-09-14T07:18:58.8573062Z     },
validate-platform	Validate presentation-v2 HTML QA	2026-09-14T07:18:58.8573796Z     {
validate-platform	Validate presentation-v2 HTML QA	2026-09-14T07:18:58.8574996Z       "scenario": "desktop",
validate-platform	Validate presentation-v2 HTML QA	2026-09-14T07:18:58.8577254Z       "slide": 3,
validate-platform	Validate presentation-v2 HTML QA	2026-09-14T07:18:58.8577834Z       "rootClass": "pv2-shell",
validate-platform	Validate presentation-v2 HTML QA	2026-09-14T07:18:58.8578823Z       "canvas": {
validate-platform	Validate presentation-v2 HTML QA	2026-09-14T07:18:58.8579194Z         "width": 896,
validate-platform	Validate presentation-v2 HTML QA	2026-09-14T07:18:58.8579545Z         "height": 504,
validate-platform	Validate presentation-v2 HTML QA	2026-09-14T07:18:58.8580206Z         "ratio": 1.778
validate-platform	Validate presentation-v2 HTML QA	2026-09-14T07:18:58.8580552Z       },
validate-platform	Validate presentation-v2 HTML QA	2026-09-14T07:18:58.8580840Z       "spills": [],
validate-platform	Validate presentation-v2 HTML QA	2026-09-14T07:18:58.8581149Z       "notes": {
validate-platform	Validate presentation-v2 HTML QA	2026-09-14T07:18:58.8581463Z         "display": "none",
validate-platform	Validate presentation-v2 HTML QA	2026-09-14T07:18:58.8581824Z         "rightSide": true,
validate-platform	Validate presentation-v2 HTML QA	2026-09-14T07:18:58.8582155Z         "width": 0,
validate-platform	Validate presentation-v2 HTML QA	2026-09-14T07:18:58.8582460Z         "height": 0
validate-platform	Validate presentation-v2 HTML QA	2026-09-14T07:18:58.8582753Z       },
validate-platform	Validate presentation-v2 HTML QA	2026-09-14T07:18:58.8583072Z       "horizontalOverflow": false,
validate-platform	Validate presentation-v2 HTML QA	2026-09-14T07:18:58.8584100Z       "screenshot": "D:\\a\\4veco-platform\\4veco-platform\\ci-artifacts\\presentation-v2-html-qa\\b1-113\\desktop-slide-3.png"
validate-platform	Validate presentation-v2 HTML QA	2026-09-14T07:18:58.8585004Z     },
validate-platform	Validate presentation-v2 HTML QA	2026-09-14T07:18:58.8585286Z     {
validate-platform	Validate presentation-v2 HTML QA	2026-09-14T07:18:58.8585588Z       "scenario": "desktop",
validate-platform	Validate presentation-v2 HTML QA	2026-09-14T07:18:58.8585954Z       "slide": 4,
validate-platform	Validate presentation-v2 HTML QA	2026-09-14T07:18:58.8586300Z       "rootClass": "pv2-shell",
validate-platform	Validate presentation-v2 HTML QA	2026-09-14T07:18:58.8586645Z       "canvas": {
validate-platform	Validate presentation-v2 HTML QA	2026-09-14T07:18:58.8586934Z         "width": 896,
validate-platform	Validate presentation-v2 HTML QA	2026-09-14T07:18:58.8587226Z         "height": 504,
validate-platform	Validate presentation-v2 HTML QA	2026-09-14T07:18:58.8587523Z         "ratio": 1.778
validate-platform	Validate presentation-v2 HTML QA	2026-09-14T07:18:58.8587859Z       },
validate-platform	Validate presentation-v2 HTML QA	2026-09-14T07:18:58.8588183Z       "spills": [],
validate-platform	Validate presentation-v2 HTML QA	2026-09-14T07:18:58.8588500Z       "notes": {
validate-platform	Validate presentation-v2 HTML QA	2026-09-14T07:18:58.8588851Z         "display": "none",
validate-platform	Validate presentation-v2 HTML QA	2026-09-14T07:18:58.8589208Z         "rightSide": true,
validate-platform	Validate presentation-v2 HTML QA	2026-09-14T07:18:58.8589518Z         "width": 0,
validate-platform	Validate presentation-v2 HTML QA	2026-09-14T07:18:58.8589827Z         "height": 0
validate-platform	Validate presentation-v2 HTML QA	2026-09-14T07:18:58.8590106Z       },
validate-platform	Validate presentation-v2 HTML QA	2026-09-14T07:18:58.8590469Z       "horizontalOverflow": false,
validate-platform	Validate presentation-v2 HTML QA	2026-09-14T07:18:58.8591651Z       "screenshot": "D:\\a\\4veco-platform\\4veco-platform\\ci-artifacts\\presentation-v2-html-qa\\b1-113\\desktop-slide-4.png"
validate-platform	Validate presentation-v2 HTML QA	2026-09-14T07:18:58.8592545Z     },
validate-platform	Validate presentation-v2 HTML QA	2026-09-14T07:18:58.8592814Z     {
validate-platform	Validate presentation-v2 HTML QA	2026-09-14T07:18:58.8593105Z       "scenario": "desktop",
validate-platform	Validate presentation-v2 HTML QA	2026-09-14T07:18:58.8593458Z       "slide": 5,
validate-platform	Validate presentation-v2 HTML QA	2026-09-14T07:18:58.8593831Z       "rootClass": "pv2-shell",
validate-platform	Validate presentation-v2 HTML QA	2026-09-14T07:18:58.8594203Z       "canvas": {
validate-platform	Validate presentation-v2 HTML QA	2026-09-14T07:18:58.8594506Z         "width": 896,
validate-platform	Validate presentation-v2 HTML QA	2026-09-14T07:18:58.8594822Z         "height": 504,
validate-platform	Validate presentation-v2 HTML QA	2026-09-14T07:18:58.8595150Z         "ratio": 1.778
validate-platform	Validate presentation-v2 HTML QA	2026-09-14T07:18:58.8595498Z       },
validate-platform	Validate presentation-v2 HTML QA	2026-09-14T07:18:58.8595804Z       "spills": [],
validate-platform	Validate presentation-v2 HTML QA	2026-09-14T07:18:58.8596162Z       "notes": {
validate-platform	Validate presentation-v2 HTML QA	2026-09-14T07:18:58.8596793Z         "display": "none",
validate-platform	Validate presentation-v2 HTML QA	2026-09-14T07:18:58.8597594Z         "rightSide": true,
validate-platform	Validate presentation-v2 HTML QA	2026-09-14T07:18:58.8597994Z         "width": 0,
validate-platform	Validate presentation-v2 HTML QA	2026-09-14T07:18:58.8598308Z         "height": 0
validate-platform	Validate presentation-v2 HTML QA	2026-09-14T07:18:58.8598962Z       },
validate-platform	Validate presentation-v2 HTML QA	2026-09-14T07:18:58.8599330Z       "horizontalOverflow": false,
validate-platform	Validate presentation-v2 HTML QA	2026-09-14T07:18:58.8600292Z       "screenshot": "D:\\a\\4veco-platform\\4veco-platform\\ci-artifacts\\presentation-v2-html-qa\\b1-113\\desktop-slide-5.png"
validate-platform	Validate presentation-v2 HTML QA	2026-09-14T07:18:58.8601144Z     },
validate-platform	Validate presentation-v2 HTML QA	2026-09-14T07:18:58.8601421Z     {
validate-platform	Validate presentation-v2 HTML QA	2026-09-14T07:18:58.8601704Z       "scenario": "desktop",
validate-platform	Validate presentation-v2 HTML QA	2026-09-14T07:18:58.8602078Z       "slide": 6,
validate-platform	Validate presentation-v2 HTML QA	2026-09-14T07:18:58.8602399Z       "rootClass": "pv2-shell",
validate-platform	Validate presentation-v2 HTML QA	2026-09-14T07:18:58.8602735Z       "canvas": {
validate-platform	Validate presentation-v2 HTML QA	2026-09-14T07:18:58.8602999Z         "width": 896,
validate-platform	Validate presentation-v2 HTML QA	2026-09-14T07:18:58.8603247Z         "height": 504,
validate-platform	Validate presentation-v2 HTML QA	2026-09-14T07:18:58.8603499Z         "ratio": 1.778
validate-platform	Validate presentation-v2 HTML QA	2026-09-14T07:18:58.8603768Z       },
validate-platform	Validate presentation-v2 HTML QA	2026-09-14T07:18:58.8604015Z       "spills": [],
validate-platform	Validate presentation-v2 HTML QA	2026-09-14T07:18:58.8604282Z       "notes": {
validate-platform	Validate presentation-v2 HTML QA	2026-09-14T07:18:58.8605182Z         "display": "none",
validate-platform	Validate presentation-v2 HTML QA	2026-09-14T07:18:58.8607165Z         "rightSide": true,
validate-platform	Validate presentation-v2 HTML QA	2026-09-14T07:18:58.8607553Z         "width": 0,
validate-platform	Validate presentation-v2 HTML QA	2026-09-14T07:18:58.8607888Z         "height": 0
validate-platform	Validate presentation-v2 HTML QA	2026-09-14T07:18:58.8608228Z       },
validate-platform	Validate presentation-v2 HTML QA	2026-09-14T07:18:58.8608591Z       "horizontalOverflow": false,
validate-platform	Validate presentation-v2 HTML QA	2026-09-14T07:18:58.8609598Z       "screenshot": "D:\\a\\4veco-platform\\4veco-platform\\ci-artifacts\\presentation-v2-html-qa\\b1-113\\desktop-slide-6.png"
validate-platform	Validate presentation-v2 HTML QA	2026-09-14T07:18:58.8610509Z     },
validate-platform	Validate presentation-v2 HTML QA	2026-09-14T07:18:58.8610784Z     {
validate-platform	Validate presentation-v2 HTML QA	2026-09-14T07:18:58.8611100Z       "scenario": "desktop",
validate-platform	Validate presentation-v2 HTML QA	2026-09-14T07:18:58.8611818Z       "slide": 7,
validate-platform	Validate presentation-v2 HTML QA	2026-09-14T07:18:58.8612188Z       "rootClass": "pv2-shell",
validate-platform	Validate presentation-v2 HTML QA	2026-09-14T07:18:58.8612549Z       "canvas": {
validate-platform	Validate presentation-v2 HTML QA	2026-09-14T07:18:58.8612847Z         "width": 896,
validate-platform	Validate presentation-v2 HTML QA	2026-09-14T07:18:58.8613187Z         "height": 504,
validate-platform	Validate presentation-v2 HTML QA	2026-09-14T07:18:58.8613510Z         "ratio": 1.778
validate-platform	Validate presentation-v2 HTML QA	2026-09-14T07:18:58.8613825Z       },
validate-platform	Validate presentation-v2 HTML QA	2026-09-14T07:18:58.8614101Z       "spills": [],
validate-platform	Validate presentation-v2 HTML QA	2026-09-14T07:18:58.8614405Z       "notes": {
validate-platform	Validate presentation-v2 HTML QA	2026-09-14T07:18:58.8614707Z         "display": "none",
validate-platform	Validate presentation-v2 HTML QA	2026-09-14T07:18:58.8623403Z         "rightSide": true,
validate-platform	Validate presentation-v2 HTML QA	2026-09-14T07:18:58.8623820Z         "width": 0,
validate-platform	Validate presentation-v2 HTML QA	2026-09-14T07:18:58.8624192Z         "height": 0
validate-platform	Validate presentation-v2 HTML QA	2026-09-14T07:18:58.8624491Z       },
validate-platform	Validate presentation-v2 HTML QA	2026-09-14T07:18:58.8624907Z       "horizontalOverflow": false,
validate-platform	Validate presentation-v2 HTML QA	2026-09-14T07:18:58.8625912Z       "screenshot": "D:\\a\\4veco-platform\\4veco-platform\\ci-artifacts\\presentation-v2-html-qa\\b1-113\\desktop-slide-7.png"
validate-platform	Validate presentation-v2 HTML QA	2026-09-14T07:18:58.8627471Z     },
validate-platform	Validate presentation-v2 HTML QA	2026-09-14T07:18:58.8627826Z     {
validate-platform	Validate presentation-v2 HTML QA	2026-09-14T07:18:58.8628200Z       "scenario": "desktop",
validate-platform	Validate presentation-v2 HTML QA	2026-09-14T07:18:58.8628582Z       "slide": 8,
validate-platform	Validate presentation-v2 HTML QA	2026-09-14T07:18:58.8628951Z       "rootClass": "pv2-shell",
validate-platform	Validate presentation-v2 HTML QA	2026-09-14T07:18:58.8629314Z       "canvas": {
validate-platform	Validate presentation-v2 HTML QA	2026-09-14T07:18:58.8629630Z         "width": 896,
validate-platform	Validate presentation-v2 HTML QA	2026-09-14T07:18:58.8629965Z         "height": 504,
validate-platform	Validate presentation-v2 HTML QA	2026-09-14T07:18:58.8630991Z         "ratio": 1.778
validate-platform	Validate presentation-v2 HTML QA	2026-09-14T07:18:58.8641631Z       },
validate-platform	Validate presentation-v2 HTML QA	2026-09-14T07:18:58.8642020Z       "spills": [],
validate-platform	Validate presentation-v2 HTML QA	2026-09-14T07:18:58.8642384Z       "notes": {
validate-platform	Validate presentation-v2 HTML QA	2026-09-14T07:18:58.8642736Z         "display": "none",
validate-platform	Validate presentation-v2 HTML QA	2026-09-14T07:18:58.8643930Z         "rightSide": true,
validate-platform	Validate presentation-v2 HTML QA	2026-09-14T07:18:58.8644356Z         "width": 0,
validate-platform	Validate presentation-v2 HTML QA	2026-09-14T07:18:58.8644692Z         "height": 0
validate-platform	Validate presentation-v2 HTML QA	2026-09-14T07:18:58.8645002Z       },
validate-platform	Validate presentation-v2 HTML QA	2026-09-14T07:18:58.8645351Z       "horizontalOverflow": false,
validate-platform	Validate presentation-v2 HTML QA	2026-09-14T07:18:58.8646367Z       "screenshot": "D:\\a\\4veco-platform\\4veco-platform\\ci-artifacts\\presentation-v2-html-qa\\b1-113\\desktop-slide-8.png"
validate-platform	Validate presentation-v2 HTML QA	2026-09-14T07:18:58.8654467Z     },
validate-platform	Validate presentation-v2 HTML QA	2026-09-14T07:18:58.8654813Z     {
validate-platform	Validate presentation-v2 HTML QA	2026-09-14T07:18:58.8655148Z       "scenario": "wide-notes",
validate-platform	Validate presentation-v2 HTML QA	2026-09-14T07:18:58.8655536Z       "slide": 1,
validate-platform	Validate presentation-v2 HTML QA	2026-09-14T07:18:58.8655946Z       "rootClass": "pv2-shell pv2-speaker-notes-open",
validate-platform	Validate presentation-v2 HTML QA	2026-09-14T07:18:58.8656412Z       "canvas": {
validate-platform	Validate presentation-v2 HTML QA	2026-09-14T07:18:58.8656706Z         "width": 862,
validate-platform	Validate presentation-v2 HTML QA	2026-09-14T07:18:58.8657035Z         "height": 485,
validate-platform	Validate presentation-v2 HTML QA	2026-09-14T07:18:58.8657384Z         "ratio": 1.778
validate-platform	Validate presentation-v2 HTML QA	2026-09-14T07:18:58.8657708Z       },
validate-platform	Validate presentation-v2 HTML QA	2026-09-14T07:18:58.8657997Z       "spills": [],
validate-platform	Validate presentation-v2 HTML QA	2026-09-14T07:18:58.8658325Z       "notes": {
validate-platform	Validate presentation-v2 HTML QA	2026-09-14T07:18:58.8658679Z         "display": "block",
validate-platform	Validate presentation-v2 HTML QA	2026-09-14T07:18:58.8659495Z         "rightSide": true,
validate-platform	Validate presentation-v2 HTML QA	2026-09-14T07:18:58.8659887Z         "width": 330,
validate-platform	Validate presentation-v2 HTML QA	2026-09-14T07:18:58.8660232Z         "height": 485
validate-platform	Validate presentation-v2 HTML QA	2026-09-14T07:18:58.8660562Z       },
validate-platform	Validate presentation-v2 HTML QA	2026-09-14T07:18:58.8660940Z       "horizontalOverflow": false,
validate-platform	Validate presentation-v2 HTML QA	2026-09-14T07:18:58.8662216Z       "screenshot": "D:\\a\\4veco-platform\\4veco-platform\\ci-artifacts\\presentation-v2-html-qa\\b1-113\\wide-notes-slide-1.png"
validate-platform	Validate presentation-v2 HTML QA	2026-09-14T07:18:58.8663132Z     },
validate-platform	Validate presentation-v2 HTML QA	2026-09-14T07:18:58.8663387Z     {
validate-platform	Validate presentation-v2 HTML QA	2026-09-14T07:18:58.8663695Z       "scenario": "wide-notes",
validate-platform	Validate presentation-v2 HTML QA	2026-09-14T07:18:58.8674571Z       "slide": 2,
validate-platform	Validate presentation-v2 HTML QA	2026-09-14T07:18:58.8677486Z       "rootClass": "pv2-shell pv2-speaker-notes-open",
validate-platform	Validate presentation-v2 HTML QA	2026-09-14T07:18:58.8678053Z       "canvas": {
validate-platform	Validate presentation-v2 HTML QA	2026-09-14T07:18:58.8678482Z         "width": 862,
validate-platform	Validate presentation-v2 HTML QA	2026-09-14T07:18:58.8678877Z         "height": 485,
validate-platform	Validate presentation-v2 HTML QA	2026-09-14T07:18:58.8679226Z         "ratio": 1.778
validate-platform	Validate presentation-v2 HTML QA	2026-09-14T07:18:58.8680051Z       },
validate-platform	Validate presentation-v2 HTML QA	2026-09-14T07:18:58.8680471Z       "spills": [],
validate-platform	Validate presentation-v2 HTML QA	2026-09-14T07:18:58.8680817Z       "notes": {
validate-platform	Validate presentation-v2 HTML QA	2026-09-14T07:18:58.8681151Z         "display": "block",
validate-platform	Validate presentation-v2 HTML QA	2026-09-14T07:18:58.8681534Z         "rightSide": true,
validate-platform	Validate presentation-v2 HTML QA	2026-09-14T07:18:58.8681948Z         "width": 330,
validate-platform	Validate presentation-v2 HTML QA	2026-09-14T07:18:58.8682315Z         "height": 485
validate-platform	Validate presentation-v2 HTML QA	2026-09-14T07:18:58.8682957Z       },
validate-platform	Validate presentation-v2 HTML QA	2026-09-14T07:18:58.8683304Z       "horizontalOverflow": false,
validate-platform	Validate presentation-v2 HTML QA	2026-09-14T07:18:58.8684337Z       "screenshot": "D:\\a\\4veco-platform\\4veco-platform\\ci-artifacts\\presentation-v2-html-qa\\b1-113\\wide-notes-slide-2.png"
validate-platform	Validate presentation-v2 HTML QA	2026-09-14T07:18:58.8686028Z     },
validate-platform	Validate presentation-v2 HTML QA	2026-09-14T07:18:58.8686335Z     {
validate-platform	Validate presentation-v2 HTML QA	2026-09-14T07:18:58.8686949Z       "scenario": "wide-notes",
validate-platform	Validate presentation-v2 HTML QA	2026-09-14T07:18:58.8687374Z       "slide": 3,
validate-platform	Validate presentation-v2 HTML QA	2026-09-14T07:18:58.8688153Z       "rootClass": "pv2-shell pv2-speaker-notes-open",
validate-platform	Validate presentation-v2 HTML QA	2026-09-14T07:18:58.8689536Z       "canvas": {
validate-platform	Validate presentation-v2 HTML QA	2026-09-14T07:18:58.8689841Z         "width": 862,
validate-platform	Validate presentation-v2 HTML QA	2026-09-14T07:18:58.8700472Z         "height": 485,
validate-platform	Validate presentation-v2 HTML QA	2026-09-14T07:18:58.8701015Z         "ratio": 1.778
validate-platform	Validate presentation-v2 HTML QA	2026-09-14T07:18:58.8701687Z       },
validate-platform	Validate presentation-v2 HTML QA	2026-09-14T07:18:58.8702044Z       "spills": [],
validate-platform	Validate presentation-v2 HTML QA	2026-09-14T07:18:58.8702370Z       "notes": {
validate-platform	Validate presentation-v2 HTML QA	2026-09-14T07:18:58.8703283Z         "display": "block",
validate-platform	Validate presentation-v2 HTML QA	2026-09-14T07:18:58.8704721Z         "rightSide": true,
validate-platform	Validate presentation-v2 HTML QA	2026-09-14T07:18:58.8705175Z         "width": 330,
validate-platform	Validate presentation-v2 HTML QA	2026-09-14T07:18:58.8705890Z         "height": 485
validate-platform	Validate presentation-v2 HTML QA	2026-09-14T07:18:58.8706238Z       },
validate-platform	Validate presentation-v2 HTML QA	2026-09-14T07:18:58.8706820Z       "horizontalOverflow": false,
validate-platform	Validate presentation-v2 HTML QA	2026-09-14T07:18:58.8714688Z       "screenshot": "D:\\a\\4veco-platform\\4veco-platform\\ci-artifacts\\presentation-v2-html-qa\\b1-113\\wide-notes-slide-3.png"
validate-platform	Validate presentation-v2 HTML QA	2026-09-14T07:18:58.8715892Z     },
validate-platform	Validate presentation-v2 HTML QA	2026-09-14T07:18:58.8716172Z     {
validate-platform	Validate presentation-v2 HTML QA	2026-09-14T07:18:58.8716500Z       "scenario": "wide-notes",
validate-platform	Validate presentation-v2 HTML QA	2026-09-14T07:18:58.8716881Z       "slide": 4,
validate-platform	Validate presentation-v2 HTML QA	2026-09-14T07:18:58.8717325Z       "rootClass": "pv2-shell pv2-speaker-notes-open",
validate-platform	Validate presentation-v2 HTML QA	2026-09-14T07:18:58.8717777Z       "canvas": {
validate-platform	Validate presentation-v2 HTML QA	2026-09-14T07:18:58.8718082Z         "width": 862,
validate-platform	Validate presentation-v2 HTML QA	2026-09-14T07:18:58.8718393Z         "height": 485,
validate-platform	Validate presentation-v2 HTML QA	2026-09-14T07:18:58.8718711Z         "ratio": 1.778
validate-platform	Validate presentation-v2 HTML QA	2026-09-14T07:18:58.8720653Z       },
validate-platform	Validate presentation-v2 HTML QA	2026-09-14T07:18:58.8720994Z       "spills": [],
validate-platform	Validate presentation-v2 HTML QA	2026-09-14T07:18:58.8721345Z       "notes": {
validate-platform	Validate presentation-v2 HTML QA	2026-09-14T07:18:58.8721687Z         "display": "block",
validate-platform	Validate presentation-v2 HTML QA	2026-09-14T07:18:58.8722572Z         "rightSide": true,
validate-platform	Validate presentation-v2 HTML QA	2026-09-14T07:18:58.8722950Z         "width": 330,
validate-platform	Validate presentation-v2 HTML QA	2026-09-14T07:18:58.8723275Z         "height": 485
validate-platform	Validate presentation-v2 HTML QA	2026-09-14T07:18:58.8723599Z       },
validate-platform	Validate presentation-v2 HTML QA	2026-09-14T07:18:58.8723942Z       "horizontalOverflow": false,
validate-platform	Validate presentation-v2 HTML QA	2026-09-14T07:18:58.8725392Z       "screenshot": "D:\\a\\4veco-platform\\4veco-platform\\ci-artifacts\\presentation-v2-html-qa\\b1-113\\wide-notes-slide-4.png"
validate-platform	Validate presentation-v2 HTML QA	2026-09-14T07:18:58.8727140Z     },
validate-platform	Validate presentation-v2 HTML QA	2026-09-14T07:18:58.8729221Z     {
validate-platform	Validate presentation-v2 HTML QA	2026-09-14T07:18:58.8729731Z       "scenario": "wide-notes",
validate-platform	Validate presentation-v2 HTML QA	2026-09-14T07:18:58.8730847Z       "slide": 5,
validate-platform	Validate presentation-v2 HTML QA	2026-09-14T07:18:58.8731358Z       "rootClass": "pv2-shell pv2-speaker-notes-open",
validate-platform	Validate presentation-v2 HTML QA	2026-09-14T07:18:58.8732056Z       "canvas": {
validate-platform	Validate presentation-v2 HTML QA	2026-09-14T07:18:58.8732662Z         "width": 862,
validate-platform	Validate presentation-v2 HTML QA	2026-09-14T07:18:58.8733995Z         "height": 485,
validate-platform	Validate presentation-v2 HTML QA	2026-09-14T07:18:58.8734677Z         "ratio": 1.778
validate-platform	Validate presentation-v2 HTML QA	2026-09-14T07:18:58.8735041Z       },
validate-platform	Validate presentation-v2 HTML QA	2026-09-14T07:18:58.8735355Z       "spills": [],
validate-platform	Validate presentation-v2 HTML QA	2026-09-14T07:18:58.8735698Z       "notes": {
validate-platform	Validate presentation-v2 HTML QA	2026-09-14T07:18:58.8736066Z         "display": "block",
validate-platform	Validate presentation-v2 HTML QA	2026-09-14T07:18:58.8736474Z         "rightSide": true,
validate-platform	Validate presentation-v2 HTML QA	2026-09-14T07:18:58.8736865Z         "width": 330,
validate-platform	Validate presentation-v2 HTML QA	2026-09-14T07:18:58.8737218Z         "height": 485
validate-platform	Validate presentation-v2 HTML QA	2026-09-14T07:18:58.8737545Z       },
validate-platform	Validate presentation-v2 HTML QA	2026-09-14T07:18:58.8737912Z       "horizontalOverflow": false,
validate-platform	Validate presentation-v2 HTML QA	2026-09-14T07:18:58.8738932Z       "screenshot": "D:\\a\\4veco-platform\\4veco-platform\\ci-artifacts\\presentation-v2-html-qa\\b1-113\\wide-notes-slide-5.png"
validate-platform	Validate presentation-v2 HTML QA	2026-09-14T07:18:58.8739853Z     },
validate-platform	Validate presentation-v2 HTML QA	2026-09-14T07:18:58.8740126Z     {
validate-platform	Validate presentation-v2 HTML QA	2026-09-14T07:18:58.8740449Z       "scenario": "wide-notes",
validate-platform	Validate presentation-v2 HTML QA	2026-09-14T07:18:58.8740918Z       "slide": 6,
validate-platform	Validate presentation-v2 HTML QA	2026-09-14T07:18:58.8741359Z       "rootClass": "pv2-shell pv2-speaker-notes-open",
validate-platform	Validate presentation-v2 HTML QA	2026-09-14T07:18:58.8741835Z       "canvas": {
validate-platform	Validate presentation-v2 HTML QA	2026-09-14T07:18:58.8742172Z         "width": 862,
validate-platform	Validate presentation-v2 HTML QA	2026-09-14T07:18:58.8742500Z         "height": 485,
validate-platform	Validate presentation-v2 HTML QA	2026-09-14T07:18:58.8742916Z         "ratio": 1.778
validate-platform	Validate presentation-v2 HTML QA	2026-09-14T07:18:58.8743231Z       },
validate-platform	Validate presentation-v2 HTML QA	2026-09-14T07:18:58.8743498Z       "spills": [],
validate-platform	Validate presentation-v2 HTML QA	2026-09-14T07:18:58.8743835Z       "notes": {
validate-platform	Validate presentation-v2 HTML QA	2026-09-14T07:18:58.8744159Z         "display": "block",
validate-platform	Validate presentation-v2 HTML QA	2026-09-14T07:18:58.8744495Z         "rightSide": true,
validate-platform	Validate presentation-v2 HTML QA	2026-09-14T07:18:58.8745173Z         "width": 330,
validate-platform	Validate presentation-v2 HTML QA	2026-09-14T07:18:58.8745481Z         "height": 485
validate-platform	Validate presentation-v2 HTML QA	2026-09-14T07:18:58.8753905Z       },
validate-platform	Validate presentation-v2 HTML QA	2026-09-14T07:18:58.8755583Z       "horizontalOverflow": false,
validate-platform	Validate presentation-v2 HTML QA	2026-09-14T07:18:58.8757491Z       "screenshot": "D:\\a\\4veco-platform\\4veco-platform\\ci-artifacts\\presentation-v2-html-qa\\b1-113\\wide-notes-slide-6.png"
validate-platform	Validate presentation-v2 HTML QA	2026-09-14T07:18:58.8758594Z     },
validate-platform	Validate presentation-v2 HTML QA	2026-09-14T07:18:58.8758902Z     {
validate-platform	Validate presentation-v2 HTML QA	2026-09-14T07:18:58.8759617Z       "scenario": "wide-notes",
validate-platform	Validate presentation-v2 HTML QA	2026-09-14T07:18:58.8760019Z       "slide": 7,
validate-platform	Validate presentation-v2 HTML QA	2026-09-14T07:18:58.8760486Z       "rootClass": "pv2-shell pv2-speaker-notes-open",
validate-platform	Validate presentation-v2 HTML QA	2026-09-14T07:18:58.8761034Z       "canvas": {
validate-platform	Validate presentation-v2 HTML QA	2026-09-14T07:18:58.8761376Z         "width": 862,
validate-platform	Validate presentation-v2 HTML QA	2026-09-14T07:18:58.8761707Z         "height": 485,
validate-platform	Validate presentation-v2 HTML QA	2026-09-14T07:18:58.8762049Z         "ratio": 1.778
validate-platform	Validate presentation-v2 HTML QA	2026-09-14T07:18:58.8762380Z       },
validate-platform	Validate presentation-v2 HTML QA	2026-09-14T07:18:58.8762685Z       "spills": [],
validate-platform	Validate presentation-v2 HTML QA	2026-09-14T07:18:58.8763006Z       "notes": {
validate-platform	Validate presentation-v2 HTML QA	2026-09-14T07:18:58.8763304Z         "display": "block",
validate-platform	Validate presentation-v2 HTML QA	2026-09-14T07:18:58.8764168Z         "rightSide": true,
validate-platform	Validate presentation-v2 HTML QA	2026-09-14T07:18:58.8764929Z         "width": 330,
validate-platform	Validate presentation-v2 HTML QA	2026-09-14T07:18:58.8765321Z         "height": 485
validate-platform	Validate presentation-v2 HTML QA	2026-09-14T07:18:58.8765650Z       },
validate-platform	Validate presentation-v2 HTML QA	2026-09-14T07:18:58.8766037Z       "horizontalOverflow": false,
validate-platform	Validate presentation-v2 HTML QA	2026-09-14T07:18:58.8767923Z       "screenshot": "D:\\a\\4veco-platform\\4veco-platform\\ci-artifacts\\presentation-v2-html-qa\\b1-113\\wide-notes-slide-7.png"
validate-platform	Validate presentation-v2 HTML QA	2026-09-14T07:18:58.8768927Z     },
validate-platform	Validate presentation-v2 HTML QA	2026-09-14T07:18:58.8769204Z     {
validate-platform	Validate presentation-v2 HTML QA	2026-09-14T07:18:58.8769547Z       "scenario": "wide-notes",
validate-platform	Validate presentation-v2 HTML QA	2026-09-14T07:18:58.8769939Z       "slide": 8,
validate-platform	Validate presentation-v2 HTML QA	2026-09-14T07:18:58.8770437Z       "rootClass": "pv2-shell pv2-speaker-notes-open",
validate-platform	Validate presentation-v2 HTML QA	2026-09-14T07:18:58.8770946Z       "canvas": {
validate-platform	Validate presentation-v2 HTML QA	2026-09-14T07:18:58.8771267Z         "width": 862,
validate-platform	Validate presentation-v2 HTML QA	2026-09-14T07:18:58.8771629Z         "height": 485,
validate-platform	Validate presentation-v2 HTML QA	2026-09-14T07:18:58.8771980Z         "ratio": 1.778
validate-platform	Validate presentation-v2 HTML QA	2026-09-14T07:18:58.8772305Z       },
validate-platform	Validate presentation-v2 HTML QA	2026-09-14T07:18:58.8772626Z       "spills": [],
validate-platform	Validate presentation-v2 HTML QA	2026-09-14T07:18:58.8772994Z       "notes": {
validate-platform	Validate presentation-v2 HTML QA	2026-09-14T07:18:58.8773324Z         "display": "block",
validate-platform	Validate presentation-v2 HTML QA	2026-09-14T07:18:58.8773705Z         "rightSide": true,
validate-platform	Validate presentation-v2 HTML QA	2026-09-14T07:18:58.8774084Z         "width": 330,
validate-platform	Validate presentation-v2 HTML QA	2026-09-14T07:18:58.8774419Z         "height": 485
validate-platform	Validate presentation-v2 HTML QA	2026-09-14T07:18:58.8775061Z       },
validate-platform	Validate presentation-v2 HTML QA	2026-09-14T07:18:58.8775429Z       "horizontalOverflow": false,
validate-platform	Validate presentation-v2 HTML QA	2026-09-14T07:18:58.8776514Z       "screenshot": "D:\\a\\4veco-platform\\4veco-platform\\ci-artifacts\\presentation-v2-html-qa\\b1-113\\wide-notes-slide-8.png"
validate-platform	Validate presentation-v2 HTML QA	2026-09-14T07:18:58.8777466Z     },
validate-platform	Validate presentation-v2 HTML QA	2026-09-14T07:18:58.8777748Z     {
validate-platform	Validate presentation-v2 HTML QA	2026-09-14T07:18:58.8778077Z       "scenario": "fullscreen",
validate-platform	Validate presentation-v2 HTML QA	2026-09-14T07:18:58.8778811Z       "slide": 1,
validate-platform	Validate presentation-v2 HTML QA	2026-09-14T07:18:58.8779252Z       "rootClass": "pv2-shell is-fullscreen",
validate-platform	Validate presentation-v2 HTML QA	2026-09-14T07:18:58.8779707Z       "canvas": {
validate-platform	Validate presentation-v2 HTML QA	2026-09-14T07:18:58.8780053Z         "width": 1152,
validate-platform	Validate presentation-v2 HTML QA	2026-09-14T07:18:58.8780405Z         "height": 648,
validate-platform	Validate presentation-v2 HTML QA	2026-09-14T07:18:58.8780753Z         "ratio": 1.778
validate-platform	Validate presentation-v2 HTML QA	2026-09-14T07:18:58.8781092Z       },
validate-platform	Validate presentation-v2 HTML QA	2026-09-14T07:18:58.8781422Z       "spills": [],
validate-platform	Validate presentation-v2 HTML QA	2026-09-14T07:18:58.8781759Z       "notes": {
validate-platform	Validate presentation-v2 HTML QA	2026-09-14T07:18:58.8782105Z         "display": "none",
validate-platform	Validate presentation-v2 HTML QA	2026-09-14T07:18:58.8782824Z         "rightSide": true,
validate-platform	Validate presentation-v2 HTML QA	2026-09-14T07:18:58.8783604Z         "width": 0,
validate-platform	Validate presentation-v2 HTML QA	2026-09-14T07:18:58.8783987Z         "height": 0
validate-platform	Validate presentation-v2 HTML QA	2026-09-14T07:18:58.8785250Z       },
validate-platform	Validate presentation-v2 HTML QA	2026-09-14T07:18:58.8785658Z       "horizontalOverflow": false,
validate-platform	Validate presentation-v2 HTML QA	2026-09-14T07:18:58.8787190Z       "screenshot": "D:\\a\\4veco-platform\\4veco-platform\\ci-artifacts\\presentation-v2-html-qa\\b1-113\\fullscreen-slide-1.png"
validate-platform	Validate presentation-v2 HTML QA	2026-09-14T07:18:58.8789992Z     },
validate-platform	Validate presentation-v2 HTML QA	2026-09-14T07:18:58.8791678Z     {
validate-platform	Validate presentation-v2 HTML QA	2026-09-14T07:18:58.8792612Z       "scenario": "fullscreen",
validate-platform	Validate presentation-v2 HTML QA	2026-09-14T07:18:58.8793284Z       "slide": 2,
validate-platform	Validate presentation-v2 HTML QA	2026-09-14T07:18:58.8794028Z       "rootClass": "pv2-shell is-fullscreen",
validate-platform	Validate presentation-v2 HTML QA	2026-09-14T07:18:58.8794751Z       "canvas": {
validate-platform	Validate presentation-v2 HTML QA	2026-09-14T07:18:58.8795041Z         "width": 1152,
validate-platform	Validate presentation-v2 HTML QA	2026-09-14T07:18:58.8795770Z         "height": 648,
validate-platform	Validate presentation-v2 HTML QA	2026-09-14T07:18:58.8797514Z         "ratio": 1.778
validate-platform	Validate presentation-v2 HTML QA	2026-09-14T07:18:58.8798498Z       },
validate-platform	Validate presentation-v2 HTML QA	2026-09-14T07:18:58.8798822Z       "spills": [],
validate-platform	Validate presentation-v2 HTML QA	2026-09-14T07:18:58.8799446Z       "notes": {
validate-platform	Validate presentation-v2 HTML QA	2026-09-14T07:18:58.8799809Z         "display": "none",
validate-platform	Validate presentation-v2 HTML QA	2026-09-14T07:18:58.8800901Z         "rightSide": true,
validate-platform	Validate presentation-v2 HTML QA	2026-09-14T07:18:58.8801344Z         "width": 0,
validate-platform	Validate presentation-v2 HTML QA	2026-09-14T07:18:58.8801662Z         "height": 0
validate-platform	Validate presentation-v2 HTML QA	2026-09-14T07:18:58.8801972Z       },
validate-platform	Validate presentation-v2 HTML QA	2026-09-14T07:18:58.8802301Z       "horizontalOverflow": false,
validate-platform	Validate presentation-v2 HTML QA	2026-09-14T07:18:58.8803847Z       "screenshot": "D:\\a\\4veco-platform\\4veco-platform\\ci-artifacts\\presentation-v2-html-qa\\b1-113\\fullscreen-slide-2.png"
validate-platform	Validate presentation-v2 HTML QA	2026-09-14T07:18:58.8804858Z     },
validate-platform	Validate presentation-v2 HTML QA	2026-09-14T07:18:58.8805155Z     {
validate-platform	Validate presentation-v2 HTML QA	2026-09-14T07:18:58.8805488Z       "scenario": "fullscreen",
validate-platform	Validate presentation-v2 HTML QA	2026-09-14T07:18:58.8805923Z       "slide": 3,
validate-platform	Validate presentation-v2 HTML QA	2026-09-14T07:18:58.8806357Z       "rootClass": "pv2-shell is-fullscreen",
validate-platform	Validate presentation-v2 HTML QA	2026-09-14T07:18:58.8806822Z       "canvas": {
validate-platform	Validate presentation-v2 HTML QA	2026-09-14T07:18:58.8807140Z         "width": 1152,
validate-platform	Validate presentation-v2 HTML QA	2026-09-14T07:18:58.8807937Z         "height": 648,
validate-platform	Validate presentation-v2 HTML QA	2026-09-14T07:18:58.8808330Z         "ratio": 1.778
validate-platform	Validate presentation-v2 HTML QA	2026-09-14T07:18:58.8808663Z       },
validate-platform	Validate presentation-v2 HTML QA	2026-09-14T07:18:58.8808962Z       "spills": [],
validate-platform	Validate presentation-v2 HTML QA	2026-09-14T07:18:58.8809280Z       "notes": {
validate-platform	Validate presentation-v2 HTML QA	2026-09-14T07:18:58.8809610Z         "display": "none",
validate-platform	Validate presentation-v2 HTML QA	2026-09-14T07:18:58.8809976Z         "rightSide": true,
validate-platform	Validate presentation-v2 HTML QA	2026-09-14T07:18:58.8810333Z         "width": 0,
validate-platform	Validate presentation-v2 HTML QA	2026-09-14T07:18:58.8811126Z         "height": 0
validate-platform	Validate presentation-v2 HTML QA	2026-09-14T07:18:58.8811844Z       },
validate-platform	Validate presentation-v2 HTML QA	2026-09-14T07:18:58.8812230Z       "horizontalOverflow": false,
validate-platform	Validate presentation-v2 HTML QA	2026-09-14T07:18:58.8813269Z       "screenshot": "D:\\a\\4veco-platform\\4veco-platform\\ci-artifacts\\presentation-v2-html-qa\\b1-113\\fullscreen-slide-3.png"
validate-platform	Validate presentation-v2 HTML QA	2026-09-14T07:18:58.8814285Z     },
validate-platform	Validate presentation-v2 HTML QA	2026-09-14T07:18:58.8814566Z     {
validate-platform	Validate presentation-v2 HTML QA	2026-09-14T07:18:58.8814900Z       "scenario": "fullscreen",
validate-platform	Validate presentation-v2 HTML QA	2026-09-14T07:18:58.8815294Z       "slide": 4,
validate-platform	Validate presentation-v2 HTML QA	2026-09-14T07:18:58.8815721Z       "rootClass": "pv2-shell is-fullscreen",
validate-platform	Validate presentation-v2 HTML QA	2026-09-14T07:18:58.8816182Z       "canvas": {
validate-platform	Validate presentation-v2 HTML QA	2026-09-14T07:18:58.8816528Z         "width": 1152,
validate-platform	Validate presentation-v2 HTML QA	2026-09-14T07:18:58.8816901Z         "height": 648,
validate-platform	Validate presentation-v2 HTML QA	2026-09-14T07:18:58.8817243Z         "ratio": 1.778
validate-platform	Validate presentation-v2 HTML QA	2026-09-14T07:18:58.8817576Z       },
validate-platform	Validate presentation-v2 HTML QA	2026-09-14T07:18:58.8817878Z       "spills": [],
validate-platform	Validate presentation-v2 HTML QA	2026-09-14T07:18:58.8818207Z       "notes": {
validate-platform	Validate presentation-v2 HTML QA	2026-09-14T07:18:58.8818524Z         "display": "none",
validate-platform	Validate presentation-v2 HTML QA	2026-09-14T07:18:58.8818902Z         "rightSide": true,
validate-platform	Validate presentation-v2 HTML QA	2026-09-14T07:18:58.8819262Z         "width": 0,
validate-platform	Validate presentation-v2 HTML QA	2026-09-14T07:18:58.8819575Z         "height": 0
validate-platform	Validate presentation-v2 HTML QA	2026-09-14T07:18:58.8819881Z       },
validate-platform	Validate presentation-v2 HTML QA	2026-09-14T07:18:58.8820223Z       "horizontalOverflow": false,
validate-platform	Validate presentation-v2 HTML QA	2026-09-14T07:18:58.8821274Z       "screenshot": "D:\\a\\4veco-platform\\4veco-platform\\ci-artifacts\\presentation-v2-html-qa\\b1-113\\fullscreen-slide-4.png"
validate-platform	Validate presentation-v2 HTML QA	2026-09-14T07:18:58.8822707Z     },
validate-platform	Validate presentation-v2 HTML QA	2026-09-14T07:18:58.8823005Z     {
validate-platform	Validate presentation-v2 HTML QA	2026-09-14T07:18:58.8823343Z       "scenario": "fullscreen",
validate-platform	Validate presentation-v2 HTML QA	2026-09-14T07:18:58.8823736Z       "slide": 5,
validate-platform	Validate presentation-v2 HTML QA	2026-09-14T07:18:58.8824133Z       "rootClass": "pv2-shell is-fullscreen",
validate-platform	Validate presentation-v2 HTML QA	2026-09-14T07:18:58.8824616Z       "canvas": {
validate-platform	Validate presentation-v2 HTML QA	2026-09-14T07:18:58.8824935Z         "width": 1152,
validate-platform	Validate presentation-v2 HTML QA	2026-09-14T07:18:58.8825278Z         "height": 648,
validate-platform	Validate presentation-v2 HTML QA	2026-09-14T07:18:58.8825616Z         "ratio": 1.778
validate-platform	Validate presentation-v2 HTML QA	2026-09-14T07:18:58.8825922Z       },
validate-platform	Validate presentation-v2 HTML QA	2026-09-14T07:18:58.8826209Z       "spills": [],
validate-platform	Validate presentation-v2 HTML QA	2026-09-14T07:18:58.8826519Z       "notes": {
validate-platform	Validate presentation-v2 HTML QA	2026-09-14T07:18:58.8826837Z         "display": "none",
validate-platform	Validate presentation-v2 HTML QA	2026-09-14T07:18:58.8827205Z         "rightSide": true,
validate-platform	Validate presentation-v2 HTML QA	2026-09-14T07:18:58.8827561Z         "width": 0,
validate-platform	Validate presentation-v2 HTML QA	2026-09-14T07:18:58.8827881Z         "height": 0
validate-platform	Validate presentation-v2 HTML QA	2026-09-14T07:18:58.8828191Z       },
validate-platform	Validate presentation-v2 HTML QA	2026-09-14T07:18:58.8828540Z       "horizontalOverflow": false,
validate-platform	Validate presentation-v2 HTML QA	2026-09-14T07:18:58.8829576Z       "screenshot": "D:\\a\\4veco-platform\\4veco-platform\\ci-artifacts\\presentation-v2-html-qa\\b1-113\\fullscreen-slide-5.png"
validate-platform	Validate presentation-v2 HTML QA	2026-09-14T07:18:58.8830524Z     },
validate-platform	Validate presentation-v2 HTML QA	2026-09-14T07:18:58.8830807Z     {
validate-platform	Validate presentation-v2 HTML QA	2026-09-14T07:18:58.8831140Z       "scenario": "fullscreen",
validate-platform	Validate presentation-v2 HTML QA	2026-09-14T07:18:58.8831899Z       "slide": 6,
validate-platform	Validate presentation-v2 HTML QA	2026-09-14T07:18:58.8832395Z       "rootClass": "pv2-shell is-fullscreen",
validate-platform	Validate presentation-v2 HTML QA	2026-09-14T07:18:58.8834171Z       "canvas": {
validate-platform	Validate presentation-v2 HTML QA	2026-09-14T07:18:58.8834510Z         "width": 1152,
validate-platform	Validate presentation-v2 HTML QA	2026-09-14T07:18:58.8834876Z         "height": 648,
validate-platform	Validate presentation-v2 HTML QA	2026-09-14T07:18:58.8835198Z         "ratio": 1.778
validate-platform	Validate presentation-v2 HTML QA	2026-09-14T07:18:58.8835495Z       },
validate-platform	Validate presentation-v2 HTML QA	2026-09-14T07:18:58.8835763Z       "spills": [],
validate-platform	Validate presentation-v2 HTML QA	2026-09-14T07:18:58.8836094Z       "notes": {
validate-platform	Validate presentation-v2 HTML QA	2026-09-14T07:18:58.8836404Z         "display": "none",
validate-platform	Validate presentation-v2 HTML QA	2026-09-14T07:18:58.8836769Z         "rightSide": true,
validate-platform	Validate presentation-v2 HTML QA	2026-09-14T07:18:58.8837102Z         "width": 0,
validate-platform	Validate presentation-v2 HTML QA	2026-09-14T07:18:58.8837388Z         "height": 0
validate-platform	Validate presentation-v2 HTML QA	2026-09-14T07:18:58.8837668Z       },
validate-platform	Validate presentation-v2 HTML QA	2026-09-14T07:18:58.8838002Z       "horizontalOverflow": false,
validate-platform	Validate presentation-v2 HTML QA	2026-09-14T07:18:58.8838984Z       "screenshot": "D:\\a\\4veco-platform\\4veco-platform\\ci-artifacts\\presentation-v2-html-qa\\b1-113\\fullscreen-slide-6.png"
validate-platform	Validate presentation-v2 HTML QA	2026-09-14T07:18:58.8839800Z     },
validate-platform	Validate presentation-v2 HTML QA	2026-09-14T07:18:58.8840061Z     {
validate-platform	Validate presentation-v2 HTML QA	2026-09-14T07:18:58.8840357Z       "scenario": "fullscreen",
validate-platform	Validate presentation-v2 HTML QA	2026-09-14T07:18:58.8840713Z       "slide": 7,
validate-platform	Validate presentation-v2 HTML QA	2026-09-14T07:18:58.8841081Z       "rootClass": "pv2-shell is-fullscreen",
validate-platform	Validate presentation-v2 HTML QA	2026-09-14T07:18:58.8841506Z       "canvas": {
validate-platform	Validate presentation-v2 HTML QA	2026-09-14T07:18:58.8841789Z         "width": 1152,
validate-platform	Validate presentation-v2 HTML QA	2026-09-14T07:18:58.8842096Z         "height": 648,
validate-platform	Validate presentation-v2 HTML QA	2026-09-14T07:18:58.8860604Z         "ratio": 1.778
validate-platform	Validate presentation-v2 HTML QA	2026-09-14T07:18:58.8860992Z       },
validate-platform	Validate presentation-v2 HTML QA	2026-09-14T07:18:58.8861311Z       "spills": [],
validate-platform	Validate presentation-v2 HTML QA	2026-09-14T07:18:58.8861649Z       "notes": {
validate-platform	Validate presentation-v2 HTML QA	2026-09-14T07:18:58.8862009Z         "display": "none",
validate-platform	Validate presentation-v2 HTML QA	2026-09-14T07:18:58.8862400Z         "rightSide": true,
validate-platform	Validate presentation-v2 HTML QA	2026-09-14T07:18:58.8862787Z         "width": 0,
validate-platform	Validate presentation-v2 HTML QA	2026-09-14T07:18:58.8863137Z         "height": 0
validate-platform	Validate presentation-v2 HTML QA	2026-09-14T07:18:58.8863449Z       },
validate-platform	Validate presentation-v2 HTML QA	2026-09-14T07:18:58.8863821Z       "horizontalOverflow": false,
validate-platform	Validate presentation-v2 HTML QA	2026-09-14T07:18:58.8864862Z       "screenshot": "D:\\a\\4veco-platform\\4veco-platform\\ci-artifacts\\presentation-v2-html-qa\\b1-113\\fullscreen-slide-7.png"
validate-platform	Validate presentation-v2 HTML QA	2026-09-14T07:18:58.8866709Z     },
validate-platform	Validate presentation-v2 HTML QA	2026-09-14T07:18:58.8868078Z     {
validate-platform	Validate presentation-v2 HTML QA	2026-09-14T07:18:58.8868600Z       "scenario": "fullscreen",
validate-platform	Validate presentation-v2 HTML QA	2026-09-14T07:18:58.8869036Z       "slide": 8,
validate-platform	Validate presentation-v2 HTML QA	2026-09-14T07:18:58.8869455Z       "rootClass": "pv2-shell is-fullscreen",
validate-platform	Validate presentation-v2 HTML QA	2026-09-14T07:18:58.8869916Z       "canvas": {
validate-platform	Validate presentation-v2 HTML QA	2026-09-14T07:18:58.8870238Z         "width": 1152,
validate-platform	Validate presentation-v2 HTML QA	2026-09-14T07:18:58.8870565Z         "height": 648,
validate-platform	Validate presentation-v2 HTML QA	2026-09-14T07:18:58.8870892Z         "ratio": 1.778
validate-platform	Validate presentation-v2 HTML QA	2026-09-14T07:18:58.8871244Z       },
validate-platform	Validate presentation-v2 HTML QA	2026-09-14T07:18:58.8871531Z       "spills": [],
validate-platform	Validate presentation-v2 HTML QA	2026-09-14T07:18:58.8871856Z       "notes": {
validate-platform	Validate presentation-v2 HTML QA	2026-09-14T07:18:58.8872189Z         "display": "none",
validate-platform	Validate presentation-v2 HTML QA	2026-09-14T07:18:58.8872548Z         "rightSide": true,
validate-platform	Validate presentation-v2 HTML QA	2026-09-14T07:18:58.8873442Z         "width": 0,
validate-platform	Validate presentation-v2 HTML QA	2026-09-14T07:18:58.8874990Z         "height": 0
validate-platform	Validate presentation-v2 HTML QA	2026-09-14T07:18:58.8875960Z       },
validate-platform	Validate presentation-v2 HTML QA	2026-09-14T07:18:58.8876352Z       "horizontalOverflow": false,
validate-platform	Validate presentation-v2 HTML QA	2026-09-14T07:18:58.8877435Z       "screenshot": "D:\\a\\4veco-platform\\4veco-platform\\ci-artifacts\\presentation-v2-html-qa\\b1-113\\fullscreen-slide-8.png"
validate-platform	Validate presentation-v2 HTML QA	2026-09-14T07:18:58.8878405Z     },
validate-platform	Validate presentation-v2 HTML QA	2026-09-14T07:18:58.8879218Z     {
validate-platform	Validate presentation-v2 HTML QA	2026-09-14T07:18:58.8880640Z       "scenario": "dark",
validate-platform	Validate presentation-v2 HTML QA	2026-09-14T07:18:58.8881600Z       "slide": 1,
validate-platform	Validate presentation-v2 HTML QA	2026-09-14T07:18:58.8882533Z       "rootClass": "pv2-shell",
validate-platform	Validate presentation-v2 HTML QA	2026-09-14T07:18:58.8882952Z       "canvas": {
validate-platform	Validate presentation-v2 HTML QA	2026-09-14T07:18:58.8883274Z         "width": 896,
validate-platform	Validate presentation-v2 HTML QA	2026-09-14T07:18:58.8884035Z         "height": 504,
validate-platform	Validate presentation-v2 HTML QA	2026-09-14T07:18:58.8884399Z         "ratio": 1.778
validate-platform	Validate presentation-v2 HTML QA	2026-09-14T07:18:58.8884732Z       },
validate-platform	Validate presentation-v2 HTML QA	2026-09-14T07:18:58.8885323Z       "spills": [],
validate-platform	Validate presentation-v2 HTML QA	2026-09-14T07:18:58.8885644Z       "notes": {
validate-platform	Validate presentation-v2 HTML QA	2026-09-14T07:18:58.8885996Z         "display": "none",
validate-platform	Validate presentation-v2 HTML QA	2026-09-14T07:18:58.8886384Z         "rightSide": true,
validate-platform	Validate presentation-v2 HTML QA	2026-09-14T07:18:58.8886789Z         "width": 0,
validate-platform	Validate presentation-v2 HTML QA	2026-09-14T07:18:58.8887122Z         "height": 0
validate-platform	Validate presentation-v2 HTML QA	2026-09-14T07:18:58.8887432Z       },
validate-platform	Validate presentation-v2 HTML QA	2026-09-14T07:18:58.8887797Z       "horizontalOverflow": false,
validate-platform	Validate presentation-v2 HTML QA	2026-09-14T07:18:58.8888800Z       "screenshot": "D:\\a\\4veco-platform\\4veco-platform\\ci-artifacts\\presentation-v2-html-qa\\b1-113\\dark-slide-1.png"
validate-platform	Validate presentation-v2 HTML QA	2026-09-14T07:18:58.8890679Z     },
validate-platform	Validate presentation-v2 HTML QA	2026-09-14T07:18:58.8890989Z     {
validate-platform	Validate presentation-v2 HTML QA	2026-09-14T07:18:58.8891641Z       "scenario": "dark",
validate-platform	Validate presentation-v2 HTML QA	2026-09-14T07:18:58.8891991Z       "slide": 2,
validate-platform	Validate presentation-v2 HTML QA	2026-09-14T07:18:58.8892334Z       "rootClass": "pv2-shell",
validate-platform	Validate presentation-v2 HTML QA	2026-09-14T07:18:58.8892682Z       "canvas": {
validate-platform	Validate presentation-v2 HTML QA	2026-09-14T07:18:58.8892987Z         "width": 896,
validate-platform	Validate presentation-v2 HTML QA	2026-09-14T07:18:58.8893299Z         "height": 504,
validate-platform	Validate presentation-v2 HTML QA	2026-09-14T07:18:58.8893660Z         "ratio": 1.778
validate-platform	Validate presentation-v2 HTML QA	2026-09-14T07:18:58.8893992Z       },
validate-platform	Validate presentation-v2 HTML QA	2026-09-14T07:18:58.8894269Z       "spills": [],
validate-platform	Validate presentation-v2 HTML QA	2026-09-14T07:18:58.8894595Z       "notes": {
validate-platform	Validate presentation-v2 HTML QA	2026-09-14T07:18:58.8894900Z         "display": "none",
validate-platform	Validate presentation-v2 HTML QA	2026-09-14T07:18:58.8895297Z         "rightSide": true,
validate-platform	Validate presentation-v2 HTML QA	2026-09-14T07:18:58.8895856Z         "width": 0,
validate-platform	Validate presentation-v2 HTML QA	2026-09-14T07:18:58.8896217Z         "height": 0
validate-platform	Validate presentation-v2 HTML QA	2026-09-14T07:18:58.8896540Z       },
validate-platform	Validate presentation-v2 HTML QA	2026-09-14T07:18:58.8896896Z       "horizontalOverflow": false,
validate-platform	Validate presentation-v2 HTML QA	2026-09-14T07:18:58.8897897Z       "screenshot": "D:\\a\\4veco-platform\\4veco-platform\\ci-artifacts\\presentation-v2-html-qa\\b1-113\\dark-slide-2.png"
validate-platform	Validate presentation-v2 HTML QA	2026-09-14T07:18:58.8898814Z     },
validate-platform	Validate presentation-v2 HTML QA	2026-09-14T07:18:58.8899080Z     {
validate-platform	Validate presentation-v2 HTML QA	2026-09-14T07:18:58.8899361Z       "scenario": "dark",
validate-platform	Validate presentation-v2 HTML QA	2026-09-14T07:18:58.8899707Z       "slide": 3,
validate-platform	Validate presentation-v2 HTML QA	2026-09-14T07:18:58.8900069Z       "rootClass": "pv2-shell",
validate-platform	Validate presentation-v2 HTML QA	2026-09-14T07:18:58.8900458Z       "canvas": {
validate-platform	Validate presentation-v2 HTML QA	2026-09-14T07:18:58.8900746Z         "width": 896,
validate-platform	Validate presentation-v2 HTML QA	2026-09-14T07:18:58.8901061Z         "height": 504,
validate-platform	Validate presentation-v2 HTML QA	2026-09-14T07:18:58.8901406Z         "ratio": 1.778
validate-platform	Validate presentation-v2 HTML QA	2026-09-14T07:18:58.8902103Z       },
validate-platform	Validate presentation-v2 HTML QA	2026-09-14T07:18:58.8902477Z       "spills": [],
validate-platform	Validate presentation-v2 HTML QA	2026-09-14T07:18:58.8902861Z       "notes": {
validate-platform	Validate presentation-v2 HTML QA	2026-09-14T07:18:58.8903220Z         "display": "none",
validate-platform	Validate presentation-v2 HTML QA	2026-09-14T07:18:58.8903668Z         "rightSide": true,
validate-platform	Validate presentation-v2 HTML QA	2026-09-14T07:18:58.8904055Z         "width": 0,
validate-platform	Validate presentation-v2 HTML QA	2026-09-14T07:18:58.8904397Z         "height": 0
validate-platform	Validate presentation-v2 HTML QA	2026-09-14T07:18:58.8904733Z       },
validate-platform	Validate presentation-v2 HTML QA	2026-09-14T07:18:58.8905103Z       "horizontalOverflow": false,
validate-platform	Validate presentation-v2 HTML QA	2026-09-14T07:18:58.8906130Z       "screenshot": "D:\\a\\4veco-platform\\4veco-platform\\ci-artifacts\\presentation-v2-html-qa\\b1-113\\dark-slide-3.png"
validate-platform	Validate presentation-v2 HTML QA	2026-09-14T07:18:58.8907093Z     },
validate-platform	Validate presentation-v2 HTML QA	2026-09-14T07:18:58.8907391Z     {
validate-platform	Validate presentation-v2 HTML QA	2026-09-14T07:18:58.8907693Z       "scenario": "dark",
validate-platform	Validate presentation-v2 HTML QA	2026-09-14T07:18:58.8908723Z       "slide": 4,
validate-platform	Validate presentation-v2 HTML QA	2026-09-14T07:18:58.8909504Z       "rootClass": "pv2-shell",
validate-platform	Validate presentation-v2 HTML QA	2026-09-14T07:18:58.8909922Z       "canvas": {
validate-platform	Validate presentation-v2 HTML QA	2026-09-14T07:18:58.8910255Z         "width": 896,
validate-platform	Validate presentation-v2 HTML QA	2026-09-14T07:18:58.8911299Z         "height": 504,
validate-platform	Validate presentation-v2 HTML QA	2026-09-14T07:18:58.8914761Z         "ratio": 1.778
validate-platform	Validate presentation-v2 HTML QA	2026-09-14T07:18:58.8915132Z       },
validate-platform	Validate presentation-v2 HTML QA	2026-09-14T07:18:58.8915451Z       "spills": [],
validate-platform	Validate presentation-v2 HTML QA	2026-09-14T07:18:58.8915774Z       "notes": {
validate-platform	Validate presentation-v2 HTML QA	2026-09-14T07:18:58.8916499Z         "display": "none",
validate-platform	Validate presentation-v2 HTML QA	2026-09-14T07:18:58.8916880Z         "rightSide": true,
validate-platform	Validate presentation-v2 HTML QA	2026-09-14T07:18:58.8917242Z         "width": 0,
validate-platform	Validate presentation-v2 HTML QA	2026-09-14T07:18:58.8917538Z         "height": 0
validate-platform	Validate presentation-v2 HTML QA	2026-09-14T07:18:58.8917846Z       },
validate-platform	Validate presentation-v2 HTML QA	2026-09-14T07:18:58.8918206Z       "horizontalOverflow": false,
validate-platform	Validate presentation-v2 HTML QA	2026-09-14T07:18:58.8919183Z       "screenshot": "D:\\a\\4veco-platform\\4veco-platform\\ci-artifacts\\presentation-v2-html-qa\\b1-113\\dark-slide-4.png"
validate-platform	Validate presentation-v2 HTML QA	2026-09-14T07:18:58.8920122Z     },
validate-platform	Validate presentation-v2 HTML QA	2026-09-14T07:18:58.8920682Z     {
validate-platform	Validate presentation-v2 HTML QA	2026-09-14T07:18:58.8921049Z       "scenario": "dark",
validate-platform	Validate presentation-v2 HTML QA	2026-09-14T07:18:58.8921400Z       "slide": 5,
validate-platform	Validate presentation-v2 HTML QA	2026-09-14T07:18:58.8921785Z       "rootClass": "pv2-shell",
validate-platform	Validate presentation-v2 HTML QA	2026-09-14T07:18:58.8922163Z       "canvas": {
validate-platform	Validate presentation-v2 HTML QA	2026-09-14T07:18:58.8922468Z         "width": 896,
validate-platform	Validate presentation-v2 HTML QA	2026-09-14T07:18:58.8922790Z         "height": 504,
validate-platform	Validate presentation-v2 HTML QA	2026-09-14T07:18:58.8923136Z         "ratio": 1.778
validate-platform	Validate presentation-v2 HTML QA	2026-09-14T07:18:58.8923446Z       },
validate-platform	Validate presentation-v2 HTML QA	2026-09-14T07:18:58.8923743Z       "spills": [],
validate-platform	Validate presentation-v2 HTML QA	2026-09-14T07:18:58.8924084Z       "notes": {
validate-platform	Validate presentation-v2 HTML QA	2026-09-14T07:18:58.8924717Z         "display": "none",
validate-platform	Validate presentation-v2 HTML QA	2026-09-14T07:18:58.8925305Z         "rightSide": true,
validate-platform	Validate presentation-v2 HTML QA	2026-09-14T07:18:58.8925712Z         "width": 0,
validate-platform	Validate presentation-v2 HTML QA	2026-09-14T07:18:58.8926064Z         "height": 0
validate-platform	Validate presentation-v2 HTML QA	2026-09-14T07:18:58.8926395Z       },
validate-platform	Validate presentation-v2 HTML QA	2026-09-14T07:18:58.8926783Z       "horizontalOverflow": false,
validate-platform	Validate presentation-v2 HTML QA	2026-09-14T07:18:58.8927794Z       "screenshot": "D:\\a\\4veco-platform\\4veco-platform\\ci-artifacts\\presentation-v2-html-qa\\b1-113\\dark-slide-5.png"
validate-platform	Validate presentation-v2 HTML QA	2026-09-14T07:18:58.8929020Z     },
validate-platform	Validate presentation-v2 HTML QA	2026-09-14T07:18:58.8929298Z     {
validate-platform	Validate presentation-v2 HTML QA	2026-09-14T07:18:58.8929602Z       "scenario": "dark",
validate-platform	Validate presentation-v2 HTML QA	2026-09-14T07:18:58.8929935Z       "slide": 6,
validate-platform	Validate presentation-v2 HTML QA	2026-09-14T07:18:58.8930276Z       "rootClass": "pv2-shell",
validate-platform	Validate presentation-v2 HTML QA	2026-09-14T07:18:58.8930644Z       "canvas": {
validate-platform	Validate presentation-v2 HTML QA	2026-09-14T07:18:58.8930975Z         "width": 896,
validate-platform	Validate presentation-v2 HTML QA	2026-09-14T07:18:58.8931294Z         "height": 504,
validate-platform	Validate presentation-v2 HTML QA	2026-09-14T07:18:58.8931651Z         "ratio": 1.778
validate-platform	Validate presentation-v2 HTML QA	2026-09-14T07:18:58.8931985Z       },
validate-platform	Validate presentation-v2 HTML QA	2026-09-14T07:18:58.8932259Z       "spills": [],
validate-platform	Validate presentation-v2 HTML QA	2026-09-14T07:18:58.8932600Z       "notes": {
validate-platform	Validate presentation-v2 HTML QA	2026-09-14T07:18:58.8932896Z         "display": "none",
validate-platform	Validate presentation-v2 HTML QA	2026-09-14T07:18:58.8933243Z         "rightSide": true,
validate-platform	Validate presentation-v2 HTML QA	2026-09-14T07:18:58.8933909Z         "width": 0,
validate-platform	Validate presentation-v2 HTML QA	2026-09-14T07:18:58.8934248Z         "height": 0
validate-platform	Validate presentation-v2 HTML QA	2026-09-14T07:18:58.8934556Z       },
validate-platform	Validate presentation-v2 HTML QA	2026-09-14T07:18:58.8934883Z       "horizontalOverflow": false,
validate-platform	Validate presentation-v2 HTML QA	2026-09-14T07:18:58.8935855Z       "screenshot": "D:\\a\\4veco-platform\\4veco-platform\\ci-artifacts\\presentation-v2-html-qa\\b1-113\\dark-slide-6.png"
validate-platform	Validate presentation-v2 HTML QA	2026-09-14T07:18:58.8936725Z     },
validate-platform	Validate presentation-v2 HTML QA	2026-09-14T07:18:58.8937016Z     {
validate-platform	Validate presentation-v2 HTML QA	2026-09-14T07:18:58.8937317Z       "scenario": "dark",
validate-platform	Validate presentation-v2 HTML QA	2026-09-14T07:18:58.8937657Z       "slide": 7,
validate-platform	Validate presentation-v2 HTML QA	2026-09-14T07:18:58.8938024Z       "rootClass": "pv2-shell",
validate-platform	Validate presentation-v2 HTML QA	2026-09-14T07:18:58.8938406Z       "canvas": {
validate-platform	Validate presentation-v2 HTML QA	2026-09-14T07:18:58.8938703Z         "width": 896,
validate-platform	Validate presentation-v2 HTML QA	2026-09-14T07:18:58.8939005Z         "height": 504,
validate-platform	Validate presentation-v2 HTML QA	2026-09-14T07:18:58.8939338Z         "ratio": 1.778
validate-platform	Validate presentation-v2 HTML QA	2026-09-14T07:18:58.8939653Z       },
validate-platform	Validate presentation-v2 HTML QA	2026-09-14T07:18:58.8940264Z       "spills": [],
validate-platform	Validate presentation-v2 HTML QA	2026-09-14T07:18:58.8940737Z       "notes": {
validate-platform	Validate presentation-v2 HTML QA	2026-09-14T07:18:58.8941094Z         "display": "none",
validate-platform	Validate presentation-v2 HTML QA	2026-09-14T07:18:58.8941497Z         "rightSide": true,
validate-platform	Validate presentation-v2 HTML QA	2026-09-14T07:18:58.8941865Z         "width": 0,
validate-platform	Validate presentation-v2 HTML QA	2026-09-14T07:18:58.8942167Z         "height": 0
validate-platform	Validate presentation-v2 HTML QA	2026-09-14T07:18:58.8942444Z       },
validate-platform	Validate presentation-v2 HTML QA	2026-09-14T07:18:58.8942750Z       "horizontalOverflow": false,
validate-platform	Validate presentation-v2 HTML QA	2026-09-14T07:18:58.8943700Z       "screenshot": "D:\\a\\4veco-platform\\4veco-platform\\ci-artifacts\\presentation-v2-html-qa\\b1-113\\dark-slide-7.png"
validate-platform	Validate presentation-v2 HTML QA	2026-09-14T07:18:58.8944574Z     },
validate-platform	Validate presentation-v2 HTML QA	2026-09-14T07:18:58.8944853Z     {
validate-platform	Validate presentation-v2 HTML QA	2026-09-14T07:18:58.8945147Z       "scenario": "dark",
validate-platform	Validate presentation-v2 HTML QA	2026-09-14T07:18:58.8945491Z       "slide": 8,
validate-platform	Validate presentation-v2 HTML QA	2026-09-14T07:18:58.8945863Z       "rootClass": "pv2-shell",
validate-platform	Validate presentation-v2 HTML QA	2026-09-14T07:18:58.8946322Z       "canvas": {
validate-platform	Validate presentation-v2 HTML QA	2026-09-14T07:18:58.8946673Z         "width": 896,
validate-platform	Validate presentation-v2 HTML QA	2026-09-14T07:18:58.8947329Z         "height": 504,
validate-platform	Validate presentation-v2 HTML QA	2026-09-14T07:18:58.8947711Z         "ratio": 1.778
validate-platform	Validate presentation-v2 HTML QA	2026-09-14T07:18:58.8949168Z       },
validate-platform	Validate presentation-v2 HTML QA	2026-09-14T07:18:58.8949514Z       "spills": [],
validate-platform	Validate presentation-v2 HTML QA	2026-09-14T07:18:58.8950326Z       "notes": {
validate-platform	Validate presentation-v2 HTML QA	2026-09-14T07:18:58.8950692Z         "display": "none",
validate-platform	Validate presentation-v2 HTML QA	2026-09-14T07:18:58.8951083Z         "rightSide": true,
validate-platform	Validate presentation-v2 HTML QA	2026-09-14T07:18:58.8952090Z         "width": 0,
validate-platform	Validate presentation-v2 HTML QA	2026-09-14T07:18:58.8952403Z         "height": 0
validate-platform	Validate presentation-v2 HTML QA	2026-09-14T07:18:58.8952691Z       },
validate-platform	Validate presentation-v2 HTML QA	2026-09-14T07:18:58.8953041Z       "horizontalOverflow": false,
validate-platform	Validate presentation-v2 HTML QA	2026-09-14T07:18:58.8957325Z       "screenshot": "D:\\a\\4veco-platform\\4veco-platform\\ci-artifacts\\presentation-v2-html-qa\\b1-113\\dark-slide-8.png"
validate-platform	Validate presentation-v2 HTML QA	2026-09-14T07:18:58.8958273Z     },
validate-platform	Validate presentation-v2 HTML QA	2026-09-14T07:18:58.8958556Z     {
validate-platform	Validate presentation-v2 HTML QA	2026-09-14T07:18:58.8958871Z       "scenario": "dark-notes",
validate-platform	Validate presentation-v2 HTML QA	2026-09-14T07:18:58.8959228Z       "slide": 1,
validate-platform	Validate presentation-v2 HTML QA	2026-09-14T07:18:58.8960672Z       "rootClass": "pv2-shell pv2-speaker-notes-open",
validate-platform	Validate presentation-v2 HTML QA	2026-09-14T07:18:58.8963006Z       "canvas": {
validate-platform	Validate presentation-v2 HTML QA	2026-09-14T07:18:58.8963384Z         "width": 862,
validate-platform	Validate presentation-v2 HTML QA	2026-09-14T07:18:58.8963733Z         "height": 485,
validate-platform	Validate presentation-v2 HTML QA	2026-09-14T07:18:58.8964145Z         "ratio": 1.778
validate-platform	Validate presentation-v2 HTML QA	2026-09-14T07:18:58.8964456Z       },
validate-platform	Validate presentation-v2 HTML QA	2026-09-14T07:18:58.8964754Z       "spills": [],
validate-platform	Validate presentation-v2 HTML QA	2026-09-14T07:18:58.8965064Z       "notes": {
validate-platform	Validate presentation-v2 HTML QA	2026-09-14T07:18:58.8965396Z         "display": "block",
validate-platform	Validate presentation-v2 HTML QA	2026-09-14T07:18:58.8965782Z         "rightSide": true,
validate-platform	Validate presentation-v2 HTML QA	2026-09-14T07:18:58.8966162Z         "width": 330,
validate-platform	Validate presentation-v2 HTML QA	2026-09-14T07:18:58.8966502Z         "height": 485
validate-platform	Validate presentation-v2 HTML QA	2026-09-14T07:18:58.8967215Z       },
validate-platform	Validate presentation-v2 HTML QA	2026-09-14T07:18:58.8967558Z       "horizontalOverflow": false,
validate-platform	Validate presentation-v2 HTML QA	2026-09-14T07:18:58.8968555Z       "screenshot": "D:\\a\\4veco-platform\\4veco-platform\\ci-artifacts\\presentation-v2-html-qa\\b1-113\\dark-notes-slide-1.png"
validate-platform	Validate presentation-v2 HTML QA	2026-09-14T07:18:58.8969439Z     },
validate-platform	Validate presentation-v2 HTML QA	2026-09-14T07:18:58.8969686Z     {
validate-platform	Validate presentation-v2 HTML QA	2026-09-14T07:18:58.8970027Z       "scenario": "dark-notes",
validate-platform	Validate presentation-v2 HTML QA	2026-09-14T07:18:58.8970702Z       "slide": 2,
validate-platform	Validate presentation-v2 HTML QA	2026-09-14T07:18:58.8971172Z       "rootClass": "pv2-shell pv2-speaker-notes-open",
validate-platform	Validate presentation-v2 HTML QA	2026-09-14T07:18:58.8971669Z       "canvas": {
validate-platform	Validate presentation-v2 HTML QA	2026-09-14T07:18:58.8971999Z         "width": 862,
validate-platform	Validate presentation-v2 HTML QA	2026-09-14T07:18:58.8972377Z         "height": 485,
validate-platform	Validate presentation-v2 HTML QA	2026-09-14T07:18:58.8972701Z         "ratio": 1.778
validate-platform	Validate presentation-v2 HTML QA	2026-09-14T07:18:58.8973025Z       },
validate-platform	Validate presentation-v2 HTML QA	2026-09-14T07:18:58.8973294Z       "spills": [],
validate-platform	Validate presentation-v2 HTML QA	2026-09-14T07:18:58.8973570Z       "notes": {
validate-platform	Validate presentation-v2 HTML QA	2026-09-14T07:18:58.8973845Z         "display": "block",
validate-platform	Validate presentation-v2 HTML QA	2026-09-14T07:18:58.8974214Z         "rightSide": true,
validate-platform	Validate presentation-v2 HTML QA	2026-09-14T07:18:58.8974561Z         "width": 330,
validate-platform	Validate presentation-v2 HTML QA	2026-09-14T07:18:58.8974890Z         "height": 485
validate-platform	Validate presentation-v2 HTML QA	2026-09-14T07:18:58.8975224Z       },
validate-platform	Validate presentation-v2 HTML QA	2026-09-14T07:18:58.8975847Z       "horizontalOverflow": false,
validate-platform	Validate presentation-v2 HTML QA	2026-09-14T07:18:58.8977058Z       "screenshot": "D:\\a\\4veco-platform\\4veco-platform\\ci-artifacts\\presentation-v2-html-qa\\b1-113\\dark-notes-slide-2.png"
validate-platform	Validate presentation-v2 HTML QA	2026-09-14T07:18:58.8978237Z     },
validate-platform	Validate presentation-v2 HTML QA	2026-09-14T07:18:58.8978757Z     {
validate-platform	Validate presentation-v2 HTML QA	2026-09-14T07:18:58.8979834Z       "scenario": "dark-notes",
validate-platform	Validate presentation-v2 HTML QA	2026-09-14T07:18:58.8980286Z       "slide": 3,
validate-platform	Validate presentation-v2 HTML QA	2026-09-14T07:18:58.8980745Z       "rootClass": "pv2-shell pv2-speaker-notes-open",
validate-platform	Validate presentation-v2 HTML QA	2026-09-14T07:18:58.8981276Z       "canvas": {
validate-platform	Validate presentation-v2 HTML QA	2026-09-14T07:18:58.8981602Z         "width": 862,
validate-platform	Validate presentation-v2 HTML QA	2026-09-14T07:18:58.8981909Z         "height": 485,
validate-platform	Validate presentation-v2 HTML QA	2026-09-14T07:18:58.8982247Z         "ratio": 1.778
validate-platform	Validate presentation-v2 HTML QA	2026-09-14T07:18:58.8982595Z       },
validate-platform	Validate presentation-v2 HTML QA	2026-09-14T07:18:58.8983802Z       "spills": [],
validate-platform	Validate presentation-v2 HTML QA	2026-09-14T07:18:58.8984128Z       "notes": {
validate-platform	Validate presentation-v2 HTML QA	2026-09-14T07:18:58.8984416Z         "display": "block",
validate-platform	Validate presentation-v2 HTML QA	2026-09-14T07:18:58.8985138Z         "rightSide": true,
validate-platform	Validate presentation-v2 HTML QA	2026-09-14T07:18:58.8985462Z         "width": 330,
validate-platform	Validate presentation-v2 HTML QA	2026-09-14T07:18:58.8985754Z         "height": 485
validate-platform	Validate presentation-v2 HTML QA	2026-09-14T07:18:58.8986057Z       },
validate-platform	Validate presentation-v2 HTML QA	2026-09-14T07:18:58.8986386Z       "horizontalOverflow": false,
validate-platform	Validate presentation-v2 HTML QA	2026-09-14T07:18:58.8987420Z       "screenshot": "D:\\a\\4veco-platform\\4veco-platform\\ci-artifacts\\presentation-v2-html-qa\\b1-113\\dark-notes-slide-3.png"
validate-platform	Validate presentation-v2 HTML QA	2026-09-14T07:18:58.8988352Z     },
validate-platform	Validate presentation-v2 HTML QA	2026-09-14T07:18:58.8988620Z     {
validate-platform	Validate presentation-v2 HTML QA	2026-09-14T07:18:58.8988954Z       "scenario": "dark-notes",
validate-platform	Validate presentation-v2 HTML QA	2026-09-14T07:18:58.8989311Z       "slide": 4,
validate-platform	Validate presentation-v2 HTML QA	2026-09-14T07:18:58.8989987Z       "rootClass": "pv2-shell pv2-speaker-notes-open",
validate-platform	Validate presentation-v2 HTML QA	2026-09-14T07:18:58.8990742Z       "canvas": {
validate-platform	Validate presentation-v2 HTML QA	2026-09-14T07:18:58.8991039Z         "width": 862,
validate-platform	Validate presentation-v2 HTML QA	2026-09-14T07:18:58.8991349Z         "height": 485,
validate-platform	Validate presentation-v2 HTML QA	2026-09-14T07:18:58.8991665Z         "ratio": 1.778
validate-platform	Validate presentation-v2 HTML QA	2026-09-14T07:18:58.8991987Z       },
validate-platform	Validate presentation-v2 HTML QA	2026-09-14T07:18:58.8992239Z       "spills": [],
validate-platform	Validate presentation-v2 HTML QA	2026-09-14T07:18:58.8992528Z       "notes": {
validate-platform	Validate presentation-v2 HTML QA	2026-09-14T07:18:58.8992843Z         "display": "block",
validate-platform	Validate presentation-v2 HTML QA	2026-09-14T07:18:58.8993198Z         "rightSide": true,
validate-platform	Validate presentation-v2 HTML QA	2026-09-14T07:18:58.8993557Z         "width": 330,
validate-platform	Validate presentation-v2 HTML QA	2026-09-14T07:18:58.8993893Z         "height": 485
validate-platform	Validate presentation-v2 HTML QA	2026-09-14T07:18:58.8994197Z       },
validate-platform	Validate presentation-v2 HTML QA	2026-09-14T07:18:58.8994550Z       "horizontalOverflow": false,
validate-platform	Validate presentation-v2 HTML QA	2026-09-14T07:18:58.8995546Z       "screenshot": "D:\\a\\4veco-platform\\4veco-platform\\ci-artifacts\\presentation-v2-html-qa\\b1-113\\dark-notes-slide-4.png"
validate-platform	Validate presentation-v2 HTML QA	2026-09-14T07:18:58.8996482Z     },
validate-platform	Validate presentation-v2 HTML QA	2026-09-14T07:18:58.8996757Z     {
validate-platform	Validate presentation-v2 HTML QA	2026-09-14T07:18:58.8997084Z       "scenario": "dark-notes",
validate-platform	Validate presentation-v2 HTML QA	2026-09-14T07:18:58.8997495Z       "slide": 5,
validate-platform	Validate presentation-v2 HTML QA	2026-09-14T07:18:58.8997950Z       "rootClass": "pv2-shell pv2-speaker-notes-open",
validate-platform	Validate presentation-v2 HTML QA	2026-09-14T07:18:58.8998442Z       "canvas": {
validate-platform	Validate presentation-v2 HTML QA	2026-09-14T07:18:58.8998777Z         "width": 862,
validate-platform	Validate presentation-v2 HTML QA	2026-09-14T07:18:58.8999122Z         "height": 485,
validate-platform	Validate presentation-v2 HTML QA	2026-09-14T07:18:58.8999469Z         "ratio": 1.778
validate-platform	Validate presentation-v2 HTML QA	2026-09-14T07:18:58.8999808Z       },
validate-platform	Validate presentation-v2 HTML QA	2026-09-14T07:18:58.9000083Z       "spills": [],
validate-platform	Validate presentation-v2 HTML QA	2026-09-14T07:18:58.9000690Z       "notes": {
validate-platform	Validate presentation-v2 HTML QA	2026-09-14T07:18:58.9001006Z         "display": "block",
validate-platform	Validate presentation-v2 HTML QA	2026-09-14T07:18:58.9001394Z         "rightSide": true,
validate-platform	Validate presentation-v2 HTML QA	2026-09-14T07:18:58.9001762Z         "width": 330,
validate-platform	Validate presentation-v2 HTML QA	2026-09-14T07:18:58.9002073Z         "height": 485
validate-platform	Validate presentation-v2 HTML QA	2026-09-14T07:18:58.9002388Z       },
validate-platform	Validate presentation-v2 HTML QA	2026-09-14T07:18:58.9002716Z       "horizontalOverflow": false,
validate-platform	Validate presentation-v2 HTML QA	2026-09-14T07:18:58.9003724Z       "screenshot": "D:\\a\\4veco-platform\\4veco-platform\\ci-artifacts\\presentation-v2-html-qa\\b1-113\\dark-notes-slide-5.png"
validate-platform	Validate presentation-v2 HTML QA	2026-09-14T07:18:58.9004602Z     },
validate-platform	Validate presentation-v2 HTML QA	2026-09-14T07:18:58.9004845Z     {
validate-platform	Validate presentation-v2 HTML QA	2026-09-14T07:18:58.9005154Z       "scenario": "dark-notes",
validate-platform	Validate presentation-v2 HTML QA	2026-09-14T07:18:58.9005489Z       "slide": 6,
validate-platform	Validate presentation-v2 HTML QA	2026-09-14T07:18:58.9005923Z       "rootClass": "pv2-shell pv2-speaker-notes-open",
validate-platform	Validate presentation-v2 HTML QA	2026-09-14T07:18:58.9006372Z       "canvas": {
validate-platform	Validate presentation-v2 HTML QA	2026-09-14T07:18:58.9006661Z         "width": 862,
validate-platform	Validate presentation-v2 HTML QA	2026-09-14T07:18:58.9006977Z         "height": 485,
validate-platform	Validate presentation-v2 HTML QA	2026-09-14T07:18:58.9007299Z         "ratio": 1.778
validate-platform	Validate presentation-v2 HTML QA	2026-09-14T07:18:58.9007613Z       },
validate-platform	Validate presentation-v2 HTML QA	2026-09-14T07:18:58.9007892Z       "spills": [],
validate-platform	Validate presentation-v2 HTML QA	2026-09-14T07:18:58.9008196Z       "notes": {
validate-platform	Validate presentation-v2 HTML QA	2026-09-14T07:18:58.9008509Z         "display": "block",
validate-platform	Validate presentation-v2 HTML QA	2026-09-14T07:18:58.9008864Z         "rightSide": true,
validate-platform	Validate presentation-v2 HTML QA	2026-09-14T07:18:58.9009207Z         "width": 330,
validate-platform	Validate presentation-v2 HTML QA	2026-09-14T07:18:58.9009535Z         "height": 485
validate-platform	Validate presentation-v2 HTML QA	2026-09-14T07:18:58.9010157Z       },
validate-platform	Validate presentation-v2 HTML QA	2026-09-14T07:18:58.9010515Z       "horizontalOverflow": false,
validate-platform	Validate presentation-v2 HTML QA	2026-09-14T07:18:58.9011551Z       "screenshot": "D:\\a\\4veco-platform\\4veco-platform\\ci-artifacts\\presentation-v2-html-qa\\b1-113\\dark-notes-slide-6.png"
validate-platform	Validate presentation-v2 HTML QA	2026-09-14T07:18:58.9012507Z     },
validate-platform	Validate presentation-v2 HTML QA	2026-09-14T07:18:58.9012785Z     {
validate-platform	Validate presentation-v2 HTML QA	2026-09-14T07:18:58.9013106Z       "scenario": "dark-notes",
validate-platform	Validate presentation-v2 HTML QA	2026-09-14T07:18:58.9013476Z       "slide": 7,
validate-platform	Validate presentation-v2 HTML QA	2026-09-14T07:18:58.9013901Z       "rootClass": "pv2-shell pv2-speaker-notes-open",
validate-platform	Validate presentation-v2 HTML QA	2026-09-14T07:18:58.9014671Z       "canvas": {
validate-platform	Validate presentation-v2 HTML QA	2026-09-14T07:18:58.9015268Z         "width": 862,
validate-platform	Validate presentation-v2 HTML QA	2026-09-14T07:18:58.9015637Z         "height": 485,
validate-platform	Validate presentation-v2 HTML QA	2026-09-14T07:18:58.9016073Z         "ratio": 1.778
validate-platform	Validate presentation-v2 HTML QA	2026-09-14T07:18:58.9016415Z       },
validate-platform	Validate presentation-v2 HTML QA	2026-09-14T07:18:58.9016712Z       "spills": [],
validate-platform	Validate presentation-v2 HTML QA	2026-09-14T07:18:58.9017047Z       "notes": {
validate-platform	Validate presentation-v2 HTML QA	2026-09-14T07:18:58.9017375Z         "display": "block",
validate-platform	Validate presentation-v2 HTML QA	2026-09-14T07:18:58.9017761Z         "rightSide": true,
validate-platform	Validate presentation-v2 HTML QA	2026-09-14T07:18:58.9018150Z         "width": 330,
validate-platform	Validate presentation-v2 HTML QA	2026-09-14T07:18:58.9018520Z         "height": 485
validate-platform	Validate presentation-v2 HTML QA	2026-09-14T07:18:58.9018843Z       },
validate-platform	Validate presentation-v2 HTML QA	2026-09-14T07:18:58.9019217Z       "horizontalOverflow": false,
validate-platform	Validate presentation-v2 HTML QA	2026-09-14T07:18:58.9020282Z       "screenshot": "D:\\a\\4veco-platform\\4veco-platform\\ci-artifacts\\presentation-v2-html-qa\\b1-113\\dark-notes-slide-7.png"
validate-platform	Validate presentation-v2 HTML QA	2026-09-14T07:18:58.9021673Z     },
validate-platform	Validate presentation-v2 HTML QA	2026-09-14T07:18:58.9021951Z     {
validate-platform	Validate presentation-v2 HTML QA	2026-09-14T07:18:58.9022276Z       "scenario": "dark-notes",
validate-platform	Validate presentation-v2 HTML QA	2026-09-14T07:18:58.9022667Z       "slide": 8,
validate-platform	Validate presentation-v2 HTML QA	2026-09-14T07:18:58.9023120Z       "rootClass": "pv2-shell pv2-speaker-notes-open",
validate-platform	Validate presentation-v2 HTML QA	2026-09-14T07:18:58.9023653Z       "canvas": {
validate-platform	Validate presentation-v2 HTML QA	2026-09-14T07:18:58.9024001Z         "width": 862,
validate-platform	Validate presentation-v2 HTML QA	2026-09-14T07:18:58.9024354Z         "height": 485,
validate-platform	Validate presentation-v2 HTML QA	2026-09-14T07:18:58.9024692Z         "ratio": 1.778
validate-platform	Validate presentation-v2 HTML QA	2026-09-14T07:18:58.9025020Z       },
validate-platform	Validate presentation-v2 HTML QA	2026-09-14T07:18:58.9025301Z       "spills": [],
validate-platform	Validate presentation-v2 HTML QA	2026-09-14T07:18:58.9025618Z       "notes": {
validate-platform	Validate presentation-v2 HTML QA	2026-09-14T07:18:58.9025959Z         "display": "block",
validate-platform	Validate presentation-v2 HTML QA	2026-09-14T07:18:58.9026349Z         "rightSide": true,
validate-platform	Validate presentation-v2 HTML QA	2026-09-14T07:18:58.9026720Z         "width": 330,
validate-platform	Validate presentation-v2 HTML QA	2026-09-14T07:18:58.9027071Z         "height": 485
validate-platform	Validate presentation-v2 HTML QA	2026-09-14T07:18:58.9027404Z       },
validate-platform	Validate presentation-v2 HTML QA	2026-09-14T07:18:58.9027752Z       "horizontalOverflow": false,
validate-platform	Validate presentation-v2 HTML QA	2026-09-14T07:18:58.9028819Z       "screenshot": "D:\\a\\4veco-platform\\4veco-platform\\ci-artifacts\\presentation-v2-html-qa\\b1-113\\dark-notes-slide-8.png"
validate-platform	Validate presentation-v2 HTML QA	2026-09-14T07:18:58.9029808Z     },
validate-platform	Validate presentation-v2 HTML QA	2026-09-14T07:18:58.9030100Z     {
validate-platform	Validate presentation-v2 HTML QA	2026-09-14T07:18:58.9030410Z       "scenario": "mobile",
validate-platform	Validate presentation-v2 HTML QA	2026-09-14T07:18:58.9030787Z       "slide": 1,
validate-platform	Validate presentation-v2 HTML QA	2026-09-14T07:18:58.9031573Z       "rootClass": "pv2-shell",
validate-platform	Validate presentation-v2 HTML QA	2026-09-14T07:18:58.9032416Z       "canvas": {
validate-platform	Validate presentation-v2 HTML QA	2026-09-14T07:18:58.9032758Z         "width": 370,
validate-platform	Validate presentation-v2 HTML QA	2026-09-14T07:18:58.9033096Z         "height": 663,
validate-platform	Validate presentation-v2 HTML QA	2026-09-14T07:18:58.9033439Z         "ratio": 0.558
validate-platform	Validate presentation-v2 HTML QA	2026-09-14T07:18:58.9033761Z       },
validate-platform	Validate presentation-v2 HTML QA	2026-09-14T07:18:58.9034054Z       "spills": [],
validate-platform	Validate presentation-v2 HTML QA	2026-09-14T07:18:58.9034382Z       "notes": {
validate-platform	Validate presentation-v2 HTML QA	2026-09-14T07:18:58.9034703Z         "display": "none",
validate-platform	Validate presentation-v2 HTML QA	2026-09-14T07:18:58.9035078Z         "rightSide": true,
validate-platform	Validate presentation-v2 HTML QA	2026-09-14T07:18:58.9035429Z         "width": 0,
validate-platform	Validate presentation-v2 HTML QA	2026-09-14T07:18:58.9035755Z         "height": 0
validate-platform	Validate presentation-v2 HTML QA	2026-09-14T07:18:58.9036064Z       },
validate-platform	Validate presentation-v2 HTML QA	2026-09-14T07:18:58.9036425Z       "horizontalOverflow": false,
validate-platform	Validate presentation-v2 HTML QA	2026-09-14T07:18:58.9037483Z       "screenshot": "D:\\a\\4veco-platform\\4veco-platform\\ci-artifacts\\presentation-v2-html-qa\\b1-113\\mobile-slide-1.png"
validate-platform	Validate presentation-v2 HTML QA	2026-09-14T07:18:58.9038412Z     },
validate-platform	Validate presentation-v2 HTML QA	2026-09-14T07:18:58.9038696Z     {
validate-platform	Validate presentation-v2 HTML QA	2026-09-14T07:18:58.9038988Z       "scenario": "mobile",
validate-platform	Validate presentation-v2 HTML QA	2026-09-14T07:18:58.9039367Z       "slide": 2,
validate-platform	Validate presentation-v2 HTML QA	2026-09-14T07:18:58.9039732Z       "rootClass": "pv2-shell",
validate-platform	Validate presentation-v2 HTML QA	2026-09-14T07:18:58.9040139Z       "canvas": {
validate-platform	Validate presentation-v2 HTML QA	2026-09-14T07:18:58.9040456Z         "width": 370,
validate-platform	Validate presentation-v2 HTML QA	2026-09-14T07:18:58.9040787Z         "height": 562,
validate-platform	Validate presentation-v2 HTML QA	2026-09-14T07:18:58.9041124Z         "ratio": 0.659
validate-platform	Validate presentation-v2 HTML QA	2026-09-14T07:18:58.9041447Z       },
validate-platform	Validate presentation-v2 HTML QA	2026-09-14T07:18:58.9041734Z       "spills": [],
validate-platform	Validate presentation-v2 HTML QA	2026-09-14T07:18:58.9042047Z       "notes": {
validate-platform	Validate presentation-v2 HTML QA	2026-09-14T07:18:58.9042381Z         "display": "none",
validate-platform	Validate presentation-v2 HTML QA	2026-09-14T07:18:58.9042745Z         "rightSide": true,
validate-platform	Validate presentation-v2 HTML QA	2026-09-14T07:18:58.9043098Z         "width": 0,
validate-platform	Validate presentation-v2 HTML QA	2026-09-14T07:18:58.9043405Z         "height": 0
validate-platform	Validate presentation-v2 HTML QA	2026-09-14T07:18:58.9043700Z       },
validate-platform	Validate presentation-v2 HTML QA	2026-09-14T07:18:58.9044046Z       "horizontalOverflow": false,
validate-platform	Validate presentation-v2 HTML QA	2026-09-14T07:18:58.9045079Z       "screenshot": "D:\\a\\4veco-platform\\4veco-platform\\ci-artifacts\\presentation-v2-html-qa\\b1-113\\mobile-slide-2.png"
validate-platform	Validate presentation-v2 HTML QA	2026-09-14T07:18:58.9046020Z     },
validate-platform	Validate presentation-v2 HTML QA	2026-09-14T07:18:58.9046303Z     {
validate-platform	Validate presentation-v2 HTML QA	2026-09-14T07:18:58.9046602Z       "scenario": "mobile",
validate-platform	Validate presentation-v2 HTML QA	2026-09-14T07:18:58.9046963Z       "slide": 3,
validate-platform	Validate presentation-v2 HTML QA	2026-09-14T07:18:58.9047368Z       "rootClass": "pv2-shell",
validate-platform	Validate presentation-v2 HTML QA	2026-09-14T07:18:58.9047769Z       "canvas": {
validate-platform	Validate presentation-v2 HTML QA	2026-09-14T07:18:58.9048099Z         "width": 370,
validate-platform	Validate presentation-v2 HTML QA	2026-09-14T07:18:58.9048446Z         "height": 831,
validate-platform	Validate presentation-v2 HTML QA	2026-09-14T07:18:58.9048793Z         "ratio": 0.445
validate-platform	Validate presentation-v2 HTML QA	2026-09-14T07:18:58.9049107Z       },
validate-platform	Validate presentation-v2 HTML QA	2026-09-14T07:18:58.9049391Z       "spills": [],
validate-platform	Validate presentation-v2 HTML QA	2026-09-14T07:18:58.9049732Z       "notes": {
validate-platform	Validate presentation-v2 HTML QA	2026-09-14T07:18:58.9050027Z         "display": "none",
validate-platform	Validate presentation-v2 HTML QA	2026-09-14T07:18:58.9050340Z         "rightSide": true,
validate-platform	Validate presentation-v2 HTML QA	2026-09-14T07:18:58.9050653Z         "width": 0,
validate-platform	Validate presentation-v2 HTML QA	2026-09-14T07:18:58.9050971Z         "height": 0
validate-platform	Validate presentation-v2 HTML QA	2026-09-14T07:18:58.9051536Z       },
validate-platform	Validate presentation-v2 HTML QA	2026-09-14T07:18:58.9052231Z       "horizontalOverflow": false,
validate-platform	Validate presentation-v2 HTML QA	2026-09-14T07:18:58.9053165Z       "screenshot": "D:\\a\\4veco-platform\\4veco-platform\\ci-artifacts\\presentation-v2-html-qa\\b1-113\\mobile-slide-3.png"
validate-platform	Validate presentation-v2 HTML QA	2026-09-14T07:18:58.9053989Z     },
validate-platform	Validate presentation-v2 HTML QA	2026-09-14T07:18:58.9054253Z     {
validate-platform	Validate presentation-v2 HTML QA	2026-09-14T07:18:58.9054539Z       "scenario": "mobile",
validate-platform	Validate presentation-v2 HTML QA	2026-09-14T07:18:58.9054901Z       "slide": 4,
validate-platform	Validate presentation-v2 HTML QA	2026-09-14T07:18:58.9055275Z       "rootClass": "pv2-shell",
validate-platform	Validate presentation-v2 HTML QA	2026-09-14T07:18:58.9055657Z       "canvas": {
validate-platform	Validate presentation-v2 HTML QA	2026-09-14T07:18:58.9055962Z         "width": 370,
validate-platform	Validate presentation-v2 HTML QA	2026-09-14T07:18:58.9056293Z         "height": 892,
validate-platform	Validate presentation-v2 HTML QA	2026-09-14T07:18:58.9056607Z         "ratio": 0.415
validate-platform	Validate presentation-v2 HTML QA	2026-09-14T07:18:58.9056901Z       },
validate-platform	Validate presentation-v2 HTML QA	2026-09-14T07:18:58.9057170Z       "spills": [],
validate-platform	Validate presentation-v2 HTML QA	2026-09-14T07:18:58.9057509Z       "notes": {
validate-platform	Validate presentation-v2 HTML QA	2026-09-14T07:18:58.9057819Z         "display": "none",
validate-platform	Validate presentation-v2 HTML QA	2026-09-14T07:18:58.9058174Z         "rightSide": true,
validate-platform	Validate presentation-v2 HTML QA	2026-09-14T07:18:58.9058529Z         "width": 0,
validate-platform	Validate presentation-v2 HTML QA	2026-09-14T07:18:58.9059299Z         "height": 0
validate-platform	Validate presentation-v2 HTML QA	2026-09-14T07:18:58.9059652Z       },
validate-platform	Validate presentation-v2 HTML QA	2026-09-14T07:18:58.9060008Z       "horizontalOverflow": false,
validate-platform	Validate presentation-v2 HTML QA	2026-09-14T07:18:58.9062192Z       "screenshot": "D:\\a\\4veco-platform\\4veco-platform\\ci-artifacts\\presentation-v2-html-qa\\b1-113\\mobile-slide-4.png"
validate-platform	Validate presentation-v2 HTML QA	2026-09-14T07:18:58.9063412Z     },
validate-platform	Validate presentation-v2 HTML QA	2026-09-14T07:18:58.9063682Z     {
validate-platform	Validate presentation-v2 HTML QA	2026-09-14T07:18:58.9063985Z       "scenario": "mobile",
validate-platform	Validate presentation-v2 HTML QA	2026-09-14T07:18:58.9064666Z       "slide": 5,
validate-platform	Validate presentation-v2 HTML QA	2026-09-14T07:18:58.9065038Z       "rootClass": "pv2-shell",
validate-platform	Validate presentation-v2 HTML QA	2026-09-14T07:18:58.9065411Z       "canvas": {
validate-platform	Validate presentation-v2 HTML QA	2026-09-14T07:18:58.9065718Z         "width": 370,
validate-platform	Validate presentation-v2 HTML QA	2026-09-14T07:18:58.9066043Z         "height": 834,
validate-platform	Validate presentation-v2 HTML QA	2026-09-14T07:18:58.9066373Z         "ratio": 0.444
validate-platform	Validate presentation-v2 HTML QA	2026-09-14T07:18:58.9066681Z       },
validate-platform	Validate presentation-v2 HTML QA	2026-09-14T07:18:58.9066958Z       "spills": [],
validate-platform	Validate presentation-v2 HTML QA	2026-09-14T07:18:58.9067265Z       "notes": {
validate-platform	Validate presentation-v2 HTML QA	2026-09-14T07:18:58.9067572Z         "display": "none",
validate-platform	Validate presentation-v2 HTML QA	2026-09-14T07:18:58.9068319Z         "rightSide": true,
validate-platform	Validate presentation-v2 HTML QA	2026-09-14T07:18:58.9068703Z         "width": 0,
validate-platform	Validate presentation-v2 HTML QA	2026-09-14T07:18:58.9069060Z         "height": 0
validate-platform	Validate presentation-v2 HTML QA	2026-09-14T07:18:58.9069354Z       },
validate-platform	Validate presentation-v2 HTML QA	2026-09-14T07:18:58.9069703Z       "horizontalOverflow": false,
validate-platform	Validate presentation-v2 HTML QA	2026-09-14T07:18:58.9071118Z       "screenshot": "D:\\a\\4veco-platform\\4veco-platform\\ci-artifacts\\presentation-v2-html-qa\\b1-113\\mobile-slide-5.png"
validate-platform	Validate presentation-v2 HTML QA	2026-09-14T07:18:58.9072386Z     },
validate-platform	Validate presentation-v2 HTML QA	2026-09-14T07:18:58.9072667Z     {
validate-platform	Validate presentation-v2 HTML QA	2026-09-14T07:18:58.9072983Z       "scenario": "mobile",
validate-platform	Validate presentation-v2 HTML QA	2026-09-14T07:18:58.9073332Z       "slide": 6,
validate-platform	Validate presentation-v2 HTML QA	2026-09-14T07:18:58.9073718Z       "rootClass": "pv2-shell",
validate-platform	Validate presentation-v2 HTML QA	2026-09-14T07:18:58.9074110Z       "canvas": {
validate-platform	Validate presentation-v2 HTML QA	2026-09-14T07:18:58.9074438Z         "width": 370,
validate-platform	Validate presentation-v2 HTML QA	2026-09-14T07:18:58.9074775Z         "height": 817,
validate-platform	Validate presentation-v2 HTML QA	2026-09-14T07:18:58.9075119Z         "ratio": 0.453
validate-platform	Validate presentation-v2 HTML QA	2026-09-14T07:18:58.9075420Z       },
validate-platform	Validate presentation-v2 HTML QA	2026-09-14T07:18:58.9075671Z       "spills": [],
validate-platform	Validate presentation-v2 HTML QA	2026-09-14T07:18:58.9075938Z       "notes": {
validate-platform	Validate presentation-v2 HTML QA	2026-09-14T07:18:58.9076213Z         "display": "none",
validate-platform	Validate presentation-v2 HTML QA	2026-09-14T07:18:58.9076547Z         "rightSide": true,
validate-platform	Validate presentation-v2 HTML QA	2026-09-14T07:18:58.9076887Z         "width": 0,
validate-platform	Validate presentation-v2 HTML QA	2026-09-14T07:18:58.9077236Z         "height": 0
validate-platform	Validate presentation-v2 HTML QA	2026-09-14T07:18:58.9077532Z       },
validate-platform	Validate presentation-v2 HTML QA	2026-09-14T07:18:58.9077885Z       "horizontalOverflow": false,
validate-platform	Validate presentation-v2 HTML QA	2026-09-14T07:18:58.9079229Z       "screenshot": "D:\\a\\4veco-platform\\4veco-platform\\ci-artifacts\\presentation-v2-html-qa\\b1-113\\mobile-slide-6.png"
validate-platform	Validate presentation-v2 HTML QA	2026-09-14T07:18:58.9080188Z     },
validate-platform	Validate presentation-v2 HTML QA	2026-09-14T07:18:58.9080493Z     {
validate-platform	Validate presentation-v2 HTML QA	2026-09-14T07:18:58.9080806Z       "scenario": "mobile",
validate-platform	Validate presentation-v2 HTML QA	2026-09-14T07:18:58.9081209Z       "slide": 7,
validate-platform	Validate presentation-v2 HTML QA	2026-09-14T07:18:58.9081579Z       "rootClass": "pv2-shell",
validate-platform	Validate presentation-v2 HTML QA	2026-09-14T07:18:58.9081989Z       "canvas": {
validate-platform	Validate presentation-v2 HTML QA	2026-09-14T07:18:58.9082290Z         "width": 370,
validate-platform	Validate presentation-v2 HTML QA	2026-09-14T07:18:58.9082648Z         "height": 604,
validate-platform	Validate presentation-v2 HTML QA	2026-09-14T07:18:58.9082990Z         "ratio": 0.613
validate-platform	Validate presentation-v2 HTML QA	2026-09-14T07:18:58.9083323Z       },
validate-platform	Validate presentation-v2 HTML QA	2026-09-14T07:18:58.9083603Z       "spills": [],
validate-platform	Validate presentation-v2 HTML QA	2026-09-14T07:18:58.9083929Z       "notes": {
validate-platform	Validate presentation-v2 HTML QA	2026-09-14T07:18:58.9084272Z         "display": "none",
validate-platform	Validate presentation-v2 HTML QA	2026-09-14T07:18:58.9084659Z         "rightSide": true,
validate-platform	Validate presentation-v2 HTML QA	2026-09-14T07:18:58.9085355Z         "width": 0,
validate-platform	Validate presentation-v2 HTML QA	2026-09-14T07:18:58.9085858Z         "height": 0
validate-platform	Validate presentation-v2 HTML QA	2026-09-14T07:18:58.9086166Z       },
validate-platform	Validate presentation-v2 HTML QA	2026-09-14T07:18:58.9086513Z       "horizontalOverflow": false,
validate-platform	Validate presentation-v2 HTML QA	2026-09-14T07:18:58.9087538Z       "screenshot": "D:\\a\\4veco-platform\\4veco-platform\\ci-artifacts\\presentation-v2-html-qa\\b1-113\\mobile-slide-7.png"
validate-platform	Validate presentation-v2 HTML QA	2026-09-14T07:18:58.9088459Z     },
validate-platform	Validate presentation-v2 HTML QA	2026-09-14T07:18:58.9088754Z     {
validate-platform	Validate presentation-v2 HTML QA	2026-09-14T07:18:58.9089042Z       "scenario": "mobile",
validate-platform	Validate presentation-v2 HTML QA	2026-09-14T07:18:58.9089429Z       "slide": 8,
validate-platform	Validate presentation-v2 HTML QA	2026-09-14T07:18:58.9089786Z       "rootClass": "pv2-shell",
validate-platform	Validate presentation-v2 HTML QA	2026-09-14T07:18:58.9090167Z       "canvas": {
validate-platform	Validate presentation-v2 HTML QA	2026-09-14T07:18:58.9090492Z         "width": 370,
validate-platform	Validate presentation-v2 HTML QA	2026-09-14T07:18:58.9090863Z         "height": 522,
validate-platform	Validate presentation-v2 HTML QA	2026-09-14T07:18:58.9091206Z         "ratio": 0.708
validate-platform	Validate presentation-v2 HTML QA	2026-09-14T07:18:58.9091517Z       },
validate-platform	Validate presentation-v2 HTML QA	2026-09-14T07:18:58.9091805Z       "spills": [],
validate-platform	Validate presentation-v2 HTML QA	2026-09-14T07:18:58.9092123Z       "notes": {
validate-platform	Validate presentation-v2 HTML QA	2026-09-14T07:18:58.9092731Z         "display": "none",
validate-platform	Validate presentation-v2 HTML QA	2026-09-14T07:18:58.9093123Z         "rightSide": true,
validate-platform	Validate presentation-v2 HTML QA	2026-09-14T07:18:58.9093476Z         "width": 0,
validate-platform	Validate presentation-v2 HTML QA	2026-09-14T07:18:58.9093773Z         "height": 0
validate-platform	Validate presentation-v2 HTML QA	2026-09-14T07:18:58.9094066Z       },
validate-platform	Validate presentation-v2 HTML QA	2026-09-14T07:18:58.9094413Z       "horizontalOverflow": false,
validate-platform	Validate presentation-v2 HTML QA	2026-09-14T07:18:58.9095455Z       "screenshot": "D:\\a\\4veco-platform\\4veco-platform\\ci-artifacts\\presentation-v2-html-qa\\b1-113\\mobile-slide-8.png"
validate-platform	Validate presentation-v2 HTML QA	2026-09-14T07:18:58.9096645Z     }
validate-platform	Validate presentation-v2 HTML QA	2026-09-14T07:18:58.9096907Z   ],
validate-platform	Validate presentation-v2 HTML QA	2026-09-14T07:18:58.9097185Z   "interactions": {
validate-platform	Validate presentation-v2 HTML QA	2026-09-14T07:18:58.9097501Z     "notes": {
validate-platform	Validate presentation-v2 HTML QA	2026-09-14T07:18:58.9097804Z       "rootOpen": true,
validate-platform	Validate presentation-v2 HTML QA	2026-09-14T07:18:58.9098169Z       "togglePressed": true,
validate-platform	Validate presentation-v2 HTML QA	2026-09-14T07:18:58.9098547Z       "activeNoteOpen": true,
validate-platform	Validate presentation-v2 HTML QA	2026-09-14T07:18:58.9098966Z       "label": "Verberg uitleg"
validate-platform	Validate presentation-v2 HTML QA	2026-09-14T07:18:58.9099320Z     },
validate-platform	Validate presentation-v2 HTML QA	2026-09-14T07:18:58.9099600Z     "endState": {
validate-platform	Validate presentation-v2 HTML QA	2026-09-14T07:18:58.9099912Z       "activeIndex": 8,
validate-platform	Validate presentation-v2 HTML QA	2026-09-14T07:18:58.9100246Z       "currentText": "8",
validate-platform	Validate presentation-v2 HTML QA	2026-09-14T07:18:58.9100612Z       "hash": "#samenvatten",
validate-platform	Validate presentation-v2 HTML QA	2026-09-14T07:18:58.9100995Z       "focusIsHeading": true,
validate-platform	Validate presentation-v2 HTML QA	2026-09-14T07:18:58.9101378Z       "ariaCurrent": "page",
validate-platform	Validate presentation-v2 HTML QA	2026-09-14T07:18:58.9101772Z       "activeId": "samenvatten",
validate-platform	Validate presentation-v2 HTML QA	2026-09-14T07:18:58.9102168Z       "slideCount": 8
validate-platform	Validate presentation-v2 HTML QA	2026-09-14T07:18:58.9102473Z     },
validate-platform	Validate presentation-v2 HTML QA	2026-09-14T07:18:58.9102745Z     "homeState": {
validate-platform	Validate presentation-v2 HTML QA	2026-09-14T07:18:58.9103058Z       "activeIndex": 1,
validate-platform	Validate presentation-v2 HTML QA	2026-09-14T07:18:58.9103407Z       "currentText": "1",
validate-platform	Validate presentation-v2 HTML QA	2026-09-14T07:18:58.9103753Z       "hash": "#route",
validate-platform	Validate presentation-v2 HTML QA	2026-09-14T07:18:58.9104094Z       "focusIsHeading": true,
validate-platform	Validate presentation-v2 HTML QA	2026-09-14T07:18:58.9104468Z       "ariaCurrent": "page",
validate-platform	Validate presentation-v2 HTML QA	2026-09-14T07:18:58.9104838Z       "activeId": "route",
validate-platform	Validate presentation-v2 HTML QA	2026-09-14T07:18:58.9105185Z       "slideCount": 8
validate-platform	Validate presentation-v2 HTML QA	2026-09-14T07:18:58.9105488Z     }
validate-platform	Validate presentation-v2 HTML QA	2026-09-14T07:18:58.9105741Z   }
validate-platform	Validate presentation-v2 HTML QA	2026-09-14T07:18:58.9105999Z }
validate-platform	Validate presentation-v2 HTML QA	2026-09-14T07:18:58.9106927Z Presentation v2 QA passed. Screenshots: D:\a\4veco-platform\4veco-platform\ci-artifacts\presentation-v2-html-qa\b1-113
validate-platform	Validate presentation-v2 HTML QA	2026-09-14T07:19:13.8625428Z OK presentation-v2 HTML QA: D:\a\4veco-platform\4veco-platform\ci-artifacts\presentation-v2-html-qa\manifest.json
validate-platform	Validate presentation-v2 legacy guard	﻿2026-09-14T07:19:13.9967571Z ##[group]Run npm run check:presentation-v2-legacy-guard -- --output ..\ci-artifacts\presentation-v2-legacy-guard.json
validate-platform	Validate presentation-v2 legacy guard	2026-09-14T07:19:13.9968544Z [36;1mnpm run check:presentation-v2-legacy-guard -- --output ..\ci-artifacts\presentation-v2-legacy-guard.json[0m
validate-platform	Validate presentation-v2 legacy guard	2026-09-14T07:19:14.0044548Z shell: C:\Program Files\PowerShell\7\pwsh.EXE -command ". '{0}'"
validate-platform	Validate presentation-v2 legacy guard	2026-09-14T07:19:14.0044933Z env:
validate-platform	Validate presentation-v2 legacy guard	2026-09-14T07:19:14.0045211Z   pythonLocation: C:\hostedtoolcache\windows\Python\3.13.15\x64
validate-platform	Validate presentation-v2 legacy guard	2026-09-14T07:19:14.0045665Z   PKG_CONFIG_PATH: C:\hostedtoolcache\windows\Python\3.13.15\x64/lib/pkgconfig
validate-platform	Validate presentation-v2 legacy guard	2026-09-14T07:19:14.0046120Z   Python_ROOT_DIR: C:\hostedtoolcache\windows\Python\3.13.15\x64
validate-platform	Validate presentation-v2 legacy guard	2026-09-14T07:19:14.0046522Z   Python2_ROOT_DIR: C:\hostedtoolcache\windows\Python\3.13.15\x64
validate-platform	Validate presentation-v2 legacy guard	2026-09-14T07:19:14.0046922Z   Python3_ROOT_DIR: C:\hostedtoolcache\windows\Python\3.13.15\x64
validate-platform	Validate presentation-v2 legacy guard	2026-09-14T07:19:14.0047310Z   SOFFICE_PATH: C:\Program Files\LibreOffice\program\soffice.exe
validate-platform	Validate presentation-v2 legacy guard	2026-09-14T07:19:14.0047743Z   PDFTOPPM_PATH: D:\a\_temp\poppler\poppler-26.07.0\Library\bin\pdftoppm.exe
validate-platform	Validate presentation-v2 legacy guard	2026-09-14T07:19:14.0048160Z ##[endgroup]
validate-platform	Validate presentation-v2 legacy guard	2026-09-14T07:19:14.6255624Z 
validate-platform	Validate presentation-v2 legacy guard	2026-09-14T07:19:14.6256356Z > 4veco-platform@1.0.0 check:presentation-v2-legacy-guard
validate-platform	Validate presentation-v2 legacy guard	2026-09-14T07:19:14.6257432Z > node build-scripts/sprints/check-presentation-v2-legacy-guard.js --output ..\ci-artifacts\presentation-v2-legacy-guard.json
validate-platform	Validate presentation-v2 legacy guard	2026-09-14T07:19:14.6258074Z 
validate-platform	Validate presentation-v2 legacy guard	2026-09-14T07:19:14.9174729Z OK presentation-v2 legacy guard: 3 registered deck(s), no active v1 output
validate-platform	Validate presentation-v2 legacy guard	2026-09-14T07:19:14.9179726Z   report: D:\a\4veco-platform\4veco-platform\ci-artifacts\presentation-v2-legacy-guard.json
validate-platform	Validate presentation-v2 PPTX proof	﻿2026-09-14T07:19:15.0860238Z ##[group]Run npm run check:presentation-v2-pptx-proof -- --output-dir ..\ci-artifacts\presentation-v2-pptx-proof
validate-platform	Validate presentation-v2 PPTX proof	2026-09-14T07:19:15.0861156Z [36;1mnpm run check:presentation-v2-pptx-proof -- --output-dir ..\ci-artifacts\presentation-v2-pptx-proof[0m
validate-platform	Validate presentation-v2 PPTX proof	2026-09-14T07:19:15.0935051Z shell: C:\Program Files\PowerShell\7\pwsh.EXE -command ". '{0}'"
validate-platform	Validate presentation-v2 PPTX proof	2026-09-14T07:19:15.0935412Z env:
validate-platform	Validate presentation-v2 PPTX proof	2026-09-14T07:19:15.0935673Z   pythonLocation: C:\hostedtoolcache\windows\Python\3.13.15\x64
validate-platform	Validate presentation-v2 PPTX proof	2026-09-14T07:19:15.0936118Z   PKG_CONFIG_PATH: C:\hostedtoolcache\windows\Python\3.13.15\x64/lib/pkgconfig
validate-platform	Validate presentation-v2 PPTX proof	2026-09-14T07:19:15.0937057Z   Python_ROOT_DIR: C:\hostedtoolcache\windows\Python\3.13.15\x64
validate-platform	Validate presentation-v2 PPTX proof	2026-09-14T07:19:15.0937465Z   Python2_ROOT_DIR: C:\hostedtoolcache\windows\Python\3.13.15\x64
validate-platform	Validate presentation-v2 PPTX proof	2026-09-14T07:19:15.0937867Z   Python3_ROOT_DIR: C:\hostedtoolcache\windows\Python\3.13.15\x64
validate-platform	Validate presentation-v2 PPTX proof	2026-09-14T07:19:15.0938258Z   SOFFICE_PATH: C:\Program Files\LibreOffice\program\soffice.exe
validate-platform	Validate presentation-v2 PPTX proof	2026-09-14T07:19:15.0938692Z   PDFTOPPM_PATH: D:\a\_temp\poppler\poppler-26.07.0\Library\bin\pdftoppm.exe
validate-platform	Validate presentation-v2 PPTX proof	2026-09-14T07:19:15.0939081Z ##[endgroup]
validate-platform	Validate presentation-v2 PPTX proof	2026-09-14T07:19:15.7074905Z 
validate-platform	Validate presentation-v2 PPTX proof	2026-09-14T07:19:15.7075538Z > 4veco-platform@1.0.0 check:presentation-v2-pptx-proof
validate-platform	Validate presentation-v2 PPTX proof	2026-09-14T07:19:15.7076498Z > node build-scripts/sprints/capture-presentation-v2-pptx-derivative-proof.js --check --output-dir ..\ci-artifacts\presentation-v2-pptx-proof
validate-platform	Validate presentation-v2 PPTX proof	2026-09-14T07:19:15.7077119Z 
validate-platform	Validate presentation-v2 PPTX proof	2026-09-14T07:19:30.6236465Z OK PRESENTATION-V2-PPTX-DERIVATIVE-111-112-113-1 (check mode)
validate-platform	Validate presentation-v2 PPTX proof	2026-09-14T07:19:30.6241635Z   report: D:\a\4veco-platform\4veco-platform\ci-artifacts\presentation-v2-pptx-proof\parity-report.md
validate-platform	Validate presentation-v2 PPTX proof	2026-09-14T07:19:30.6245194Z   manifest: D:\a\4veco-platform\4veco-platform\ci-artifacts\presentation-v2-pptx-proof\manifest.json
validate-platform	Validate reasoning golden family guardrails	﻿2026-09-14T07:19:30.7555254Z ##[group]Run npm run check:reasoning-golden
validate-platform	Validate reasoning golden family guardrails	2026-09-14T07:19:30.7555683Z [36;1mnpm run check:reasoning-golden[0m
validate-platform	Validate reasoning golden family guardrails	2026-09-14T07:19:30.7629891Z shell: C:\Program Files\PowerShell\7\pwsh.EXE -command ". '{0}'"
validate-platform	Validate reasoning golden family guardrails	2026-09-14T07:19:30.7630481Z env:
validate-platform	Validate reasoning golden family guardrails	2026-09-14T07:19:30.7630758Z   pythonLocation: C:\hostedtoolcache\windows\Python\3.13.15\x64
validate-platform	Validate reasoning golden family guardrails	2026-09-14T07:19:30.7631215Z   PKG_CONFIG_PATH: C:\hostedtoolcache\windows\Python\3.13.15\x64/lib/pkgconfig
validate-platform	Validate reasoning golden family guardrails	2026-09-14T07:19:30.7631668Z   Python_ROOT_DIR: C:\hostedtoolcache\windows\Python\3.13.15\x64
validate-platform	Validate reasoning golden family guardrails	2026-09-14T07:19:30.7632069Z   Python2_ROOT_DIR: C:\hostedtoolcache\windows\Python\3.13.15\x64
validate-platform	Validate reasoning golden family guardrails	2026-09-14T07:19:30.7632468Z   Python3_ROOT_DIR: C:\hostedtoolcache\windows\Python\3.13.15\x64
validate-platform	Validate reasoning golden family guardrails	2026-09-14T07:19:30.7632863Z   SOFFICE_PATH: C:\Program Files\LibreOffice\program\soffice.exe
validate-platform	Validate reasoning golden family guardrails	2026-09-14T07:19:30.7633315Z   PDFTOPPM_PATH: D:\a\_temp\poppler\poppler-26.07.0\Library\bin\pdftoppm.exe
validate-platform	Validate reasoning golden family guardrails	2026-09-14T07:19:30.7633675Z ##[endgroup]
validate-platform	Validate reasoning golden family guardrails	2026-09-14T07:19:31.3828532Z 
validate-platform	Validate reasoning golden family guardrails	2026-09-14T07:19:31.3829330Z > 4veco-platform@1.0.0 check:reasoning-golden
validate-platform	Validate reasoning golden family guardrails	2026-09-14T07:19:31.3830960Z > npm run check:reasoning-golden:exemplars && npm run check:reasoning-golden:skill && npm run check:reasoning-golden:gallery && npm run check:reasoning-golden:gate
validate-platform	Validate reasoning golden family guardrails	2026-09-14T07:19:31.3832062Z 
validate-platform	Validate reasoning golden family guardrails	2026-09-14T07:19:31.7287520Z 
validate-platform	Validate reasoning golden family guardrails	2026-09-14T07:19:31.7290715Z > 4veco-platform@1.0.0 check:reasoning-golden:exemplars
validate-platform	Validate reasoning golden family guardrails	2026-09-14T07:19:31.7292111Z > node build-scripts/exemplars/check-reasoning-golden-exemplars.js
validate-platform	Validate reasoning golden family guardrails	2026-09-14T07:19:31.7292514Z 
validate-platform	Validate reasoning golden family guardrails	2026-09-14T07:19:31.8199405Z Reasoning golden exemplar check OK
validate-platform	Validate reasoning golden family guardrails	2026-09-14T07:19:32.1620096Z 
validate-platform	Validate reasoning golden family guardrails	2026-09-14T07:19:32.1621090Z > 4veco-platform@1.0.0 check:reasoning-golden:skill
validate-platform	Validate reasoning golden family guardrails	2026-09-14T07:19:32.1622020Z > node build-scripts/sprints/check-reasoning-game-skill.js
validate-platform	Validate reasoning golden family guardrails	2026-09-14T07:19:32.1622351Z 
validate-platform	Validate reasoning golden family guardrails	2026-09-14T07:19:32.2385099Z Reasoning game skill check OK
validate-platform	Validate reasoning golden family guardrails	2026-09-14T07:19:32.5784185Z 
validate-platform	Validate reasoning golden family guardrails	2026-09-14T07:19:32.5785025Z > 4veco-platform@1.0.0 check:reasoning-golden:gallery
validate-platform	Validate reasoning golden family guardrails	2026-09-14T07:19:32.5786075Z > node build-scripts/sprints/check-reasoning-golden-family-gallery.js
validate-platform	Validate reasoning golden family guardrails	2026-09-14T07:19:32.5786457Z 
validate-platform	Validate reasoning golden family guardrails	2026-09-14T07:19:32.7388181Z Reasoning golden family gallery check OK
validate-platform	Validate reasoning golden family guardrails	2026-09-14T07:19:33.0721369Z 
validate-platform	Validate reasoning golden family guardrails	2026-09-14T07:19:33.0722114Z > 4veco-platform@1.0.0 check:reasoning-golden:gate
validate-platform	Validate reasoning golden family guardrails	2026-09-14T07:19:33.0722775Z > node build-scripts/sprints/check-gate-reasoning-golden-family-1.js
validate-platform	Validate reasoning golden family guardrails	2026-09-14T07:19:33.1852583Z 
validate-platform	Validate reasoning golden family guardrails	2026-09-14T07:19:33.1853381Z Reasoning golden family gate check OK
validate-platform	Validate paragraph landing V2 guardrails	﻿2026-09-14T07:19:33.3593296Z ##[group]Run npm run check:landing-v2
validate-platform	Validate paragraph landing V2 guardrails	2026-09-14T07:19:33.3593707Z [36;1mnpm run check:landing-v2[0m
validate-platform	Validate paragraph landing V2 guardrails	2026-09-14T07:19:33.3670235Z shell: C:\Program Files\PowerShell\7\pwsh.EXE -command ". '{0}'"
validate-platform	Validate paragraph landing V2 guardrails	2026-09-14T07:19:33.3670629Z env:
validate-platform	Validate paragraph landing V2 guardrails	2026-09-14T07:19:33.3670896Z   pythonLocation: C:\hostedtoolcache\windows\Python\3.13.15\x64
validate-platform	Validate paragraph landing V2 guardrails	2026-09-14T07:19:33.3671573Z   PKG_CONFIG_PATH: C:\hostedtoolcache\windows\Python\3.13.15\x64/lib/pkgconfig
validate-platform	Validate paragraph landing V2 guardrails	2026-09-14T07:19:33.3672046Z   Python_ROOT_DIR: C:\hostedtoolcache\windows\Python\3.13.15\x64
validate-platform	Validate paragraph landing V2 guardrails	2026-09-14T07:19:33.3672451Z   Python2_ROOT_DIR: C:\hostedtoolcache\windows\Python\3.13.15\x64
validate-platform	Validate paragraph landing V2 guardrails	2026-09-14T07:19:33.3672851Z   Python3_ROOT_DIR: C:\hostedtoolcache\windows\Python\3.13.15\x64
validate-platform	Validate paragraph landing V2 guardrails	2026-09-14T07:19:33.3673242Z   SOFFICE_PATH: C:\Program Files\LibreOffice\program\soffice.exe
validate-platform	Validate paragraph landing V2 guardrails	2026-09-14T07:19:33.3673680Z   PDFTOPPM_PATH: D:\a\_temp\poppler\poppler-26.07.0\Library\bin\pdftoppm.exe
validate-platform	Validate paragraph landing V2 guardrails	2026-09-14T07:19:33.3674039Z ##[endgroup]
validate-platform	Validate paragraph landing V2 guardrails	2026-09-14T07:19:33.9701821Z 
validate-platform	Validate paragraph landing V2 guardrails	2026-09-14T07:19:33.9702587Z > 4veco-platform@1.0.0 check:landing-v2
validate-platform	Validate paragraph landing V2 guardrails	2026-09-14T07:19:33.9703568Z > node build-scripts/platform/check-paragraph-landing-v2.js
validate-platform	Validate paragraph landing V2 guardrails	2026-09-14T07:19:33.9704167Z 
validate-platform	Validate paragraph landing V2 guardrails	2026-09-14T07:19:34.2516791Z OK paragraph landing V2 guardrails
validate-platform	Validate News Detective V2 guardrails	﻿2026-09-14T07:19:34.3942243Z ##[group]Run npm run check:news-detective-v2
validate-platform	Validate News Detective V2 guardrails	2026-09-14T07:19:34.3942710Z [36;1mnpm run check:news-detective-v2[0m
validate-platform	Validate News Detective V2 guardrails	2026-09-14T07:19:34.4015856Z shell: C:\Program Files\PowerShell\7\pwsh.EXE -command ". '{0}'"
validate-platform	Validate News Detective V2 guardrails	2026-09-14T07:19:34.4016210Z env:
validate-platform	Validate News Detective V2 guardrails	2026-09-14T07:19:34.4016485Z   pythonLocation: C:\hostedtoolcache\windows\Python\3.13.15\x64
validate-platform	Validate News Detective V2 guardrails	2026-09-14T07:19:34.4016941Z   PKG_CONFIG_PATH: C:\hostedtoolcache\windows\Python\3.13.15\x64/lib/pkgconfig
validate-platform	Validate News Detective V2 guardrails	2026-09-14T07:19:34.4017385Z   Python_ROOT_DIR: C:\hostedtoolcache\windows\Python\3.13.15\x64
validate-platform	Validate News Detective V2 guardrails	2026-09-14T07:19:34.4017815Z   Python2_ROOT_DIR: C:\hostedtoolcache\windows\Python\3.13.15\x64
validate-platform	Validate News Detective V2 guardrails	2026-09-14T07:19:34.4018235Z   Python3_ROOT_DIR: C:\hostedtoolcache\windows\Python\3.13.15\x64
validate-platform	Validate News Detective V2 guardrails	2026-09-14T07:19:34.4018636Z   SOFFICE_PATH: C:\Program Files\LibreOffice\program\soffice.exe
validate-platform	Validate News Detective V2 guardrails	2026-09-14T07:19:34.4019072Z   PDFTOPPM_PATH: D:\a\_temp\poppler\poppler-26.07.0\Library\bin\pdftoppm.exe
validate-platform	Validate News Detective V2 guardrails	2026-09-14T07:19:34.4019438Z ##[endgroup]
validate-platform	Validate News Detective V2 guardrails	2026-09-14T07:19:35.0109547Z 
validate-platform	Validate News Detective V2 guardrails	2026-09-14T07:19:35.0110307Z > 4veco-platform@1.0.0 check:news-detective-v2
validate-platform	Validate News Detective V2 guardrails	2026-09-14T07:19:35.0110950Z > node build-scripts/platform/check-news-detective-v2.js
validate-platform	Validate News Detective V2 guardrails	2026-09-14T07:19:35.0111286Z 
validate-platform	Validate News Detective V2 guardrails	2026-09-14T07:19:35.1896651Z OK news detective V2 guardrails
validate-platform	Validate active scope language	﻿2026-09-14T07:19:35.3384085Z ##[group]Run npm run check:scope-language
validate-platform	Validate active scope language	2026-09-14T07:19:35.3384506Z [36;1mnpm run check:scope-language[0m
validate-platform	Validate active scope language	2026-09-14T07:19:35.3458630Z shell: C:\Program Files\PowerShell\7\pwsh.EXE -command ". '{0}'"
validate-platform	Validate active scope language	2026-09-14T07:19:35.3458997Z env:
validate-platform	Validate active scope language	2026-09-14T07:19:35.3459267Z   pythonLocation: C:\hostedtoolcache\windows\Python\3.13.15\x64
validate-platform	Validate active scope language	2026-09-14T07:19:35.3459726Z   PKG_CONFIG_PATH: C:\hostedtoolcache\windows\Python\3.13.15\x64/lib/pkgconfig
validate-platform	Validate active scope language	2026-09-14T07:19:35.3460184Z   Python_ROOT_DIR: C:\hostedtoolcache\windows\Python\3.13.15\x64
validate-platform	Validate active scope language	2026-09-14T07:19:35.3460580Z   Python2_ROOT_DIR: C:\hostedtoolcache\windows\Python\3.13.15\x64
validate-platform	Validate active scope language	2026-09-14T07:19:35.3460974Z   Python3_ROOT_DIR: C:\hostedtoolcache\windows\Python\3.13.15\x64
validate-platform	Validate active scope language	2026-09-14T07:19:35.3461361Z   SOFFICE_PATH: C:\Program Files\LibreOffice\program\soffice.exe
validate-platform	Validate active scope language	2026-09-14T07:19:35.3461811Z   PDFTOPPM_PATH: D:\a\_temp\poppler\poppler-26.07.0\Library\bin\pdftoppm.exe
validate-platform	Validate active scope language	2026-09-14T07:19:35.3462174Z ##[endgroup]
validate-platform	Validate active scope language	2026-09-14T07:19:35.9507415Z 
validate-platform	Validate active scope language	2026-09-14T07:19:35.9508358Z > 4veco-platform@1.0.0 check:scope-language
validate-platform	Validate active scope language	2026-09-14T07:19:35.9509249Z > node build-scripts/sprints/check-scope-language.js --active
validate-platform	Validate active scope language	2026-09-14T07:19:35.9509739Z 
validate-platform	Validate active scope language	2026-09-14T07:19:36.0675030Z OK scope-language check: active surfaces
validate-platform	Validate active governance wording	﻿2026-09-14T07:19:36.2026174Z ##[group]Run npm run check:active-governance-wording
validate-platform	Validate active governance wording	2026-09-14T07:19:36.2026653Z [36;1mnpm run check:active-governance-wording[0m
validate-platform	Validate active governance wording	2026-09-14T07:19:36.2098597Z shell: C:\Program Files\PowerShell\7\pwsh.EXE -command ". '{0}'"
validate-platform	Validate active governance wording	2026-09-14T07:19:36.2098948Z env:
validate-platform	Validate active governance wording	2026-09-14T07:19:36.2099217Z   pythonLocation: C:\hostedtoolcache\windows\Python\3.13.15\x64
validate-platform	Validate active governance wording	2026-09-14T07:19:36.2099674Z   PKG_CONFIG_PATH: C:\hostedtoolcache\windows\Python\3.13.15\x64/lib/pkgconfig
validate-platform	Validate active governance wording	2026-09-14T07:19:36.2100137Z   Python_ROOT_DIR: C:\hostedtoolcache\windows\Python\3.13.15\x64
validate-platform	Validate active governance wording	2026-09-14T07:19:36.2100736Z   Python2_ROOT_DIR: C:\hostedtoolcache\windows\Python\3.13.15\x64
validate-platform	Validate active governance wording	2026-09-14T07:19:36.2101144Z   Python3_ROOT_DIR: C:\hostedtoolcache\windows\Python\3.13.15\x64
validate-platform	Validate active governance wording	2026-09-14T07:19:36.2101533Z   SOFFICE_PATH: C:\Program Files\LibreOffice\program\soffice.exe
validate-platform	Validate active governance wording	2026-09-14T07:19:36.2101967Z   PDFTOPPM_PATH: D:\a\_temp\poppler\poppler-26.07.0\Library\bin\pdftoppm.exe
validate-platform	Validate active governance wording	2026-09-14T07:19:36.2102603Z ##[endgroup]
validate-platform	Validate active governance wording	2026-09-14T07:19:36.8125231Z 
validate-platform	Validate active governance wording	2026-09-14T07:19:36.8126075Z > 4veco-platform@1.0.0 check:active-governance-wording
validate-platform	Validate active governance wording	2026-09-14T07:19:36.8126999Z > node build-scripts/review-gates/check-active-governance-wording.js
validate-platform	Validate active governance wording	2026-09-14T07:19:36.8127384Z 
validate-platform	Validate active governance wording	2026-09-14T07:19:38.5994985Z Active governance wording check passed.
validate-platform	Validate Golden Graph Advisory 113 proof	﻿2026-09-14T07:19:38.7395319Z ##[group]Run npm run check:golden-graph-advisory-113
validate-platform	Validate Golden Graph Advisory 113 proof	2026-09-14T07:19:38.7395822Z [36;1mnpm run check:golden-graph-advisory-113[0m
validate-platform	Validate Golden Graph Advisory 113 proof	2026-09-14T07:19:38.7468883Z shell: C:\Program Files\PowerShell\7\pwsh.EXE -command ". '{0}'"
validate-platform	Validate Golden Graph Advisory 113 proof	2026-09-14T07:19:38.7469275Z env:
validate-platform	Validate Golden Graph Advisory 113 proof	2026-09-14T07:19:38.7469558Z   pythonLocation: C:\hostedtoolcache\windows\Python\3.13.15\x64
validate-platform	Validate Golden Graph Advisory 113 proof	2026-09-14T07:19:38.7470017Z   PKG_CONFIG_PATH: C:\hostedtoolcache\windows\Python\3.13.15\x64/lib/pkgconfig
validate-platform	Validate Golden Graph Advisory 113 proof	2026-09-14T07:19:38.7470737Z   Python_ROOT_DIR: C:\hostedtoolcache\windows\Python\3.13.15\x64
validate-platform	Validate Golden Graph Advisory 113 proof	2026-09-14T07:19:38.7471153Z   Python2_ROOT_DIR: C:\hostedtoolcache\windows\Python\3.13.15\x64
validate-platform	Validate Golden Graph Advisory 113 proof	2026-09-14T07:19:38.7471556Z   Python3_ROOT_DIR: C:\hostedtoolcache\windows\Python\3.13.15\x64
validate-platform	Validate Golden Graph Advisory 113 proof	2026-09-14T07:19:38.7471954Z   SOFFICE_PATH: C:\Program Files\LibreOffice\program\soffice.exe
validate-platform	Validate Golden Graph Advisory 113 proof	2026-09-14T07:19:38.7472390Z   PDFTOPPM_PATH: D:\a\_temp\poppler\poppler-26.07.0\Library\bin\pdftoppm.exe
validate-platform	Validate Golden Graph Advisory 113 proof	2026-09-14T07:19:38.7472757Z ##[endgroup]
validate-platform	Validate Golden Graph Advisory 113 proof	2026-09-14T07:19:39.3446183Z 
validate-platform	Validate Golden Graph Advisory 113 proof	2026-09-14T07:19:39.3446678Z > 4veco-platform@1.0.0 check:golden-graph-advisory-113
validate-platform	Validate Golden Graph Advisory 113 proof	2026-09-14T07:19:39.3447299Z > node build-scripts/sprints/check-golden-graph-advisory-113-bundle-1.js
validate-platform	Validate Golden Graph Advisory 113 proof	2026-09-14T07:19:39.3447682Z 
validate-platform	Validate Golden Graph Advisory 113 proof	2026-09-14T07:19:39.4354711Z OK GOLDEN-GRAPH-ADVISORY-113-BUNDLE-1 checker passed
validate-platform	Validate Scale Proof 3P product path proof	﻿2026-09-14T07:19:39.5742877Z ##[group]Run npm run check:scale-proof-3p-product-path
validate-platform	Validate Scale Proof 3P product path proof	2026-09-14T07:19:39.5743384Z [36;1mnpm run check:scale-proof-3p-product-path[0m
validate-platform	Validate Scale Proof 3P product path proof	2026-09-14T07:19:39.5816687Z shell: C:\Program Files\PowerShell\7\pwsh.EXE -command ". '{0}'"
validate-platform	Validate Scale Proof 3P product path proof	2026-09-14T07:19:39.5817045Z env:
validate-platform	Validate Scale Proof 3P product path proof	2026-09-14T07:19:39.5817329Z   pythonLocation: C:\hostedtoolcache\windows\Python\3.13.15\x64
validate-platform	Validate Scale Proof 3P product path proof	2026-09-14T07:19:39.5817790Z   PKG_CONFIG_PATH: C:\hostedtoolcache\windows\Python\3.13.15\x64/lib/pkgconfig
validate-platform	Validate Scale Proof 3P product path proof	2026-09-14T07:19:39.5818245Z   Python_ROOT_DIR: C:\hostedtoolcache\windows\Python\3.13.15\x64
validate-platform	Validate Scale Proof 3P product path proof	2026-09-14T07:19:39.5818642Z   Python2_ROOT_DIR: C:\hostedtoolcache\windows\Python\3.13.15\x64
validate-platform	Validate Scale Proof 3P product path proof	2026-09-14T07:19:39.5819043Z   Python3_ROOT_DIR: C:\hostedtoolcache\windows\Python\3.13.15\x64
validate-platform	Validate Scale Proof 3P product path proof	2026-09-14T07:19:39.5819435Z   SOFFICE_PATH: C:\Program Files\LibreOffice\program\soffice.exe
validate-platform	Validate Scale Proof 3P product path proof	2026-09-14T07:19:39.5819890Z   PDFTOPPM_PATH: D:\a\_temp\poppler\poppler-26.07.0\Library\bin\pdftoppm.exe
validate-platform	Validate Scale Proof 3P product path proof	2026-09-14T07:19:39.5820252Z ##[endgroup]
validate-platform	Validate Scale Proof 3P product path proof	2026-09-14T07:19:40.1876575Z 
validate-platform	Validate Scale Proof 3P product path proof	2026-09-14T07:19:40.1877364Z > 4veco-platform@1.0.0 check:scale-proof-3p-product-path
validate-platform	Validate Scale Proof 3P product path proof	2026-09-14T07:19:40.1878525Z > node build-scripts/sprints/check-scale-proof-3p-readiness-product-path-proof-1.js
validate-platform	Validate Scale Proof 3P product path proof	2026-09-14T07:19:40.1879217Z 
validate-platform	Validate Scale Proof 3P product path proof	2026-09-14T07:19:40.2697470Z OK SCALE-PROOF-3P-READINESS-PRODUCT-PATH-PROOF-1 proof: scale_gate_1_ready_for_human_review
validate-platform	Validate Y1 Golden rollout wave	﻿2026-09-14T07:19:40.4072205Z ##[group]Run if ($env:GITHUB_EVENT_NAME -eq 'pull_request') {
validate-platform	Validate Y1 Golden rollout wave	2026-09-14T07:19:40.4072772Z [36;1mif ($env:GITHUB_EVENT_NAME -eq 'pull_request') {[0m
validate-platform	Validate Y1 Golden rollout wave	2026-09-14T07:19:40.4073111Z [36;1m  $mode = 'pull_request'[0m
validate-platform	Validate Y1 Golden rollout wave	2026-09-14T07:19:40.4073401Z [36;1m  $base = $env:Y1_GOLDEN_PR_BASE_SHA[0m
validate-platform	Validate Y1 Golden rollout wave	2026-09-14T07:19:40.4073693Z [36;1m  $head = $env:Y1_GOLDEN_PR_HEAD_SHA[0m
validate-platform	Validate Y1 Golden rollout wave	2026-09-14T07:19:40.4074026Z [36;1m  $env:Y1_GOLDEN_SYNTHETIC_MERGE_SHA = $env:GITHUB_SHA[0m
validate-platform	Validate Y1 Golden rollout wave	2026-09-14T07:19:40.4074604Z [36;1m} elseif ($env:GITHUB_EVENT_NAME -eq 'push') {[0m
validate-platform	Validate Y1 Golden rollout wave	2026-09-14T07:19:40.4074902Z [36;1m  $mode = 'main_push'[0m
validate-platform	Validate Y1 Golden rollout wave	2026-09-14T07:19:40.4075157Z [36;1m  $base = $env:Y1_GOLDEN_PUSH_BASE_SHA[0m
validate-platform	Validate Y1 Golden rollout wave	2026-09-14T07:19:40.4075459Z [36;1m  $head = $env:Y1_GOLDEN_PUSH_HEAD_SHA[0m
validate-platform	Validate Y1 Golden rollout wave	2026-09-14T07:19:40.4075724Z [36;1m} else {[0m
validate-platform	Validate Y1 Golden rollout wave	2026-09-14T07:19:40.4075918Z [36;1m  $mode = 'manual'[0m
validate-platform	Validate Y1 Golden rollout wave	2026-09-14T07:19:40.4076168Z [36;1m  $base = $env:Y1_GOLDEN_MANUAL_BASE_SHA[0m
validate-platform	Validate Y1 Golden rollout wave	2026-09-14T07:19:40.4076485Z [36;1m  $head = $env:Y1_GOLDEN_MANUAL_HEAD_SHA[0m
validate-platform	Validate Y1 Golden rollout wave	2026-09-14T07:19:40.4076783Z [36;1m}[0m
validate-platform	Validate Y1 Golden rollout wave	2026-09-14T07:19:40.4076985Z [36;1m$env:Y1_GOLDEN_EVENT_BASE_SHA = $base[0m
validate-platform	Validate Y1 Golden rollout wave	2026-09-14T07:19:40.4077297Z [36;1m$env:Y1_GOLDEN_EVENT_HEAD_SHA = $head[0m
validate-platform	Validate Y1 Golden rollout wave	2026-09-14T07:19:40.4078472Z [36;1mnpm run check:y1-golden-rollout-wave-1-product -- --event-mode $mode --scope-mode auto --base $base --head $head --lesson-base 071a465a03e287bc5768d88aabbec3e63b15ee09 --lesson-head HEAD[0m
validate-platform	Validate Y1 Golden rollout wave	2026-09-14T07:19:40.4150240Z shell: C:\Program Files\PowerShell\7\pwsh.EXE -command ". '{0}'"
validate-platform	Validate Y1 Golden rollout wave	2026-09-14T07:19:40.4150596Z env:
validate-platform	Validate Y1 Golden rollout wave	2026-09-14T07:19:40.4150874Z   pythonLocation: C:\hostedtoolcache\windows\Python\3.13.15\x64
validate-platform	Validate Y1 Golden rollout wave	2026-09-14T07:19:40.4151352Z   PKG_CONFIG_PATH: C:\hostedtoolcache\windows\Python\3.13.15\x64/lib/pkgconfig
validate-platform	Validate Y1 Golden rollout wave	2026-09-14T07:19:40.4151821Z   Python_ROOT_DIR: C:\hostedtoolcache\windows\Python\3.13.15\x64
validate-platform	Validate Y1 Golden rollout wave	2026-09-14T07:19:40.4152228Z   Python2_ROOT_DIR: C:\hostedtoolcache\windows\Python\3.13.15\x64
validate-platform	Validate Y1 Golden rollout wave	2026-09-14T07:19:40.4152626Z   Python3_ROOT_DIR: C:\hostedtoolcache\windows\Python\3.13.15\x64
validate-platform	Validate Y1 Golden rollout wave	2026-09-14T07:19:40.4153041Z   SOFFICE_PATH: C:\Program Files\LibreOffice\program\soffice.exe
validate-platform	Validate Y1 Golden rollout wave	2026-09-14T07:19:40.4153482Z   PDFTOPPM_PATH: D:\a\_temp\poppler\poppler-26.07.0\Library\bin\pdftoppm.exe
validate-platform	Validate Y1 Golden rollout wave	2026-09-14T07:19:40.4153924Z   Y1_GOLDEN_PR_BASE_SHA: 85b0f347f3070e005eae3f35f0b11ce6eac71b4d
validate-platform	Validate Y1 Golden rollout wave	2026-09-14T07:19:40.4154299Z   Y1_GOLDEN_PR_HEAD_SHA: 2bc4ee84393b8c2bf85734f71bb50288f5cf5122
validate-platform	Validate Y1 Golden rollout wave	2026-09-14T07:19:40.4154615Z   Y1_GOLDEN_PUSH_BASE_SHA: 
validate-platform	Validate Y1 Golden rollout wave	2026-09-14T07:19:40.4154924Z   Y1_GOLDEN_PUSH_HEAD_SHA: e725dc252981bdbde12c65f9beef58a468cb0374
validate-platform	Validate Y1 Golden rollout wave	2026-09-14T07:19:40.4155257Z   Y1_GOLDEN_MANUAL_BASE_SHA: 
validate-platform	Validate Y1 Golden rollout wave	2026-09-14T07:19:40.4155493Z   Y1_GOLDEN_MANUAL_HEAD_SHA: 
validate-platform	Validate Y1 Golden rollout wave	2026-09-14T07:19:40.4155704Z ##[endgroup]
validate-platform	Validate Y1 Golden rollout wave	2026-09-14T07:19:41.0503574Z 
validate-platform	Validate Y1 Golden rollout wave	2026-09-14T07:19:41.0504398Z > 4veco-platform@1.0.0 check:y1-golden-rollout-wave-1-product
validate-platform	Validate Y1 Golden rollout wave	2026-09-14T07:19:41.0506463Z > node build-scripts/ci/check-y1-product-evidence.js --event-mode pull_request --scope-mode auto --base 85b0f347f3070e005eae3f35f0b11ce6eac71b4d --head 2bc4ee84393b8c2bf85734f71bb50288f5cf5122 --lesson-base 071a465a03e287bc5768d88aabbec3e63b15ee09 --lesson-head HEAD
validate-platform	Validate Y1 Golden rollout wave	2026-09-14T07:19:41.0508025Z 
validate-platform	Validate Y1 Golden rollout wave	2026-09-14T07:21:03.7017611Z {
validate-platform	Validate Y1 Golden rollout wave	2026-09-14T07:21:03.7018075Z   "ok": true,
validate-platform	Validate Y1 Golden rollout wave	2026-09-14T07:21:03.7018694Z   "current_platform_sha": "2bc4ee84393b8c2bf85734f71bb50288f5cf5122",
validate-platform	Validate Y1 Golden rollout wave	2026-09-14T07:21:03.7019495Z   "current_lesson_validation": {
validate-platform	Validate Y1 Golden rollout wave	2026-09-14T07:21:03.7020127Z     "historical_lesson_snapshot_sha": "f09fd6e88edc5049b026b16b0158e7e188091d2d",
validate-platform	Validate Y1 Golden rollout wave	2026-09-14T07:21:03.7021621Z     "current_lesson_sha": "0acaaa97443e5c4fee34f7da8a12ccd5db62d762",
validate-platform	Validate Y1 Golden rollout wave	2026-09-14T07:21:03.7022274Z     "rendered_input_count": 78,
validate-platform	Validate Y1 Golden rollout wave	2026-09-14T07:21:03.7022715Z     "route_target_count": 55,
validate-platform	Validate Y1 Golden rollout wave	2026-09-14T07:21:03.7023174Z     "rendered_inputs_unchanged": true,
validate-platform	Validate Y1 Golden rollout wave	2026-09-14T07:21:03.7023674Z     "route_destinations_present": true,
validate-platform	Validate Y1 Golden rollout wave	2026-09-14T07:21:03.7024098Z     "rendered_inputs": [
validate-platform	Validate Y1 Golden rollout wave	2026-09-14T07:21:03.7024757Z       {
validate-platform	Validate Y1 Golden rollout wave	2026-09-14T07:21:03.7030021Z         "path": "Boek 1 - Grondslagen, vraag en aanbod/1.1 Hoofdstuk Economisch denken en rekenen/1.1.1 Schaarste en economisch denken/_assets/1.1.1_fig_1_web_dark.svg",
validate-platform	Validate Y1 Golden rollout wave	2026-09-14T07:21:03.7031235Z         "blobs": {
validate-platform	Validate Y1 Golden rollout wave	2026-09-14T07:21:03.7031849Z           "historical_snapshot": "e1633326d86b2e538fd0ae0eeb2d28a5bb8fc96e",
validate-platform	Validate Y1 Golden rollout wave	2026-09-14T07:21:03.7033173Z           "current_head": "e1633326d86b2e538fd0ae0eeb2d28a5bb8fc96e"
validate-platform	Validate Y1 Golden rollout wave	2026-09-14T07:21:03.7033747Z         },
validate-platform	Validate Y1 Golden rollout wave	2026-09-14T07:21:03.7034477Z         "comparison": "blob_equality",
validate-platform	Validate Y1 Golden rollout wave	2026-09-14T07:21:03.7035526Z         "status": "equal",
validate-platform	Validate Y1 Golden rollout wave	2026-09-14T07:21:03.7036407Z         "missing_at": [],
validate-platform	Validate Y1 Golden rollout wave	2026-09-14T07:21:03.7039104Z         "label": "current lesson rendered input"
validate-platform	Validate Y1 Golden rollout wave	2026-09-14T07:21:03.7039997Z       },
validate-platform	Validate Y1 Golden rollout wave	2026-09-14T07:21:03.7040331Z       {
validate-platform	Validate Y1 Golden rollout wave	2026-09-14T07:21:03.7041542Z         "path": "Boek 1 - Grondslagen, vraag en aanbod/1.1 Hoofdstuk Economisch denken en rekenen/1.1.1 Schaarste en economisch denken/_assets/1.1.1_fig_1_web_light.svg",
validate-platform	Validate Y1 Golden rollout wave	2026-09-14T07:21:03.7042830Z         "blobs": {
validate-platform	Validate Y1 Golden rollout wave	2026-09-14T07:21:03.7043462Z           "historical_snapshot": "9b9c569cfc9b01c6a66c01a1458fe434503468f3",
validate-platform	Validate Y1 Golden rollout wave	2026-09-14T07:21:03.7044312Z           "current_head": "9b9c569cfc9b01c6a66c01a1458fe434503468f3"
validate-platform	Validate Y1 Golden rollout wave	2026-09-14T07:21:03.7044884Z         },
validate-platform	Validate Y1 Golden rollout wave	2026-09-14T07:21:03.7045281Z         "comparison": "blob_equality",
validate-platform	Validate Y1 Golden rollout wave	2026-09-14T07:21:03.7045751Z         "status": "equal",
validate-platform	Validate Y1 Golden rollout wave	2026-09-14T07:21:03.7046160Z         "missing_at": [],
validate-platform	Validate Y1 Golden rollout wave	2026-09-14T07:21:03.7046658Z         "label": "current lesson rendered input"
validate-platform	Validate Y1 Golden rollout wave	2026-09-14T07:21:03.7047150Z       },
validate-platform	Validate Y1 Golden rollout wave	2026-09-14T07:21:03.7047448Z       {
validate-platform	Validate Y1 Golden rollout wave	2026-09-14T07:21:03.7048526Z         "path": "Boek 1 - Grondslagen, vraag en aanbod/1.1 Hoofdstuk Economisch denken en rekenen/1.1.1 Schaarste en economisch denken/_assets/1.1.1_fig_1.svg",
validate-platform	Validate Y1 Golden rollout wave	2026-09-14T07:21:03.7049633Z         "blobs": {
validate-platform	Validate Y1 Golden rollout wave	2026-09-14T07:21:03.7050208Z           "historical_snapshot": "9cd1d300e00b5983c1851e67f796e43aae453662",
validate-platform	Validate Y1 Golden rollout wave	2026-09-14T07:21:03.7051038Z           "current_head": "9cd1d300e00b5983c1851e67f796e43aae453662"
validate-platform	Validate Y1 Golden rollout wave	2026-09-14T07:21:03.7051594Z         },
validate-platform	Validate Y1 Golden rollout wave	2026-09-14T07:21:03.7051984Z         "comparison": "blob_equality",
validate-platform	Validate Y1 Golden rollout wave	2026-09-14T07:21:03.7052437Z         "status": "equal",
validate-platform	Validate Y1 Golden rollout wave	2026-09-14T07:21:03.7052844Z         "missing_at": [],
validate-platform	Validate Y1 Golden rollout wave	2026-09-14T07:21:03.7053307Z         "label": "current lesson rendered input"
validate-platform	Validate Y1 Golden rollout wave	2026-09-14T07:21:03.7053783Z       },
validate-platform	Validate Y1 Golden rollout wave	2026-09-14T07:21:03.7054066Z       {
validate-platform	Validate Y1 Golden rollout wave	2026-09-14T07:21:03.7055242Z         "path": "Boek 1 - Grondslagen, vraag en aanbod/1.1 Hoofdstuk Economisch denken en rekenen/1.1.1 Schaarste en economisch denken/_assets/1.1.1_fig_2_web_dark.svg",
validate-platform	Validate Y1 Golden rollout wave	2026-09-14T07:21:03.7056441Z         "blobs": {
validate-platform	Validate Y1 Golden rollout wave	2026-09-14T07:21:03.7057419Z           "historical_snapshot": "d000481c8f9f861aff6faf5f6be9c91f7f777b60",
validate-platform	Validate Y1 Golden rollout wave	2026-09-14T07:21:03.7058534Z           "current_head": "d000481c8f9f861aff6faf5f6be9c91f7f777b60"
validate-platform	Validate Y1 Golden rollout wave	2026-09-14T07:21:03.7059147Z         },
validate-platform	Validate Y1 Golden rollout wave	2026-09-14T07:21:03.7059530Z         "comparison": "blob_equality",
validate-platform	Validate Y1 Golden rollout wave	2026-09-14T07:21:03.7059994Z         "status": "equal",
validate-platform	Validate Y1 Golden rollout wave	2026-09-14T07:21:03.7060400Z         "missing_at": [],
validate-platform	Validate Y1 Golden rollout wave	2026-09-14T07:21:03.7060890Z         "label": "current lesson rendered input"
validate-platform	Validate Y1 Golden rollout wave	2026-09-14T07:21:03.7061209Z       },
validate-platform	Validate Y1 Golden rollout wave	2026-09-14T07:21:03.7061386Z       {
validate-platform	Validate Y1 Golden rollout wave	2026-09-14T07:21:03.7062062Z         "path": "Boek 1 - Grondslagen, vraag en aanbod/1.1 Hoofdstuk Economisch denken en rekenen/1.1.1 Schaarste en economisch denken/_assets/1.1.1_fig_2_web_light.svg",
validate-platform	Validate Y1 Golden rollout wave	2026-09-14T07:21:03.7062740Z         "blobs": {
validate-platform	Validate Y1 Golden rollout wave	2026-09-14T07:21:03.7063103Z           "historical_snapshot": "eb1da5aa7abea87748ba1905605b47371fd8553a",
validate-platform	Validate Y1 Golden rollout wave	2026-09-14T07:21:03.7063569Z           "current_head": "eb1da5aa7abea87748ba1905605b47371fd8553a"
validate-platform	Validate Y1 Golden rollout wave	2026-09-14T07:21:03.7063890Z         },
validate-platform	Validate Y1 Golden rollout wave	2026-09-14T07:21:03.7064100Z         "comparison": "blob_equality",
validate-platform	Validate Y1 Golden rollout wave	2026-09-14T07:21:03.7064351Z         "status": "equal",
validate-platform	Validate Y1 Golden rollout wave	2026-09-14T07:21:03.7064578Z         "missing_at": [],
validate-platform	Validate Y1 Golden rollout wave	2026-09-14T07:21:03.7064840Z         "label": "current lesson rendered input"
validate-platform	Validate Y1 Golden rollout wave	2026-09-14T07:21:03.7065112Z       },
validate-platform	Validate Y1 Golden rollout wave	2026-09-14T07:21:03.7066104Z       {
validate-platform	Validate Y1 Golden rollout wave	2026-09-14T07:21:03.7066729Z         "path": "Boek 1 - Grondslagen, vraag en aanbod/1.1 Hoofdstuk Economisch denken en rekenen/1.1.1 Schaarste en economisch denken/_assets/1.1.1_fig_2.svg",
validate-platform	Validate Y1 Golden rollout wave	2026-09-14T07:21:03.7067345Z         "blobs": {
validate-platform	Validate Y1 Golden rollout wave	2026-09-14T07:21:03.7067686Z           "historical_snapshot": "db0168dbe17ca2fb3af0adf29ceb58817aa7beef",
validate-platform	Validate Y1 Golden rollout wave	2026-09-14T07:21:03.7068167Z           "current_head": "db0168dbe17ca2fb3af0adf29ceb58817aa7beef"
validate-platform	Validate Y1 Golden rollout wave	2026-09-14T07:21:03.7068766Z         },
validate-platform	Validate Y1 Golden rollout wave	2026-09-14T07:21:03.7069006Z         "comparison": "blob_equality",
validate-platform	Validate Y1 Golden rollout wave	2026-09-14T07:21:03.7069291Z         "status": "equal",
validate-platform	Validate Y1 Golden rollout wave	2026-09-14T07:21:03.7069530Z         "missing_at": [],
validate-platform	Validate Y1 Golden rollout wave	2026-09-14T07:21:03.7069807Z         "label": "current lesson rendered input"
validate-platform	Validate Y1 Golden rollout wave	2026-09-14T07:21:03.7070094Z       },
validate-platform	Validate Y1 Golden rollout wave	2026-09-14T07:21:03.7070275Z       {
validate-platform	Validate Y1 Golden rollout wave	2026-09-14T07:21:03.7070953Z         "path": "Boek 1 - Grondslagen, vraag en aanbod/1.1 Hoofdstuk Economisch denken en rekenen/1.1.1 Schaarste en economisch denken/_assets/1.1.1_fig_3_web_dark.svg",
validate-platform	Validate Y1 Golden rollout wave	2026-09-14T07:21:03.7071619Z         "blobs": {
validate-platform	Validate Y1 Golden rollout wave	2026-09-14T07:21:03.7071958Z           "historical_snapshot": "88b404c4bd618c36db0b0aaf8865011c4a1a9558",
validate-platform	Validate Y1 Golden rollout wave	2026-09-14T07:21:03.7072413Z           "current_head": "88b404c4bd618c36db0b0aaf8865011c4a1a9558"
validate-platform	Validate Y1 Golden rollout wave	2026-09-14T07:21:03.7072735Z         },
validate-platform	Validate Y1 Golden rollout wave	2026-09-14T07:21:03.7072950Z         "comparison": "blob_equality",
validate-platform	Validate Y1 Golden rollout wave	2026-09-14T07:21:03.7073229Z         "status": "equal",
validate-platform	Validate Y1 Golden rollout wave	2026-09-14T07:21:03.7073463Z         "missing_at": [],
validate-platform	Validate Y1 Golden rollout wave	2026-09-14T07:21:03.7073739Z         "label": "current lesson rendered input"
validate-platform	Validate Y1 Golden rollout wave	2026-09-14T07:21:03.7074006Z       },
validate-platform	Validate Y1 Golden rollout wave	2026-09-14T07:21:03.7074176Z       {
validate-platform	Validate Y1 Golden rollout wave	2026-09-14T07:21:03.7074828Z         "path": "Boek 1 - Grondslagen, vraag en aanbod/1.1 Hoofdstuk Economisch denken en rekenen/1.1.1 Schaarste en economisch denken/_assets/1.1.1_fig_3_web_light.svg",
validate-platform	Validate Y1 Golden rollout wave	2026-09-14T07:21:03.7075485Z         "blobs": {
validate-platform	Validate Y1 Golden rollout wave	2026-09-14T07:21:03.7075818Z           "historical_snapshot": "c25fffb1b84ffddb83b8403f7c77bf4885040364",
validate-platform	Validate Y1 Golden rollout wave	2026-09-14T07:21:03.7076286Z           "current_head": "c25fffb1b84ffddb83b8403f7c77bf4885040364"
validate-platform	Validate Y1 Golden rollout wave	2026-09-14T07:21:03.7076613Z         },
validate-platform	Validate Y1 Golden rollout wave	2026-09-14T07:21:03.7076825Z         "comparison": "blob_equality",
validate-platform	Validate Y1 Golden rollout wave	2026-09-14T07:21:03.7077083Z         "status": "equal",
validate-platform	Validate Y1 Golden rollout wave	2026-09-14T07:21:03.7077723Z         "missing_at": [],
validate-platform	Validate Y1 Golden rollout wave	2026-09-14T07:21:03.7078025Z         "label": "current lesson rendered input"
validate-platform	Validate Y1 Golden rollout wave	2026-09-14T07:21:03.7078295Z       },
validate-platform	Validate Y1 Golden rollout wave	2026-09-14T07:21:03.7078466Z       {
validate-platform	Validate Y1 Golden rollout wave	2026-09-14T07:21:03.7079086Z         "path": "Boek 1 - Grondslagen, vraag en aanbod/1.1 Hoofdstuk Economisch denken en rekenen/1.1.1 Schaarste en economisch denken/_assets/1.1.1_fig_3.svg",
validate-platform	Validate Y1 Golden rollout wave	2026-09-14T07:21:03.7079702Z         "blobs": {
validate-platform	Validate Y1 Golden rollout wave	2026-09-14T07:21:03.7080021Z           "historical_snapshot": "bf37fb0cf18e852d879fb96a6014a79328fcee45",
validate-platform	Validate Y1 Golden rollout wave	2026-09-14T07:21:03.7080478Z           "current_head": "bf37fb0cf18e852d879fb96a6014a79328fcee45"
validate-platform	Validate Y1 Golden rollout wave	2026-09-14T07:21:03.7080785Z         },
validate-platform	Validate Y1 Golden rollout wave	2026-09-14T07:21:03.7080990Z         "comparison": "blob_equality",
validate-platform	Validate Y1 Golden rollout wave	2026-09-14T07:21:03.7081252Z         "status": "equal",
validate-platform	Validate Y1 Golden rollout wave	2026-09-14T07:21:03.7081465Z         "missing_at": [],
validate-platform	Validate Y1 Golden rollout wave	2026-09-14T07:21:03.7081726Z         "label": "current lesson rendered input"
validate-platform	Validate Y1 Golden rollout wave	2026-09-14T07:21:03.7081984Z       },
validate-platform	Validate Y1 Golden rollout wave	2026-09-14T07:21:03.7082152Z       {
validate-platform	Validate Y1 Golden rollout wave	2026-09-14T07:21:03.7082776Z         "path": "Boek 1 - Grondslagen, vraag en aanbod/1.1 Hoofdstuk Economisch denken en rekenen/1.1.1 Schaarste en economisch denken/_assets/1.1.1_we_1_web_dark.svg",
validate-platform	Validate Y1 Golden rollout wave	2026-09-14T07:21:03.7083417Z         "blobs": {
validate-platform	Validate Y1 Golden rollout wave	2026-09-14T07:21:03.7083732Z           "historical_snapshot": "c6978db898f642e6322af06e96fc90c6837c722f",
validate-platform	Validate Y1 Golden rollout wave	2026-09-14T07:21:03.7084184Z           "current_head": "c6978db898f642e6322af06e96fc90c6837c722f"
validate-platform	Validate Y1 Golden rollout wave	2026-09-14T07:21:03.7084486Z         },
validate-platform	Validate Y1 Golden rollout wave	2026-09-14T07:21:03.7084702Z         "comparison": "blob_equality",
validate-platform	Validate Y1 Golden rollout wave	2026-09-14T07:21:03.7084954Z         "status": "equal",
validate-platform	Validate Y1 Golden rollout wave	2026-09-14T07:21:03.7085177Z         "missing_at": [],
validate-platform	Validate Y1 Golden rollout wave	2026-09-14T07:21:03.7085436Z         "label": "current lesson rendered input"
validate-platform	Validate Y1 Golden rollout wave	2026-09-14T07:21:03.7085854Z       },
validate-platform	Validate Y1 Golden rollout wave	2026-09-14T07:21:03.7086035Z       {
validate-platform	Validate Y1 Golden rollout wave	2026-09-14T07:21:03.7086690Z         "path": "Boek 1 - Grondslagen, vraag en aanbod/1.1 Hoofdstuk Economisch denken en rekenen/1.1.1 Schaarste en economisch denken/_assets/1.1.1_we_1_web_light.svg",
validate-platform	Validate Y1 Golden rollout wave	2026-09-14T07:21:03.7087353Z         "blobs": {
validate-platform	Validate Y1 Golden rollout wave	2026-09-14T07:21:03.7087690Z           "historical_snapshot": "eeb3bcadf137f9ddbc12c0a6959a02a405cb0a4e",
validate-platform	Validate Y1 Golden rollout wave	2026-09-14T07:21:03.7088308Z           "current_head": "eeb3bcadf137f9ddbc12c0a6959a02a405cb0a4e"
validate-platform	Validate Y1 Golden rollout wave	2026-09-14T07:21:03.7088632Z         },
validate-platform	Validate Y1 Golden rollout wave	2026-09-14T07:21:03.7088843Z         "comparison": "blob_equality",
validate-platform	Validate Y1 Golden rollout wave	2026-09-14T07:21:03.7089111Z         "status": "equal",
validate-platform	Validate Y1 Golden rollout wave	2026-09-14T07:21:03.7089326Z         "missing_at": [],
validate-platform	Validate Y1 Golden rollout wave	2026-09-14T07:21:03.7089592Z         "label": "current lesson rendered input"
validate-platform	Validate Y1 Golden rollout wave	2026-09-14T07:21:03.7089853Z       },
validate-platform	Validate Y1 Golden rollout wave	2026-09-14T07:21:03.7090019Z       {
validate-platform	Validate Y1 Golden rollout wave	2026-09-14T07:21:03.7090616Z         "path": "Boek 1 - Grondslagen, vraag en aanbod/1.1 Hoofdstuk Economisch denken en rekenen/1.1.1 Schaarste en economisch denken/_assets/1.1.1_we_1.svg",
validate-platform	Validate Y1 Golden rollout wave	2026-09-14T07:21:03.7091233Z         "blobs": {
validate-platform	Validate Y1 Golden rollout wave	2026-09-14T07:21:03.7091550Z           "historical_snapshot": "666040f93fdde1cef584673ca306269434248b15",
validate-platform	Validate Y1 Golden rollout wave	2026-09-14T07:21:03.7091998Z           "current_head": "666040f93fdde1cef584673ca306269434248b15"
validate-platform	Validate Y1 Golden rollout wave	2026-09-14T07:21:03.7092304Z         },
validate-platform	Validate Y1 Golden rollout wave	2026-09-14T07:21:03.7092506Z         "comparison": "blob_equality",
validate-platform	Validate Y1 Golden rollout wave	2026-09-14T07:21:03.7092770Z         "status": "equal",
validate-platform	Validate Y1 Golden rollout wave	2026-09-14T07:21:03.7092978Z         "missing_at": [],
validate-platform	Validate Y1 Golden rollout wave	2026-09-14T07:21:03.7093238Z         "label": "current lesson rendered input"
validate-platform	Validate Y1 Golden rollout wave	2026-09-14T07:21:03.7093492Z       },
validate-platform	Validate Y1 Golden rollout wave	2026-09-14T07:21:03.7093655Z       {
validate-platform	Validate Y1 Golden rollout wave	2026-09-14T07:21:03.7094722Z         "path": "Boek 1 - Grondslagen, vraag en aanbod/1.1 Hoofdstuk Economisch denken en rekenen/1.1.1 Schaarste en economisch denken/1.1.1 Schaarste en economisch denken – exit-ticket.html",
validate-platform	Validate Y1 Golden rollout wave	2026-09-14T07:21:03.7095460Z         "blobs": {
validate-platform	Validate Y1 Golden rollout wave	2026-09-14T07:21:03.7095793Z           "historical_snapshot": "329db9a7a82d8c90b58c2706d0dfb44a13c78d5e",
validate-platform	Validate Y1 Golden rollout wave	2026-09-14T07:21:03.7096245Z           "current_head": "329db9a7a82d8c90b58c2706d0dfb44a13c78d5e"
validate-platform	Validate Y1 Golden rollout wave	2026-09-14T07:21:03.7096551Z         },
validate-platform	Validate Y1 Golden rollout wave	2026-09-14T07:21:03.7096770Z         "comparison": "blob_equality",
validate-platform	Validate Y1 Golden rollout wave	2026-09-14T07:21:03.7097023Z         "status": "equal",
validate-platform	Validate Y1 Golden rollout wave	2026-09-14T07:21:03.7097233Z         "missing_at": [],
validate-platform	Validate Y1 Golden rollout wave	2026-09-14T07:21:03.7097814Z         "label": "current lesson rendered input"
validate-platform	Validate Y1 Golden rollout wave	2026-09-14T07:21:03.7098140Z       },
validate-platform	Validate Y1 Golden rollout wave	2026-09-14T07:21:03.7098315Z       {
validate-platform	Validate Y1 Golden rollout wave	2026-09-14T07:21:03.7099183Z         "path": "Boek 1 - Grondslagen, vraag en aanbod/1.1 Hoofdstuk Economisch denken en rekenen/1.1.1 Schaarste en economisch denken/1.1.1 Schaarste en economisch denken – instapquiz.html",
validate-platform	Validate Y1 Golden rollout wave	2026-09-14T07:21:03.7099912Z         "blobs": {
validate-platform	Validate Y1 Golden rollout wave	2026-09-14T07:21:03.7100258Z           "historical_snapshot": "ed3912bcb77c65bb4720b8b303c4f39b718e4eaf",
validate-platform	Validate Y1 Golden rollout wave	2026-09-14T07:21:03.7100728Z           "current_head": "ed3912bcb77c65bb4720b8b303c4f39b718e4eaf"
validate-platform	Validate Y1 Golden rollout wave	2026-09-14T07:21:03.7101047Z         },
validate-platform	Validate Y1 Golden rollout wave	2026-09-14T07:21:03.7101261Z         "comparison": "blob_equality",
validate-platform	Validate Y1 Golden rollout wave	2026-09-14T07:21:03.7101509Z         "status": "equal",
validate-platform	Validate Y1 Golden rollout wave	2026-09-14T07:21:03.7101733Z         "missing_at": [],
validate-platform	Validate Y1 Golden rollout wave	2026-09-14T07:21:03.7101990Z         "label": "current lesson rendered input"
validate-platform	Validate Y1 Golden rollout wave	2026-09-14T07:21:03.7102260Z       },
validate-platform	Validate Y1 Golden rollout wave	2026-09-14T07:21:03.7102429Z       {
validate-platform	Validate Y1 Golden rollout wave	2026-09-14T07:21:03.7103283Z         "path": "Boek 1 - Grondslagen, vraag en aanbod/1.1 Hoofdstuk Economisch denken en rekenen/1.1.1 Schaarste en economisch denken/1.1.1 Schaarste en economisch denken – korte-check.html",
validate-platform	Validate Y1 Golden rollout wave	2026-09-14T07:21:03.7104057Z         "blobs": {
validate-platform	Validate Y1 Golden rollout wave	2026-09-14T07:21:03.7104381Z           "historical_snapshot": "3b8f9b483ba8c9e564a186e0b63406d74c16c591",
validate-platform	Validate Y1 Golden rollout wave	2026-09-14T07:21:03.7104839Z           "current_head": "3b8f9b483ba8c9e564a186e0b63406d74c16c591"
validate-platform	Validate Y1 Golden rollout wave	2026-09-14T07:21:03.7105148Z         },
validate-platform	Validate Y1 Golden rollout wave	2026-09-14T07:21:03.7105360Z         "comparison": "blob_equality",
validate-platform	Validate Y1 Golden rollout wave	2026-09-14T07:21:03.7105610Z         "status": "equal",
validate-platform	Validate Y1 Golden rollout wave	2026-09-14T07:21:03.7105993Z         "missing_at": [],
validate-platform	Validate Y1 Golden rollout wave	2026-09-14T07:21:03.7106254Z         "label": "current lesson rendered input"
validate-platform	Validate Y1 Golden rollout wave	2026-09-14T07:21:03.7106528Z       },
validate-platform	Validate Y1 Golden rollout wave	2026-09-14T07:21:03.7106692Z       {
validate-platform	Validate Y1 Golden rollout wave	2026-09-14T07:21:03.7107532Z         "path": "Boek 1 - Grondslagen, vraag en aanbod/1.1 Hoofdstuk Economisch denken en rekenen/1.1.1 Schaarste en economisch denken/1.1.1 Schaarste en economisch denken – opgaven.html",
validate-platform	Validate Y1 Golden rollout wave	2026-09-14T07:21:03.7108239Z         "blobs": {
validate-platform	Validate Y1 Golden rollout wave	2026-09-14T07:21:03.7108703Z           "historical_snapshot": "5ed342e6be63bbc765fe257963232d1e7fd6bbfd",
validate-platform	Validate Y1 Golden rollout wave	2026-09-14T07:21:03.7109151Z           "current_head": "5ed342e6be63bbc765fe257963232d1e7fd6bbfd"
validate-platform	Validate Y1 Golden rollout wave	2026-09-14T07:21:03.7109463Z         },
validate-platform	Validate Y1 Golden rollout wave	2026-09-14T07:21:03.7109667Z         "comparison": "blob_equality",
validate-platform	Validate Y1 Golden rollout wave	2026-09-14T07:21:03.7109912Z         "status": "equal",
validate-platform	Validate Y1 Golden rollout wave	2026-09-14T07:21:03.7110132Z         "missing_at": [],
validate-platform	Validate Y1 Golden rollout wave	2026-09-14T07:21:03.7110387Z         "label": "current lesson rendered input"
validate-platform	Validate Y1 Golden rollout wave	2026-09-14T07:21:03.7111669Z       },
validate-platform	Validate Y1 Golden rollout wave	2026-09-14T07:21:03.7113127Z       {
validate-platform	Validate Y1 Golden rollout wave	2026-09-14T07:21:03.7114778Z         "path": "Boek 1 - Grondslagen, vraag en aanbod/1.1 Hoofdstuk Economisch denken en rekenen/1.1.1 Schaarste en economisch denken/1.1.1 Schaarste en economisch denken – redeneer-spel.html",
validate-platform	Validate Y1 Golden rollout wave	2026-09-14T07:21:03.7115565Z         "blobs": {
validate-platform	Validate Y1 Golden rollout wave	2026-09-14T07:21:03.7115926Z           "historical_snapshot": "68edad998d48e36c6849d8b8f4364f6070f61adc",
validate-platform	Validate Y1 Golden rollout wave	2026-09-14T07:21:03.7116394Z           "current_head": "68edad998d48e36c6849d8b8f4364f6070f61adc"
validate-platform	Validate Y1 Golden rollout wave	2026-09-14T07:21:03.7116731Z         },
validate-platform	Validate Y1 Golden rollout wave	2026-09-14T07:21:03.7116945Z         "comparison": "blob_equality",
validate-platform	Validate Y1 Golden rollout wave	2026-09-14T07:21:03.7117215Z         "status": "equal",
validate-platform	Validate Y1 Golden rollout wave	2026-09-14T07:21:03.7117438Z         "missing_at": [],
validate-platform	Validate Y1 Golden rollout wave	2026-09-14T07:21:03.7118052Z         "label": "current lesson rendered input"
validate-platform	Validate Y1 Golden rollout wave	2026-09-14T07:21:03.7118358Z       },
validate-platform	Validate Y1 Golden rollout wave	2026-09-14T07:21:03.7118528Z       {
validate-platform	Validate Y1 Golden rollout wave	2026-09-14T07:21:03.7119466Z         "path": "Boek 1 - Grondslagen, vraag en aanbod/1.1 Hoofdstuk Economisch denken en rekenen/1.1.1 Schaarste en economisch denken/1.1.1 Schaarste en economisch denken – uitleg vaardigheden.html",
validate-platform	Validate Y1 Golden rollout wave	2026-09-14T07:21:03.7120256Z         "blobs": {
validate-platform	Validate Y1 Golden rollout wave	2026-09-14T07:21:03.7120607Z           "historical_snapshot": "8fa10e4dbfc9dbab0d84a417593bda5b4d94eb5b",
validate-platform	Validate Y1 Golden rollout wave	2026-09-14T07:21:03.7121075Z           "current_head": "8fa10e4dbfc9dbab0d84a417593bda5b4d94eb5b"
validate-platform	Validate Y1 Golden rollout wave	2026-09-14T07:21:03.7121402Z         },
validate-platform	Validate Y1 Golden rollout wave	2026-09-14T07:21:03.7121619Z         "comparison": "blob_equality",
validate-platform	Validate Y1 Golden rollout wave	2026-09-14T07:21:03.7121892Z         "status": "equal",
validate-platform	Validate Y1 Golden rollout wave	2026-09-14T07:21:03.7122111Z         "missing_at": [],
validate-platform	Validate Y1 Golden rollout wave	2026-09-14T07:21:03.7122385Z         "label": "current lesson rendered input"
validate-platform	Validate Y1 Golden rollout wave	2026-09-14T07:21:03.7122653Z       },
validate-platform	Validate Y1 Golden rollout wave	2026-09-14T07:21:03.7122828Z       {
validate-platform	Validate Y1 Golden rollout wave	2026-09-14T07:21:03.7123956Z         "path": "Boek 1 - Grondslagen, vraag en aanbod/1.1 Hoofdstuk Economisch denken en rekenen/1.1.1 Schaarste en economisch denken/1.1.1 Schaarste en economisch denken – wiskundevaardigheden.html",
validate-platform	Validate Y1 Golden rollout wave	2026-09-14T07:21:03.7125545Z         "blobs": {
validate-platform	Validate Y1 Golden rollout wave	2026-09-14T07:21:03.7126119Z           "historical_snapshot": "aedfe14d3393e0b6858d5119d55382d320758b13",
validate-platform	Validate Y1 Golden rollout wave	2026-09-14T07:21:03.7126864Z           "current_head": "aedfe14d3393e0b6858d5119d55382d320758b13"
validate-platform	Validate Y1 Golden rollout wave	2026-09-14T07:21:03.7127369Z         },
validate-platform	Validate Y1 Golden rollout wave	2026-09-14T07:21:03.7127691Z         "comparison": "blob_equality",
validate-platform	Validate Y1 Golden rollout wave	2026-09-14T07:21:03.7128101Z         "status": "equal",
validate-platform	Validate Y1 Golden rollout wave	2026-09-14T07:21:03.7128444Z         "missing_at": [],
validate-platform	Validate Y1 Golden rollout wave	2026-09-14T07:21:03.7128876Z         "label": "current lesson rendered input"
validate-platform	Validate Y1 Golden rollout wave	2026-09-14T07:21:03.7129301Z       },
validate-platform	Validate Y1 Golden rollout wave	2026-09-14T07:21:03.7129552Z       {
validate-platform	Validate Y1 Golden rollout wave	2026-09-14T07:21:03.7130452Z         "path": "Boek 1 - Grondslagen, vraag en aanbod/1.1 Hoofdstuk Economisch denken en rekenen/1.1.1 Schaarste en economisch denken/index.html",
validate-platform	Validate Y1 Golden rollout wave	2026-09-14T07:21:03.7131439Z         "blobs": {
validate-platform	Validate Y1 Golden rollout wave	2026-09-14T07:21:03.7131967Z           "historical_snapshot": "e0e1b7044a7eb3f3033381e909db9ad157a564a3",
validate-platform	Validate Y1 Golden rollout wave	2026-09-14T07:21:03.7132711Z           "current_head": "e0e1b7044a7eb3f3033381e909db9ad157a564a3"
validate-platform	Validate Y1 Golden rollout wave	2026-09-14T07:21:03.7134396Z         },
validate-platform	Validate Y1 Golden rollout wave	2026-09-14T07:21:03.7134772Z         "comparison": "blob_equality",
validate-platform	Validate Y1 Golden rollout wave	2026-09-14T07:21:03.7135216Z         "status": "equal",
validate-platform	Validate Y1 Golden rollout wave	2026-09-14T07:21:03.7135574Z         "missing_at": [],
validate-platform	Validate Y1 Golden rollout wave	2026-09-14T07:21:03.7135979Z         "label": "current lesson rendered input"
validate-platform	Validate Y1 Golden rollout wave	2026-09-14T07:21:03.7136395Z       },
validate-platform	Validate Y1 Golden rollout wave	2026-09-14T07:21:03.7136685Z       {
validate-platform	Validate Y1 Golden rollout wave	2026-09-14T07:21:03.7138435Z         "path": "Boek 1 - Grondslagen, vraag en aanbod/1.1 Hoofdstuk Economisch denken en rekenen/1.1.2 Percentages en indexcijfers/1.1.2 Percentages en indexcijfers – exit-ticket.html",
validate-platform	Validate Y1 Golden rollout wave	2026-09-14T07:21:03.7141100Z         "blobs": {
validate-platform	Validate Y1 Golden rollout wave	2026-09-14T07:21:03.7141485Z           "historical_snapshot": "fe2706932d7891ebc8df29a9a5d2275d9567b89f",
validate-platform	Validate Y1 Golden rollout wave	2026-09-14T07:21:03.7141975Z           "current_head": "fe2706932d7891ebc8df29a9a5d2275d9567b89f"
validate-platform	Validate Y1 Golden rollout wave	2026-09-14T07:21:03.7142297Z         },
validate-platform	Validate Y1 Golden rollout wave	2026-09-14T07:21:03.7142536Z         "comparison": "blob_equality",
validate-platform	Validate Y1 Golden rollout wave	2026-09-14T07:21:03.7142801Z         "status": "equal",
validate-platform	Validate Y1 Golden rollout wave	2026-09-14T07:21:03.7143045Z         "missing_at": [],
validate-platform	Validate Y1 Golden rollout wave	2026-09-14T07:21:03.7143319Z         "label": "current lesson rendered input"
validate-platform	Validate Y1 Golden rollout wave	2026-09-14T07:21:03.7143601Z       },
validate-platform	Validate Y1 Golden rollout wave	2026-09-14T07:21:03.7143771Z       {
validate-platform	Validate Y1 Golden rollout wave	2026-09-14T07:21:03.7144685Z         "path": "Boek 1 - Grondslagen, vraag en aanbod/1.1 Hoofdstuk Economisch denken en rekenen/1.1.2 Percentages en indexcijfers/1.1.2 Percentages en indexcijfers – instapquiz.html",
validate-platform	Validate Y1 Golden rollout wave	2026-09-14T07:21:03.7145436Z         "blobs": {
validate-platform	Validate Y1 Golden rollout wave	2026-09-14T07:21:03.7145783Z           "historical_snapshot": "a9333a8fe4807912c77f37fddf7ecd5614ca3175",
validate-platform	Validate Y1 Golden rollout wave	2026-09-14T07:21:03.7146253Z           "current_head": "a9333a8fe4807912c77f37fddf7ecd5614ca3175"
validate-platform	Validate Y1 Golden rollout wave	2026-09-14T07:21:03.7146567Z         },
validate-platform	Validate Y1 Golden rollout wave	2026-09-14T07:21:03.7146786Z         "comparison": "blob_equality",
validate-platform	Validate Y1 Golden rollout wave	2026-09-14T07:21:03.7147043Z         "status": "equal",
validate-platform	Validate Y1 Golden rollout wave	2026-09-14T07:21:03.7147268Z         "missing_at": [],
validate-platform	Validate Y1 Golden rollout wave	2026-09-14T07:21:03.7147529Z         "label": "current lesson rendered input"
validate-platform	Validate Y1 Golden rollout wave	2026-09-14T07:21:03.7147799Z       },
validate-platform	Validate Y1 Golden rollout wave	2026-09-14T07:21:03.7147969Z       {
validate-platform	Validate Y1 Golden rollout wave	2026-09-14T07:21:03.7148804Z         "path": "Boek 1 - Grondslagen, vraag en aanbod/1.1 Hoofdstuk Economisch denken en rekenen/1.1.2 Percentages en indexcijfers/1.1.2 Percentages en indexcijfers – korte-check.html",
validate-platform	Validate Y1 Golden rollout wave	2026-09-14T07:21:03.7149522Z         "blobs": {
validate-platform	Validate Y1 Golden rollout wave	2026-09-14T07:21:03.7149860Z           "historical_snapshot": "e927dd16deed8569774ddb2c9df4fdc9fbf8d091",
validate-platform	Validate Y1 Golden rollout wave	2026-09-14T07:21:03.7150335Z           "current_head": "e927dd16deed8569774ddb2c9df4fdc9fbf8d091"
validate-platform	Validate Y1 Golden rollout wave	2026-09-14T07:21:03.7150668Z         },
validate-platform	Validate Y1 Golden rollout wave	2026-09-14T07:21:03.7150879Z         "comparison": "blob_equality",
validate-platform	Validate Y1 Golden rollout wave	2026-09-14T07:21:03.7151147Z         "status": "equal",
validate-platform	Validate Y1 Golden rollout wave	2026-09-14T07:21:03.7151366Z         "missing_at": [],
validate-platform	Validate Y1 Golden rollout wave	2026-09-14T07:21:03.7151630Z         "label": "current lesson rendered input"
validate-platform	Validate Y1 Golden rollout wave	2026-09-14T07:21:03.7151901Z       },
validate-platform	Validate Y1 Golden rollout wave	2026-09-14T07:21:03.7152064Z       {
validate-platform	Validate Y1 Golden rollout wave	2026-09-14T07:21:03.7152881Z         "path": "Boek 1 - Grondslagen, vraag en aanbod/1.1 Hoofdstuk Economisch denken en rekenen/1.1.2 Percentages en indexcijfers/1.1.2 Percentages en indexcijfers – opgaven.html",
validate-platform	Validate Y1 Golden rollout wave	2026-09-14T07:21:03.7153587Z         "blobs": {
validate-platform	Validate Y1 Golden rollout wave	2026-09-14T07:21:03.7153918Z           "historical_snapshot": "0a0148b381eac432da4899b17f2ae05f681582af",
validate-platform	Validate Y1 Golden rollout wave	2026-09-14T07:21:03.7154366Z           "current_head": "0a0148b381eac432da4899b17f2ae05f681582af"
validate-platform	Validate Y1 Golden rollout wave	2026-09-14T07:21:03.7154687Z         },
validate-platform	Validate Y1 Golden rollout wave	2026-09-14T07:21:03.7154892Z         "comparison": "blob_equality",
validate-platform	Validate Y1 Golden rollout wave	2026-09-14T07:21:03.7155154Z         "status": "equal",
validate-platform	Validate Y1 Golden rollout wave	2026-09-14T07:21:03.7155387Z         "missing_at": [],
validate-platform	Validate Y1 Golden rollout wave	2026-09-14T07:21:03.7155653Z         "label": "current lesson rendered input"
validate-platform	Validate Y1 Golden rollout wave	2026-09-14T07:21:03.7155915Z       },
validate-platform	Validate Y1 Golden rollout wave	2026-09-14T07:21:03.7156081Z       {
validate-platform	Validate Y1 Golden rollout wave	2026-09-14T07:21:03.7156946Z         "path": "Boek 1 - Grondslagen, vraag en aanbod/1.1 Hoofdstuk Economisch denken en rekenen/1.1.2 Percentages en indexcijfers/1.1.2 Percentages en indexcijfers – uitleg vaardigheden.html",
validate-platform	Validate Y1 Golden rollout wave	2026-09-14T07:21:03.7157926Z         "blobs": {
validate-platform	Validate Y1 Golden rollout wave	2026-09-14T07:21:03.7158300Z           "historical_snapshot": "6eff5535f040c9e7737067ade4cbf58cc78f2842",
validate-platform	Validate Y1 Golden rollout wave	2026-09-14T07:21:03.7158986Z           "current_head": "6eff5535f040c9e7737067ade4cbf58cc78f2842"
validate-platform	Validate Y1 Golden rollout wave	2026-09-14T07:21:03.7159553Z         },
validate-platform	Validate Y1 Golden rollout wave	2026-09-14T07:21:03.7159779Z         "comparison": "blob_equality",
validate-platform	Validate Y1 Golden rollout wave	2026-09-14T07:21:03.7160047Z         "status": "equal",
validate-platform	Validate Y1 Golden rollout wave	2026-09-14T07:21:03.7160267Z         "missing_at": [],
validate-platform	Validate Y1 Golden rollout wave	2026-09-14T07:21:03.7160537Z         "label": "current lesson rendered input"
validate-platform	Validate Y1 Golden rollout wave	2026-09-14T07:21:03.7160961Z       },
validate-platform	Validate Y1 Golden rollout wave	2026-09-14T07:21:03.7161132Z       {
validate-platform	Validate Y1 Golden rollout wave	2026-09-14T07:21:03.7162022Z         "path": "Boek 1 - Grondslagen, vraag en aanbod/1.1 Hoofdstuk Economisch denken en rekenen/1.1.2 Percentages en indexcijfers/1.1.2 Percentages en indexcijfers – wiskundevaardigheden.html",
validate-platform	Validate Y1 Golden rollout wave	2026-09-14T07:21:03.7162782Z         "blobs": {
validate-platform	Validate Y1 Golden rollout wave	2026-09-14T07:21:03.7163123Z           "historical_snapshot": "2c749e24f4707cad33e13eab600028690ac595a7",
validate-platform	Validate Y1 Golden rollout wave	2026-09-14T07:21:03.7163577Z           "current_head": "2c749e24f4707cad33e13eab600028690ac595a7"
validate-platform	Validate Y1 Golden rollout wave	2026-09-14T07:21:03.7163896Z         },
validate-platform	Validate Y1 Golden rollout wave	2026-09-14T07:21:03.7164101Z         "comparison": "blob_equality",
validate-platform	Validate Y1 Golden rollout wave	2026-09-14T07:21:03.7164361Z         "status": "equal",
validate-platform	Validate Y1 Golden rollout wave	2026-09-14T07:21:03.7164577Z         "missing_at": [],
validate-platform	Validate Y1 Golden rollout wave	2026-09-14T07:21:03.7164848Z         "label": "current lesson rendered input"
validate-platform	Validate Y1 Golden rollout wave	2026-09-14T07:21:03.7165109Z       },
validate-platform	Validate Y1 Golden rollout wave	2026-09-14T07:21:03.7165403Z       {
validate-platform	Validate Y1 Golden rollout wave	2026-09-14T07:21:03.7166053Z         "path": "Boek 1 - Grondslagen, vraag en aanbod/1.1 Hoofdstuk Economisch denken en rekenen/1.1.2 Percentages en indexcijfers/index.html",
validate-platform	Validate Y1 Golden rollout wave	2026-09-14T07:21:03.7166646Z         "blobs": {
validate-platform	Validate Y1 Golden rollout wave	2026-09-14T07:21:03.7166967Z           "historical_snapshot": "986612e922e646ca7dccce249b5208af2ceb4f79",
validate-platform	Validate Y1 Golden rollout wave	2026-09-14T07:21:03.7167818Z           "current_head": "986612e922e646ca7dccce249b5208af2ceb4f79"
validate-platform	Validate Y1 Golden rollout wave	2026-09-14T07:21:03.7168288Z         },
validate-platform	Validate Y1 Golden rollout wave	2026-09-14T07:21:03.7168512Z         "comparison": "blob_equality",
validate-platform	Validate Y1 Golden rollout wave	2026-09-14T07:21:03.7168775Z         "status": "equal",
validate-platform	Validate Y1 Golden rollout wave	2026-09-14T07:21:03.7168997Z         "missing_at": [],
validate-platform	Validate Y1 Golden rollout wave	2026-09-14T07:21:03.7169259Z         "label": "current lesson rendered input"
validate-platform	Validate Y1 Golden rollout wave	2026-09-14T07:21:03.7169517Z       },
validate-platform	Validate Y1 Golden rollout wave	2026-09-14T07:21:03.7169686Z       {
validate-platform	Validate Y1 Golden rollout wave	2026-09-14T07:21:03.7170482Z         "path": "Boek 1 - Grondslagen, vraag en aanbod/1.1 Hoofdstuk Economisch denken en rekenen/1.1.3 Grafieken en tabellen/1.1.3 Grafieken en tabellen – exit-ticket.html",
validate-platform	Validate Y1 Golden rollout wave	2026-09-14T07:21:03.7171152Z         "blobs": {
validate-platform	Validate Y1 Golden rollout wave	2026-09-14T07:21:03.7171472Z           "historical_snapshot": "99708c790647def6832cf5bdbd295943d545ba84",
validate-platform	Validate Y1 Golden rollout wave	2026-09-14T07:21:03.7171927Z           "current_head": "99708c790647def6832cf5bdbd295943d545ba84"
validate-platform	Validate Y1 Golden rollout wave	2026-09-14T07:21:03.7172228Z         },
validate-platform	Validate Y1 Golden rollout wave	2026-09-14T07:21:03.7172436Z         "comparison": "blob_equality",
validate-platform	Validate Y1 Golden rollout wave	2026-09-14T07:21:03.7172681Z         "status": "equal",
validate-platform	Validate Y1 Golden rollout wave	2026-09-14T07:21:03.7172898Z         "missing_at": [],
validate-platform	Validate Y1 Golden rollout wave	2026-09-14T07:21:03.7173153Z         "label": "current lesson rendered input"
validate-platform	Validate Y1 Golden rollout wave	2026-09-14T07:21:03.7173415Z       },
validate-platform	Validate Y1 Golden rollout wave	2026-09-14T07:21:03.7173577Z       {
validate-platform	Validate Y1 Golden rollout wave	2026-09-14T07:21:03.7174345Z         "path": "Boek 1 - Grondslagen, vraag en aanbod/1.1 Hoofdstuk Economisch denken en rekenen/1.1.3 Grafieken en tabellen/1.1.3 Grafieken en tabellen – grafiekenspel.html",
validate-platform	Validate Y1 Golden rollout wave	2026-09-14T07:21:03.7175023Z         "blobs": {
validate-platform	Validate Y1 Golden rollout wave	2026-09-14T07:21:03.7175334Z           "historical_snapshot": "7467df022820351de65675c24d1c7f64eafcafa0",
validate-platform	Validate Y1 Golden rollout wave	2026-09-14T07:21:03.7175772Z           "current_head": "7467df022820351de65675c24d1c7f64eafcafa0"
validate-platform	Validate Y1 Golden rollout wave	2026-09-14T07:21:03.7176068Z         },
validate-platform	Validate Y1 Golden rollout wave	2026-09-14T07:21:03.7176280Z         "comparison": "blob_equality",
validate-platform	Validate Y1 Golden rollout wave	2026-09-14T07:21:03.7176521Z         "status": "equal",
validate-platform	Validate Y1 Golden rollout wave	2026-09-14T07:21:03.7176739Z         "missing_at": [],
validate-platform	Validate Y1 Golden rollout wave	2026-09-14T07:21:03.7177621Z         "label": "current lesson rendered input"
validate-platform	Validate Y1 Golden rollout wave	2026-09-14T07:21:03.7177932Z       },
validate-platform	Validate Y1 Golden rollout wave	2026-09-14T07:21:03.7178096Z       {
validate-platform	Validate Y1 Golden rollout wave	2026-09-14T07:21:03.7178925Z         "path": "Boek 1 - Grondslagen, vraag en aanbod/1.1 Hoofdstuk Economisch denken en rekenen/1.1.3 Grafieken en tabellen/1.1.3 Grafieken en tabellen – instapquiz.html",
validate-platform	Validate Y1 Golden rollout wave	2026-09-14T07:21:03.7180063Z         "blobs": {
validate-platform	Validate Y1 Golden rollout wave	2026-09-14T07:21:03.7180400Z           "historical_snapshot": "043e72ce877b44e0e76710fdad26edf584cd118e",
validate-platform	Validate Y1 Golden rollout wave	2026-09-14T07:21:03.7181385Z           "current_head": "043e72ce877b44e0e76710fdad26edf584cd118e"
validate-platform	Validate Y1 Golden rollout wave	2026-09-14T07:21:03.7182054Z         },
validate-platform	Validate Y1 Golden rollout wave	2026-09-14T07:21:03.7182426Z         "comparison": "blob_equality",
validate-platform	Validate Y1 Golden rollout wave	2026-09-14T07:21:03.7182868Z         "status": "equal",
validate-platform	Validate Y1 Golden rollout wave	2026-09-14T07:21:03.7183236Z         "missing_at": [],
validate-platform	Validate Y1 Golden rollout wave	2026-09-14T07:21:03.7183933Z         "label": "current lesson rendered input"
validate-platform	Validate Y1 Golden rollout wave	2026-09-14T07:21:03.7184387Z       },
validate-platform	Validate Y1 Golden rollout wave	2026-09-14T07:21:03.7184663Z       {
validate-platform	Validate Y1 Golden rollout wave	2026-09-14T07:21:03.7186093Z         "path": "Boek 1 - Grondslagen, vraag en aanbod/1.1 Hoofdstuk Economisch denken en rekenen/1.1.3 Grafieken en tabellen/1.1.3 Grafieken en tabellen – korte-check.html",
validate-platform	Validate Y1 Golden rollout wave	2026-09-14T07:21:03.7187230Z         "blobs": {
validate-platform	Validate Y1 Golden rollout wave	2026-09-14T07:21:03.7187797Z           "historical_snapshot": "414fccce7cf9a5afbb1505e8277aff2927b45f6a",
validate-platform	Validate Y1 Golden rollout wave	2026-09-14T07:21:03.7188593Z           "current_head": "414fccce7cf9a5afbb1505e8277aff2927b45f6a"
validate-platform	Validate Y1 Golden rollout wave	2026-09-14T07:21:03.7189135Z         },
validate-platform	Validate Y1 Golden rollout wave	2026-09-14T07:21:03.7189473Z         "comparison": "blob_equality",
validate-platform	Validate Y1 Golden rollout wave	2026-09-14T07:21:03.7189900Z         "status": "equal",
validate-platform	Validate Y1 Golden rollout wave	2026-09-14T07:21:03.7190265Z         "missing_at": [],
validate-platform	Validate Y1 Golden rollout wave	2026-09-14T07:21:03.7190735Z         "label": "current lesson rendered input"
validate-platform	Validate Y1 Golden rollout wave	2026-09-14T07:21:03.7191223Z       },
validate-platform	Validate Y1 Golden rollout wave	2026-09-14T07:21:03.7191464Z       {
validate-platform	Validate Y1 Golden rollout wave	2026-09-14T07:21:03.7192690Z         "path": "Boek 1 - Grondslagen, vraag en aanbod/1.1 Hoofdstuk Economisch denken en rekenen/1.1.3 Grafieken en tabellen/1.1.3 Grafieken en tabellen – opgaven.html",
validate-platform	Validate Y1 Golden rollout wave	2026-09-14T07:21:03.7193743Z         "blobs": {
validate-platform	Validate Y1 Golden rollout wave	2026-09-14T07:21:03.7194267Z           "historical_snapshot": "1b72b280a973c484e92d106cf116a045851078ec",
validate-platform	Validate Y1 Golden rollout wave	2026-09-14T07:21:03.7195081Z           "current_head": "1b72b280a973c484e92d106cf116a045851078ec"
validate-platform	Validate Y1 Golden rollout wave	2026-09-14T07:21:03.7195696Z         },
validate-platform	Validate Y1 Golden rollout wave	2026-09-14T07:21:03.7196540Z         "comparison": "blob_equality",
validate-platform	Validate Y1 Golden rollout wave	2026-09-14T07:21:03.7196991Z         "status": "equal",
validate-platform	Validate Y1 Golden rollout wave	2026-09-14T07:21:03.7197327Z         "missing_at": [],
validate-platform	Validate Y1 Golden rollout wave	2026-09-14T07:21:03.7197788Z         "label": "current lesson rendered input"
validate-platform	Validate Y1 Golden rollout wave	2026-09-14T07:21:03.7198246Z       },
validate-platform	Validate Y1 Golden rollout wave	2026-09-14T07:21:03.7198537Z       {
validate-platform	Validate Y1 Golden rollout wave	2026-09-14T07:21:03.7200008Z         "path": "Boek 1 - Grondslagen, vraag en aanbod/1.1 Hoofdstuk Economisch denken en rekenen/1.1.3 Grafieken en tabellen/1.1.3 Grafieken en tabellen – uitleg vaardigheden.html",
validate-platform	Validate Y1 Golden rollout wave	2026-09-14T07:21:03.7201264Z         "blobs": {
validate-platform	Validate Y1 Golden rollout wave	2026-09-14T07:21:03.7201834Z           "historical_snapshot": "5ba0c186add37f9f4782571fd7f31bc3157e85a5",
validate-platform	Validate Y1 Golden rollout wave	2026-09-14T07:21:03.7202624Z           "current_head": "5ba0c186add37f9f4782571fd7f31bc3157e85a5"
validate-platform	Validate Y1 Golden rollout wave	2026-09-14T07:21:03.7203202Z         },
validate-platform	Validate Y1 Golden rollout wave	2026-09-14T07:21:03.7203573Z         "comparison": "blob_equality",
validate-platform	Validate Y1 Golden rollout wave	2026-09-14T07:21:03.7204132Z         "status": "equal",
validate-platform	Validate Y1 Golden rollout wave	2026-09-14T07:21:03.7204526Z         "missing_at": [],
validate-platform	Validate Y1 Golden rollout wave	2026-09-14T07:21:03.7205010Z         "label": "current lesson rendered input"
validate-platform	Validate Y1 Golden rollout wave	2026-09-14T07:21:03.7205513Z       },
validate-platform	Validate Y1 Golden rollout wave	2026-09-14T07:21:03.7205825Z       {
validate-platform	Validate Y1 Golden rollout wave	2026-09-14T07:21:03.7207356Z         "path": "Boek 1 - Grondslagen, vraag en aanbod/1.1 Hoofdstuk Economisch denken en rekenen/1.1.3 Grafieken en tabellen/1.1.3 Grafieken en tabellen – wiskundevaardigheden.html",
validate-platform	Validate Y1 Golden rollout wave	2026-09-14T07:21:03.7208692Z         "blobs": {
validate-platform	Validate Y1 Golden rollout wave	2026-09-14T07:21:03.7209253Z           "historical_snapshot": "1a143e8618e2b97bf689cb208d98b2c9d6d80ba2",
validate-platform	Validate Y1 Golden rollout wave	2026-09-14T07:21:03.7210119Z           "current_head": "1a143e8618e2b97bf689cb208d98b2c9d6d80ba2"
validate-platform	Validate Y1 Golden rollout wave	2026-09-14T07:21:03.7210693Z         },
validate-platform	Validate Y1 Golden rollout wave	2026-09-14T07:21:03.7211089Z         "comparison": "blob_equality",
validate-platform	Validate Y1 Golden rollout wave	2026-09-14T07:21:03.7211573Z         "status": "equal",
validate-platform	Validate Y1 Golden rollout wave	2026-09-14T07:21:03.7211978Z         "missing_at": [],
validate-platform	Validate Y1 Golden rollout wave	2026-09-14T07:21:03.7212466Z         "label": "current lesson rendered input"
validate-platform	Validate Y1 Golden rollout wave	2026-09-14T07:21:03.7212950Z       },
validate-platform	Validate Y1 Golden rollout wave	2026-09-14T07:21:03.7213253Z       {
validate-platform	Validate Y1 Golden rollout wave	2026-09-14T07:21:03.7214215Z         "path": "Boek 1 - Grondslagen, vraag en aanbod/1.1 Hoofdstuk Economisch denken en rekenen/1.1.3 Grafieken en tabellen/index.html",
validate-platform	Validate Y1 Golden rollout wave	2026-09-14T07:21:03.7215498Z         "blobs": {
validate-platform	Validate Y1 Golden rollout wave	2026-09-14T07:21:03.7216076Z           "historical_snapshot": "2b6930609dd4401f2cf0b36c01691efc82c2fb31",
validate-platform	Validate Y1 Golden rollout wave	2026-09-14T07:21:03.7217261Z           "current_head": "2b6930609dd4401f2cf0b36c01691efc82c2fb31"
validate-platform	Validate Y1 Golden rollout wave	2026-09-14T07:21:03.7217843Z         },
validate-platform	Validate Y1 Golden rollout wave	2026-09-14T07:21:03.7218234Z         "comparison": "blob_equality",
validate-platform	Validate Y1 Golden rollout wave	2026-09-14T07:21:03.7218708Z         "status": "equal",
validate-platform	Validate Y1 Golden rollout wave	2026-09-14T07:21:03.7219395Z         "missing_at": [],
validate-platform	Validate Y1 Golden rollout wave	2026-09-14T07:21:03.7219889Z         "label": "current lesson rendered input"
validate-platform	Validate Y1 Golden rollout wave	2026-09-14T07:21:03.7220378Z       },
validate-platform	Validate Y1 Golden rollout wave	2026-09-14T07:21:03.7220701Z       {
validate-platform	Validate Y1 Golden rollout wave	2026-09-14T07:21:03.7221645Z         "path": "Boek 1 - Grondslagen, vraag en aanbod/1.1 Hoofdstuk Economisch denken en rekenen/1.1.4 Gemengde opgaven/index.html",
validate-platform	Validate Y1 Golden rollout wave	2026-09-14T07:21:03.7222651Z         "blobs": {
validate-platform	Validate Y1 Golden rollout wave	2026-09-14T07:21:03.7223248Z           "historical_snapshot": "fd40943d1cd8b153cfb05bdac27838a013a38b99",
validate-platform	Validate Y1 Golden rollout wave	2026-09-14T07:21:03.7224082Z           "current_head": "fd40943d1cd8b153cfb05bdac27838a013a38b99"
validate-platform	Validate Y1 Golden rollout wave	2026-09-14T07:21:03.7224644Z         },
validate-platform	Validate Y1 Golden rollout wave	2026-09-14T07:21:03.7225017Z         "comparison": "blob_equality",
validate-platform	Validate Y1 Golden rollout wave	2026-09-14T07:21:03.7225473Z         "status": "equal",
validate-platform	Validate Y1 Golden rollout wave	2026-09-14T07:21:03.7225862Z         "missing_at": [],
validate-platform	Validate Y1 Golden rollout wave	2026-09-14T07:21:03.7226333Z         "label": "current lesson rendered input"
validate-platform	Validate Y1 Golden rollout wave	2026-09-14T07:21:03.7226824Z       },
validate-platform	Validate Y1 Golden rollout wave	2026-09-14T07:21:03.7227138Z       {
validate-platform	Validate Y1 Golden rollout wave	2026-09-14T07:21:03.7227727Z         "path": "Boek 1 - Grondslagen, vraag en aanbod/shared/adaptive-seam.js",
validate-platform	Validate Y1 Golden rollout wave	2026-09-14T07:21:03.7228401Z         "blobs": {
validate-platform	Validate Y1 Golden rollout wave	2026-09-14T07:21:03.7229017Z           "historical_snapshot": "b57e1d336b6e8f60edfd2ee8789c5026c179a5e1",
validate-platform	Validate Y1 Golden rollout wave	2026-09-14T07:21:03.7229893Z           "current_head": "b57e1d336b6e8f60edfd2ee8789c5026c179a5e1"
validate-platform	Validate Y1 Golden rollout wave	2026-09-14T07:21:03.7230464Z         },
validate-platform	Validate Y1 Golden rollout wave	2026-09-14T07:21:03.7230843Z         "comparison": "blob_equality",
validate-platform	Validate Y1 Golden rollout wave	2026-09-14T07:21:03.7231266Z         "status": "equal",
validate-platform	Validate Y1 Golden rollout wave	2026-09-14T07:21:03.7231667Z         "missing_at": [],
validate-platform	Validate Y1 Golden rollout wave	2026-09-14T07:21:03.7232142Z         "label": "current lesson rendered input"
validate-platform	Validate Y1 Golden rollout wave	2026-09-14T07:21:03.7232629Z       },
validate-platform	Validate Y1 Golden rollout wave	2026-09-14T07:21:03.7232917Z       {
validate-platform	Validate Y1 Golden rollout wave	2026-09-14T07:21:03.7233593Z         "path": "Boek 1 - Grondslagen, vraag en aanbod/shared/exit-ticket/1.1.1-exit-ticket.js",
validate-platform	Validate Y1 Golden rollout wave	2026-09-14T07:21:03.7234351Z         "blobs": {
validate-platform	Validate Y1 Golden rollout wave	2026-09-14T07:21:03.7234936Z           "historical_snapshot": "96d2cb47fa2b5e4ce01f4991dbef116a8e0bc653",
validate-platform	Validate Y1 Golden rollout wave	2026-09-14T07:21:03.7238894Z           "current_head": "96d2cb47fa2b5e4ce01f4991dbef116a8e0bc653"
validate-platform	Validate Y1 Golden rollout wave	2026-09-14T07:21:03.7241758Z         },
validate-platform	Validate Y1 Golden rollout wave	2026-09-14T07:21:03.7242198Z         "comparison": "blob_equality",
validate-platform	Validate Y1 Golden rollout wave	2026-09-14T07:21:03.7242642Z         "status": "equal",
validate-platform	Validate Y1 Golden rollout wave	2026-09-14T07:21:03.7242994Z         "missing_at": [],
validate-platform	Validate Y1 Golden rollout wave	2026-09-14T07:21:03.7243400Z         "label": "current lesson rendered input"
validate-platform	Validate Y1 Golden rollout wave	2026-09-14T07:21:03.7243800Z       },
validate-platform	Validate Y1 Golden rollout wave	2026-09-14T07:21:03.7244033Z       {
validate-platform	Validate Y1 Golden rollout wave	2026-09-14T07:21:03.7244615Z         "path": "Boek 1 - Grondslagen, vraag en aanbod/shared/exit-ticket/1.1.1-korte-check.js",
validate-platform	Validate Y1 Golden rollout wave	2026-09-14T07:21:03.7245317Z         "blobs": {
validate-platform	Validate Y1 Golden rollout wave	2026-09-14T07:21:03.7245831Z           "historical_snapshot": "dbde850a6be7621879be5944c4ed06f21cadc59d",
validate-platform	Validate Y1 Golden rollout wave	2026-09-14T07:21:03.7246588Z           "current_head": "dbde850a6be7621879be5944c4ed06f21cadc59d"
validate-platform	Validate Y1 Golden rollout wave	2026-09-14T07:21:03.7247072Z         },
validate-platform	Validate Y1 Golden rollout wave	2026-09-14T07:21:03.7247390Z         "comparison": "blob_equality",
validate-platform	Validate Y1 Golden rollout wave	2026-09-14T07:21:03.7247807Z         "status": "equal",
validate-platform	Validate Y1 Golden rollout wave	2026-09-14T07:21:03.7248166Z         "missing_at": [],
validate-platform	Validate Y1 Golden rollout wave	2026-09-14T07:21:03.7248559Z         "label": "current lesson rendered input"
validate-platform	Validate Y1 Golden rollout wave	2026-09-14T07:21:03.7248961Z       },
validate-platform	Validate Y1 Golden rollout wave	2026-09-14T07:21:03.7249219Z       {
validate-platform	Validate Y1 Golden rollout wave	2026-09-14T07:21:03.7249925Z         "path": "Boek 1 - Grondslagen, vraag en aanbod/shared/exit-ticket/1.1.2-exit-ticket.js",
validate-platform	Validate Y1 Golden rollout wave	2026-09-14T07:21:03.7270760Z         "blobs": {
validate-platform	Validate Y1 Golden rollout wave	2026-09-14T07:21:03.7271336Z           "historical_snapshot": "d775fbc6b32bed6ad4d05212ee8300d6a5fa6aa1",
validate-platform	Validate Y1 Golden rollout wave	2026-09-14T07:21:03.7272790Z           "current_head": "d775fbc6b32bed6ad4d05212ee8300d6a5fa6aa1"
validate-platform	Validate Y1 Golden rollout wave	2026-09-14T07:21:03.7273114Z         },
validate-platform	Validate Y1 Golden rollout wave	2026-09-14T07:21:03.7273329Z         "comparison": "blob_equality",
validate-platform	Validate Y1 Golden rollout wave	2026-09-14T07:21:03.7273588Z         "status": "equal",
validate-platform	Validate Y1 Golden rollout wave	2026-09-14T07:21:03.7273802Z         "missing_at": [],
validate-platform	Validate Y1 Golden rollout wave	2026-09-14T07:21:03.7274071Z         "label": "current lesson rendered input"
validate-platform	Validate Y1 Golden rollout wave	2026-09-14T07:21:03.7274344Z       },
validate-platform	Validate Y1 Golden rollout wave	2026-09-14T07:21:03.7274518Z       {
validate-platform	Validate Y1 Golden rollout wave	2026-09-14T07:21:03.7274913Z         "path": "Boek 1 - Grondslagen, vraag en aanbod/shared/exit-ticket/1.1.2-korte-check.js",
validate-platform	Validate Y1 Golden rollout wave	2026-09-14T07:21:03.7275577Z         "blobs": {
validate-platform	Validate Y1 Golden rollout wave	2026-09-14T07:21:03.7276076Z           "historical_snapshot": "b82d1aa09482a4b2b5ad5ac2dbef09113f8fb78e",
validate-platform	Validate Y1 Golden rollout wave	2026-09-14T07:21:03.7276558Z           "current_head": "b82d1aa09482a4b2b5ad5ac2dbef09113f8fb78e"
validate-platform	Validate Y1 Golden rollout wave	2026-09-14T07:21:03.7276874Z         },
validate-platform	Validate Y1 Golden rollout wave	2026-09-14T07:21:03.7277082Z         "comparison": "blob_equality",
validate-platform	Validate Y1 Golden rollout wave	2026-09-14T07:21:03.7277340Z         "status": "equal",
validate-platform	Validate Y1 Golden rollout wave	2026-09-14T07:21:03.7277823Z         "missing_at": [],
validate-platform	Validate Y1 Golden rollout wave	2026-09-14T07:21:03.7278096Z         "label": "current lesson rendered input"
validate-platform	Validate Y1 Golden rollout wave	2026-09-14T07:21:03.7278352Z       },
validate-platform	Validate Y1 Golden rollout wave	2026-09-14T07:21:03.7278521Z       {
validate-platform	Validate Y1 Golden rollout wave	2026-09-14T07:21:03.7278911Z         "path": "Boek 1 - Grondslagen, vraag en aanbod/shared/exit-ticket/1.1.3-exit-ticket.js",
validate-platform	Validate Y1 Golden rollout wave	2026-09-14T07:21:03.7279335Z         "blobs": {
validate-platform	Validate Y1 Golden rollout wave	2026-09-14T07:21:03.7279672Z           "historical_snapshot": "cedec9aba56f05ae898d78c5dbf59d5a3b88f30c",
validate-platform	Validate Y1 Golden rollout wave	2026-09-14T07:21:03.7280151Z           "current_head": "cedec9aba56f05ae898d78c5dbf59d5a3b88f30c"
validate-platform	Validate Y1 Golden rollout wave	2026-09-14T07:21:03.7280467Z         },
validate-platform	Validate Y1 Golden rollout wave	2026-09-14T07:21:03.7280707Z         "comparison": "blob_equality",
validate-platform	Validate Y1 Golden rollout wave	2026-09-14T07:21:03.7280959Z         "status": "equal",
validate-platform	Validate Y1 Golden rollout wave	2026-09-14T07:21:03.7281177Z         "missing_at": [],
validate-platform	Validate Y1 Golden rollout wave	2026-09-14T07:21:03.7281447Z         "label": "current lesson rendered input"
validate-platform	Validate Y1 Golden rollout wave	2026-09-14T07:21:03.7281722Z       },
validate-platform	Validate Y1 Golden rollout wave	2026-09-14T07:21:03.7281889Z       {
validate-platform	Validate Y1 Golden rollout wave	2026-09-14T07:21:03.7282277Z         "path": "Boek 1 - Grondslagen, vraag en aanbod/shared/exit-ticket/1.1.3-korte-check.js",
validate-platform	Validate Y1 Golden rollout wave	2026-09-14T07:21:03.7282696Z         "blobs": {
validate-platform	Validate Y1 Golden rollout wave	2026-09-14T07:21:03.7283039Z           "historical_snapshot": "0def50a6f33e74ebc2d9d6ac327a5f3520bc9524",
validate-platform	Validate Y1 Golden rollout wave	2026-09-14T07:21:03.7283527Z           "current_head": "0def50a6f33e74ebc2d9d6ac327a5f3520bc9524"
validate-platform	Validate Y1 Golden rollout wave	2026-09-14T07:21:03.7283850Z         },
validate-platform	Validate Y1 Golden rollout wave	2026-09-14T07:21:03.7284075Z         "comparison": "blob_equality",
validate-platform	Validate Y1 Golden rollout wave	2026-09-14T07:21:03.7284332Z         "status": "equal",
validate-platform	Validate Y1 Golden rollout wave	2026-09-14T07:21:03.7284563Z         "missing_at": [],
validate-platform	Validate Y1 Golden rollout wave	2026-09-14T07:21:03.7284834Z         "label": "current lesson rendered input"
validate-platform	Validate Y1 Golden rollout wave	2026-09-14T07:21:03.7285104Z       },
validate-platform	Validate Y1 Golden rollout wave	2026-09-14T07:21:03.7285270Z       {
validate-platform	Validate Y1 Golden rollout wave	2026-09-14T07:21:03.7285629Z         "path": "Boek 1 - Grondslagen, vraag en aanbod/shared/golden-ticket-graph.js",
validate-platform	Validate Y1 Golden rollout wave	2026-09-14T07:21:03.7286023Z         "blobs": {
validate-platform	Validate Y1 Golden rollout wave	2026-09-14T07:21:03.7286359Z           "historical_snapshot": "1805a98b26ea1a13556984f6a1e86bfc416ee42b",
validate-platform	Validate Y1 Golden rollout wave	2026-09-14T07:21:03.7286802Z           "current_head": "1805a98b26ea1a13556984f6a1e86bfc416ee42b"
validate-platform	Validate Y1 Golden rollout wave	2026-09-14T07:21:03.7287116Z         },
validate-platform	Validate Y1 Golden rollout wave	2026-09-14T07:21:03.7287335Z         "comparison": "blob_equality",
validate-platform	Validate Y1 Golden rollout wave	2026-09-14T07:21:03.7287590Z         "status": "equal",
validate-platform	Validate Y1 Golden rollout wave	2026-09-14T07:21:03.7287814Z         "missing_at": [],
validate-platform	Validate Y1 Golden rollout wave	2026-09-14T07:21:03.7288078Z         "label": "current lesson rendered input"
validate-platform	Validate Y1 Golden rollout wave	2026-09-14T07:21:03.7288345Z       },
validate-platform	Validate Y1 Golden rollout wave	2026-09-14T07:21:03.7288511Z       {
validate-platform	Validate Y1 Golden rollout wave	2026-09-14T07:21:03.7288868Z         "path": "Boek 1 - Grondslagen, vraag en aanbod/shared/golden-ticket-layout.css",
validate-platform	Validate Y1 Golden rollout wave	2026-09-14T07:21:03.7289264Z         "blobs": {
validate-platform	Validate Y1 Golden rollout wave	2026-09-14T07:21:03.7289585Z           "historical_snapshot": "b63d69d5127897f515e0213e67757b6ef50d7d77",
validate-platform	Validate Y1 Golden rollout wave	2026-09-14T07:21:03.7290022Z           "current_head": "b63d69d5127897f515e0213e67757b6ef50d7d77"
validate-platform	Validate Y1 Golden rollout wave	2026-09-14T07:21:03.7290331Z         },
validate-platform	Validate Y1 Golden rollout wave	2026-09-14T07:21:03.7290544Z         "comparison": "blob_equality",
validate-platform	Validate Y1 Golden rollout wave	2026-09-14T07:21:03.7290811Z         "status": "equal",
validate-platform	Validate Y1 Golden rollout wave	2026-09-14T07:21:03.7291034Z         "missing_at": [],
validate-platform	Validate Y1 Golden rollout wave	2026-09-14T07:21:03.7291439Z         "label": "current lesson rendered input"
validate-platform	Validate Y1 Golden rollout wave	2026-09-14T07:21:03.7291711Z       },
validate-platform	Validate Y1 Golden rollout wave	2026-09-14T07:21:03.7291878Z       {
validate-platform	Validate Y1 Golden rollout wave	2026-09-14T07:21:03.7292236Z         "path": "Boek 1 - Grondslagen, vraag en aanbod/shared/golden-ticket-layout.js",
validate-platform	Validate Y1 Golden rollout wave	2026-09-14T07:21:03.7292622Z         "blobs": {
validate-platform	Validate Y1 Golden rollout wave	2026-09-14T07:21:03.7292949Z           "historical_snapshot": "e7113c9816535b1a0e4b06297e9f4a2309599f82",
validate-platform	Validate Y1 Golden rollout wave	2026-09-14T07:21:03.7293376Z           "current_head": "e7113c9816535b1a0e4b06297e9f4a2309599f82"
validate-platform	Validate Y1 Golden rollout wave	2026-09-14T07:21:03.7293794Z         },
validate-platform	Validate Y1 Golden rollout wave	2026-09-14T07:21:03.7294005Z         "comparison": "blob_equality",
validate-platform	Validate Y1 Golden rollout wave	2026-09-14T07:21:03.7294257Z         "status": "equal",
validate-platform	Validate Y1 Golden rollout wave	2026-09-14T07:21:03.7294488Z         "missing_at": [],
validate-platform	Validate Y1 Golden rollout wave	2026-09-14T07:21:03.7294745Z         "label": "current lesson rendered input"
validate-platform	Validate Y1 Golden rollout wave	2026-09-14T07:21:03.7295013Z       },
validate-platform	Validate Y1 Golden rollout wave	2026-09-14T07:21:03.7295170Z       {
validate-platform	Validate Y1 Golden rollout wave	2026-09-14T07:21:03.7295506Z         "path": "Boek 1 - Grondslagen, vraag en aanbod/shared/graphical-engine.js",
validate-platform	Validate Y1 Golden rollout wave	2026-09-14T07:21:03.7296075Z         "blobs": {
validate-platform	Validate Y1 Golden rollout wave	2026-09-14T07:21:03.7296417Z           "historical_snapshot": "c5a02686fee2ea18b4c13ef6877bda69fe5bea13",
validate-platform	Validate Y1 Golden rollout wave	2026-09-14T07:21:03.7296872Z           "current_head": "c5a02686fee2ea18b4c13ef6877bda69fe5bea13"
validate-platform	Validate Y1 Golden rollout wave	2026-09-14T07:21:03.7297195Z         },
validate-platform	Validate Y1 Golden rollout wave	2026-09-14T07:21:03.7297407Z         "comparison": "blob_equality",
validate-platform	Validate Y1 Golden rollout wave	2026-09-14T07:21:03.7297840Z         "status": "equal",
validate-platform	Validate Y1 Golden rollout wave	2026-09-14T07:21:03.7298059Z         "missing_at": [],
validate-platform	Validate Y1 Golden rollout wave	2026-09-14T07:21:03.7298325Z         "label": "current lesson rendered input"
validate-platform	Validate Y1 Golden rollout wave	2026-09-14T07:21:03.7298588Z       },
validate-platform	Validate Y1 Golden rollout wave	2026-09-14T07:21:03.7298751Z       {
validate-platform	Validate Y1 Golden rollout wave	2026-09-14T07:21:03.7299079Z         "path": "Boek 1 - Grondslagen, vraag en aanbod/shared/graphical-ui.js",
validate-platform	Validate Y1 Golden rollout wave	2026-09-14T07:21:03.7299431Z         "blobs": {
validate-platform	Validate Y1 Golden rollout wave	2026-09-14T07:21:03.7299751Z           "historical_snapshot": "48ba5d528034bf36149931637ca898765c8d2442",
validate-platform	Validate Y1 Golden rollout wave	2026-09-14T07:21:03.7300190Z           "current_head": "48ba5d528034bf36149931637ca898765c8d2442"
validate-platform	Validate Y1 Golden rollout wave	2026-09-14T07:21:03.7300499Z         },
validate-platform	Validate Y1 Golden rollout wave	2026-09-14T07:21:03.7300708Z         "comparison": "blob_equality",
validate-platform	Validate Y1 Golden rollout wave	2026-09-14T07:21:03.7300965Z         "status": "equal",
validate-platform	Validate Y1 Golden rollout wave	2026-09-14T07:21:03.7301179Z         "missing_at": [],
validate-platform	Validate Y1 Golden rollout wave	2026-09-14T07:21:03.7301441Z         "label": "current lesson rendered input"
validate-platform	Validate Y1 Golden rollout wave	2026-09-14T07:21:03.7301708Z       },
validate-platform	Validate Y1 Golden rollout wave	2026-09-14T07:21:03.7301867Z       {
validate-platform	Validate Y1 Golden rollout wave	2026-09-14T07:21:03.7302172Z         "path": "Boek 1 - Grondslagen, vraag en aanbod/shared/graphical.css",
validate-platform	Validate Y1 Golden rollout wave	2026-09-14T07:21:03.7302528Z         "blobs": {
validate-platform	Validate Y1 Golden rollout wave	2026-09-14T07:21:03.7302862Z           "historical_snapshot": "3652482b745a7966d1b40f5b31fec38c02dd7e33",
validate-platform	Validate Y1 Golden rollout wave	2026-09-14T07:21:03.7303299Z           "current_head": "3652482b745a7966d1b40f5b31fec38c02dd7e33"
validate-platform	Validate Y1 Golden rollout wave	2026-09-14T07:21:03.7303604Z         },
validate-platform	Validate Y1 Golden rollout wave	2026-09-14T07:21:03.7303802Z         "comparison": "blob_equality",
validate-platform	Validate Y1 Golden rollout wave	2026-09-14T07:21:03.7304053Z         "status": "equal",
validate-platform	Validate Y1 Golden rollout wave	2026-09-14T07:21:03.7304263Z         "missing_at": [],
validate-platform	Validate Y1 Golden rollout wave	2026-09-14T07:21:03.7304521Z         "label": "current lesson rendered input"
validate-platform	Validate Y1 Golden rollout wave	2026-09-14T07:21:03.7304787Z       },
validate-platform	Validate Y1 Golden rollout wave	2026-09-14T07:21:03.7304953Z       {
validate-platform	Validate Y1 Golden rollout wave	2026-09-14T07:21:03.7305271Z         "path": "Boek 1 - Grondslagen, vraag en aanbod/shared/graphical/1.1.3.js",
validate-platform	Validate Y1 Golden rollout wave	2026-09-14T07:21:03.7305644Z         "blobs": {
validate-platform	Validate Y1 Golden rollout wave	2026-09-14T07:21:03.7305959Z           "historical_snapshot": "2deb90749ceebd415144cd09e6ab06450cb33960",
validate-platform	Validate Y1 Golden rollout wave	2026-09-14T07:21:03.7306408Z           "current_head": "2deb90749ceebd415144cd09e6ab06450cb33960"
validate-platform	Validate Y1 Golden rollout wave	2026-09-14T07:21:03.7306711Z         },
validate-platform	Validate Y1 Golden rollout wave	2026-09-14T07:21:03.7306930Z         "comparison": "blob_equality",
validate-platform	Validate Y1 Golden rollout wave	2026-09-14T07:21:03.7307182Z         "status": "equal",
validate-platform	Validate Y1 Golden rollout wave	2026-09-14T07:21:03.7307404Z         "missing_at": [],
validate-platform	Validate Y1 Golden rollout wave	2026-09-14T07:21:03.7307663Z         "label": "current lesson rendered input"
validate-platform	Validate Y1 Golden rollout wave	2026-09-14T07:21:03.7307921Z       },
validate-platform	Validate Y1 Golden rollout wave	2026-09-14T07:21:03.7308088Z       {
validate-platform	Validate Y1 Golden rollout wave	2026-09-14T07:21:03.7308406Z         "path": "Boek 1 - Grondslagen, vraag en aanbod/shared/questions/1.1.1.js",
validate-platform	Validate Y1 Golden rollout wave	2026-09-14T07:21:03.7308770Z         "blobs": {
validate-platform	Validate Y1 Golden rollout wave	2026-09-14T07:21:03.7309088Z           "historical_snapshot": "6620de2c37688cc324e4b2ce8aec7f311a5661ef",
validate-platform	Validate Y1 Golden rollout wave	2026-09-14T07:21:03.7309680Z           "current_head": "6620de2c37688cc324e4b2ce8aec7f311a5661ef"
validate-platform	Validate Y1 Golden rollout wave	2026-09-14T07:21:03.7309986Z         },
validate-platform	Validate Y1 Golden rollout wave	2026-09-14T07:21:03.7310200Z         "comparison": "blob_equality",
validate-platform	Validate Y1 Golden rollout wave	2026-09-14T07:21:03.7310449Z         "status": "equal",
validate-platform	Validate Y1 Golden rollout wave	2026-09-14T07:21:03.7310670Z         "missing_at": [],
validate-platform	Validate Y1 Golden rollout wave	2026-09-14T07:21:03.7310922Z         "label": "current lesson rendered input"
validate-platform	Validate Y1 Golden rollout wave	2026-09-14T07:21:03.7311178Z       },
validate-platform	Validate Y1 Golden rollout wave	2026-09-14T07:21:03.7311442Z       {
validate-platform	Validate Y1 Golden rollout wave	2026-09-14T07:21:03.7311760Z         "path": "Boek 1 - Grondslagen, vraag en aanbod/shared/questions/1.1.2.js",
validate-platform	Validate Y1 Golden rollout wave	2026-09-14T07:21:03.7312124Z         "blobs": {
validate-platform	Validate Y1 Golden rollout wave	2026-09-14T07:21:03.7312447Z           "historical_snapshot": "3a36eba998532f59a486af4e2197e6dde022b870",
validate-platform	Validate Y1 Golden rollout wave	2026-09-14T07:21:03.7312904Z           "current_head": "3a36eba998532f59a486af4e2197e6dde022b870"
validate-platform	Validate Y1 Golden rollout wave	2026-09-14T07:21:03.7313211Z         },
validate-platform	Validate Y1 Golden rollout wave	2026-09-14T07:21:03.7313435Z         "comparison": "blob_equality",
validate-platform	Validate Y1 Golden rollout wave	2026-09-14T07:21:03.7313693Z         "status": "equal",
validate-platform	Validate Y1 Golden rollout wave	2026-09-14T07:21:03.7313918Z         "missing_at": [],
validate-platform	Validate Y1 Golden rollout wave	2026-09-14T07:21:03.7314178Z         "label": "current lesson rendered input"
validate-platform	Validate Y1 Golden rollout wave	2026-09-14T07:21:03.7314448Z       },
validate-platform	Validate Y1 Golden rollout wave	2026-09-14T07:21:03.7314611Z       {
validate-platform	Validate Y1 Golden rollout wave	2026-09-14T07:21:03.7314922Z         "path": "Boek 1 - Grondslagen, vraag en aanbod/shared/questions/1.1.3.js",
validate-platform	Validate Y1 Golden rollout wave	2026-09-14T07:21:03.7315287Z         "blobs": {
validate-platform	Validate Y1 Golden rollout wave	2026-09-14T07:21:03.7315600Z           "historical_snapshot": "631fd948712c11ee665e9d9c75a9872d7664f148",
validate-platform	Validate Y1 Golden rollout wave	2026-09-14T07:21:03.7316245Z           "current_head": "631fd948712c11ee665e9d9c75a9872d7664f148"
validate-platform	Validate Y1 Golden rollout wave	2026-09-14T07:21:03.7316560Z         },
validate-platform	Validate Y1 Golden rollout wave	2026-09-14T07:21:03.7316773Z         "comparison": "blob_equality",
validate-platform	Validate Y1 Golden rollout wave	2026-09-14T07:21:03.7317022Z         "status": "equal",
validate-platform	Validate Y1 Golden rollout wave	2026-09-14T07:21:03.7317246Z         "missing_at": [],
validate-platform	Validate Y1 Golden rollout wave	2026-09-14T07:21:03.7317501Z         "label": "current lesson rendered input"
validate-platform	Validate Y1 Golden rollout wave	2026-09-14T07:21:03.7317930Z       },
validate-platform	Validate Y1 Golden rollout wave	2026-09-14T07:21:03.7318089Z       {
validate-platform	Validate Y1 Golden rollout wave	2026-09-14T07:21:03.7318391Z         "path": "Boek 1 - Grondslagen, vraag en aanbod/shared/quiz-engine.js",
validate-platform	Validate Y1 Golden rollout wave	2026-09-14T07:21:03.7318739Z         "blobs": {
validate-platform	Validate Y1 Golden rollout wave	2026-09-14T07:21:03.7319048Z           "historical_snapshot": "1746477d328b9f220df87c9f3e23a27fe88e18d6",
validate-platform	Validate Y1 Golden rollout wave	2026-09-14T07:21:03.7319479Z           "current_head": "1746477d328b9f220df87c9f3e23a27fe88e18d6"
validate-platform	Validate Y1 Golden rollout wave	2026-09-14T07:21:03.7319775Z         },
validate-platform	Validate Y1 Golden rollout wave	2026-09-14T07:21:03.7319980Z         "comparison": "blob_equality",
validate-platform	Validate Y1 Golden rollout wave	2026-09-14T07:21:03.7320414Z         "status": "equal",
validate-platform	Validate Y1 Golden rollout wave	2026-09-14T07:21:03.7320795Z         "missing_at": [],
validate-platform	Validate Y1 Golden rollout wave	2026-09-14T07:21:03.7321212Z         "label": "current lesson rendered input"
validate-platform	Validate Y1 Golden rollout wave	2026-09-14T07:21:03.7321647Z       },
validate-platform	Validate Y1 Golden rollout wave	2026-09-14T07:21:03.7321907Z       {
validate-platform	Validate Y1 Golden rollout wave	2026-09-14T07:21:03.7322257Z         "path": "Boek 1 - Grondslagen, vraag en aanbod/shared/quiz-ui.js",
validate-platform	Validate Y1 Golden rollout wave	2026-09-14T07:21:03.7322595Z         "blobs": {
validate-platform	Validate Y1 Golden rollout wave	2026-09-14T07:21:03.7322904Z           "historical_snapshot": "950edbd54507bdb7771185612a59d86b6aab0d05",
validate-platform	Validate Y1 Golden rollout wave	2026-09-14T07:21:03.7323336Z           "current_head": "950edbd54507bdb7771185612a59d86b6aab0d05"
validate-platform	Validate Y1 Golden rollout wave	2026-09-14T07:21:03.7323635Z         },
validate-platform	Validate Y1 Golden rollout wave	2026-09-14T07:21:03.7323835Z         "comparison": "blob_equality",
validate-platform	Validate Y1 Golden rollout wave	2026-09-14T07:21:03.7324080Z         "status": "equal",
validate-platform	Validate Y1 Golden rollout wave	2026-09-14T07:21:03.7324297Z         "missing_at": [],
validate-platform	Validate Y1 Golden rollout wave	2026-09-14T07:21:03.7324554Z         "label": "current lesson rendered input"
validate-platform	Validate Y1 Golden rollout wave	2026-09-14T07:21:03.7324815Z       },
validate-platform	Validate Y1 Golden rollout wave	2026-09-14T07:21:03.7324962Z       {
validate-platform	Validate Y1 Golden rollout wave	2026-09-14T07:21:03.7325238Z         "path": "Boek 1 - Grondslagen, vraag en aanbod/shared/quiz.css",
validate-platform	Validate Y1 Golden rollout wave	2026-09-14T07:21:03.7325554Z         "blobs": {
validate-platform	Validate Y1 Golden rollout wave	2026-09-14T07:21:03.7325855Z           "historical_snapshot": "9b5e8b986b196e93fd73ce1ccf6610804e06a2e3",
validate-platform	Validate Y1 Golden rollout wave	2026-09-14T07:21:03.7326305Z           "current_head": "9b5e8b986b196e93fd73ce1ccf6610804e06a2e3"
validate-platform	Validate Y1 Golden rollout wave	2026-09-14T07:21:03.7326609Z         },
validate-platform	Validate Y1 Golden rollout wave	2026-09-14T07:21:03.7326818Z         "comparison": "blob_equality",
validate-platform	Validate Y1 Golden rollout wave	2026-09-14T07:21:03.7327061Z         "status": "equal",
validate-platform	Validate Y1 Golden rollout wave	2026-09-14T07:21:03.7327272Z         "missing_at": [],
validate-platform	Validate Y1 Golden rollout wave	2026-09-14T07:21:03.7327699Z         "label": "current lesson rendered input"
validate-platform	Validate Y1 Golden rollout wave	2026-09-14T07:21:03.7328094Z       },
validate-platform	Validate Y1 Golden rollout wave	2026-09-14T07:21:03.7328397Z       {
validate-platform	Validate Y1 Golden rollout wave	2026-09-14T07:21:03.7328749Z         "path": "Boek 1 - Grondslagen, vraag en aanbod/shared/reasoning-engine.js",
validate-platform	Validate Y1 Golden rollout wave	2026-09-14T07:21:03.7329119Z         "blobs": {
validate-platform	Validate Y1 Golden rollout wave	2026-09-14T07:21:03.7329457Z           "historical_snapshot": "0a6ad17c5dffb90a35785ddfd5e5a1aebaf6e5bc",
validate-platform	Validate Y1 Golden rollout wave	2026-09-14T07:21:03.7329911Z           "current_head": "0a6ad17c5dffb90a35785ddfd5e5a1aebaf6e5bc"
validate-platform	Validate Y1 Golden rollout wave	2026-09-14T07:21:03.7330348Z         },
validate-platform	Validate Y1 Golden rollout wave	2026-09-14T07:21:03.7330551Z         "comparison": "blob_equality",
validate-platform	Validate Y1 Golden rollout wave	2026-09-14T07:21:03.7330805Z         "status": "equal",
validate-platform	Validate Y1 Golden rollout wave	2026-09-14T07:21:03.7331022Z         "missing_at": [],
validate-platform	Validate Y1 Golden rollout wave	2026-09-14T07:21:03.7331274Z         "label": "current lesson rendered input"
validate-platform	Validate Y1 Golden rollout wave	2026-09-14T07:21:03.7331529Z       },
validate-platform	Validate Y1 Golden rollout wave	2026-09-14T07:21:03.7331686Z       {
validate-platform	Validate Y1 Golden rollout wave	2026-09-14T07:21:03.7331995Z         "path": "Boek 1 - Grondslagen, vraag en aanbod/shared/reasoning-ui.js",
validate-platform	Validate Y1 Golden rollout wave	2026-09-14T07:21:03.7332347Z         "blobs": {
validate-platform	Validate Y1 Golden rollout wave	2026-09-14T07:21:03.7332665Z           "historical_snapshot": "b19dce35d3313403fc2d8db8d0c7b0b609f5136c",
validate-platform	Validate Y1 Golden rollout wave	2026-09-14T07:21:03.7333107Z           "current_head": "b19dce35d3313403fc2d8db8d0c7b0b609f5136c"
validate-platform	Validate Y1 Golden rollout wave	2026-09-14T07:21:03.7333415Z         },
validate-platform	Validate Y1 Golden rollout wave	2026-09-14T07:21:03.7333614Z         "comparison": "blob_equality",
validate-platform	Validate Y1 Golden rollout wave	2026-09-14T07:21:03.7333860Z         "status": "equal",
validate-platform	Validate Y1 Golden rollout wave	2026-09-14T07:21:03.7334073Z         "missing_at": [],
validate-platform	Validate Y1 Golden rollout wave	2026-09-14T07:21:03.7334332Z         "label": "current lesson rendered input"
validate-platform	Validate Y1 Golden rollout wave	2026-09-14T07:21:03.7334592Z       },
validate-platform	Validate Y1 Golden rollout wave	2026-09-14T07:21:03.7334751Z       {
validate-platform	Validate Y1 Golden rollout wave	2026-09-14T07:21:03.7335050Z         "path": "Boek 1 - Grondslagen, vraag en aanbod/shared/reasoning.css",
validate-platform	Validate Y1 Golden rollout wave	2026-09-14T07:21:03.7335398Z         "blobs": {
validate-platform	Validate Y1 Golden rollout wave	2026-09-14T07:21:03.7335719Z           "historical_snapshot": "9b9ce11c46efddfe7d343fa8bedb073dc005a1c0",
validate-platform	Validate Y1 Golden rollout wave	2026-09-14T07:21:03.7336387Z           "current_head": "9b9ce11c46efddfe7d343fa8bedb073dc005a1c0"
validate-platform	Validate Y1 Golden rollout wave	2026-09-14T07:21:03.7336713Z         },
validate-platform	Validate Y1 Golden rollout wave	2026-09-14T07:21:03.7336919Z         "comparison": "blob_equality",
validate-platform	Validate Y1 Golden rollout wave	2026-09-14T07:21:03.7337172Z         "status": "equal",
validate-platform	Validate Y1 Golden rollout wave	2026-09-14T07:21:03.7337384Z         "missing_at": [],
validate-platform	Validate Y1 Golden rollout wave	2026-09-14T07:21:03.7337631Z         "label": "current lesson rendered input"
validate-platform	Validate Y1 Golden rollout wave	2026-09-14T07:21:03.7338698Z       },
validate-platform	Validate Y1 Golden rollout wave	2026-09-14T07:21:03.7338890Z       {
validate-platform	Validate Y1 Golden rollout wave	2026-09-14T07:21:03.7339238Z         "path": "Boek 1 - Grondslagen, vraag en aanbod/shared/reasoning/1.1.1.js",
validate-platform	Validate Y1 Golden rollout wave	2026-09-14T07:21:03.7339610Z         "blobs": {
validate-platform	Validate Y1 Golden rollout wave	2026-09-14T07:21:03.7339958Z           "historical_snapshot": "ca7104093cabd8e91beecd02345a3b9da87cd432",
validate-platform	Validate Y1 Golden rollout wave	2026-09-14T07:21:03.7340412Z           "current_head": "ca7104093cabd8e91beecd02345a3b9da87cd432"
validate-platform	Validate Y1 Golden rollout wave	2026-09-14T07:21:03.7340723Z         },
validate-platform	Validate Y1 Golden rollout wave	2026-09-14T07:21:03.7340935Z         "comparison": "blob_equality",
validate-platform	Validate Y1 Golden rollout wave	2026-09-14T07:21:03.7341182Z         "status": "equal",
validate-platform	Validate Y1 Golden rollout wave	2026-09-14T07:21:03.7341402Z         "missing_at": [],
validate-platform	Validate Y1 Golden rollout wave	2026-09-14T07:21:03.7341658Z         "label": "current lesson rendered input"
validate-platform	Validate Y1 Golden rollout wave	2026-09-14T07:21:03.7341925Z       },
validate-platform	Validate Y1 Golden rollout wave	2026-09-14T07:21:03.7342085Z       {
validate-platform	Validate Y1 Golden rollout wave	2026-09-14T07:21:03.7342449Z         "path": "Boek 1 - Grondslagen, vraag en aanbod/shared/reasoning/meta-categories.js",
validate-platform	Validate Y1 Golden rollout wave	2026-09-14T07:21:03.7342845Z         "blobs": {
validate-platform	Validate Y1 Golden rollout wave	2026-09-14T07:21:03.7343167Z           "historical_snapshot": "f49e0cd7e865748d7387ac2381fa371de2af5494",
validate-platform	Validate Y1 Golden rollout wave	2026-09-14T07:21:03.7343606Z           "current_head": "f49e0cd7e865748d7387ac2381fa371de2af5494"
validate-platform	Validate Y1 Golden rollout wave	2026-09-14T07:21:03.7343908Z         },
validate-platform	Validate Y1 Golden rollout wave	2026-09-14T07:21:03.7344119Z         "comparison": "blob_equality",
validate-platform	Validate Y1 Golden rollout wave	2026-09-14T07:21:03.7344367Z         "status": "equal",
validate-platform	Validate Y1 Golden rollout wave	2026-09-14T07:21:03.7344578Z         "missing_at": [],
validate-platform	Validate Y1 Golden rollout wave	2026-09-14T07:21:03.7344830Z         "label": "current lesson rendered input"
validate-platform	Validate Y1 Golden rollout wave	2026-09-14T07:21:03.7345089Z       },
validate-platform	Validate Y1 Golden rollout wave	2026-09-14T07:21:03.7345244Z       {
validate-platform	Validate Y1 Golden rollout wave	2026-09-14T07:21:03.7345579Z         "path": "Boek 1 - Grondslagen, vraag en aanbod/shared/skill-map-engine.js",
validate-platform	Validate Y1 Golden rollout wave	2026-09-14T07:21:03.7346136Z         "blobs": {
validate-platform	Validate Y1 Golden rollout wave	2026-09-14T07:21:03.7346463Z           "historical_snapshot": "4aaa10938f266bc0b5f33f3ad37ee6ccc8ff3840",
validate-platform	Validate Y1 Golden rollout wave	2026-09-14T07:21:03.7347300Z           "current_head": "4aaa10938f266bc0b5f33f3ad37ee6ccc8ff3840"
validate-platform	Validate Y1 Golden rollout wave	2026-09-14T07:21:03.7347838Z         },
validate-platform	Validate Y1 Golden rollout wave	2026-09-14T07:21:03.7348186Z         "comparison": "blob_equality",
validate-platform	Validate Y1 Golden rollout wave	2026-09-14T07:21:03.7348623Z         "status": "equal",
validate-platform	Validate Y1 Golden rollout wave	2026-09-14T07:21:03.7348948Z         "missing_at": [],
validate-platform	Validate Y1 Golden rollout wave	2026-09-14T07:21:03.7349370Z         "label": "current lesson rendered input"
validate-platform	Validate Y1 Golden rollout wave	2026-09-14T07:21:03.7349866Z       },
validate-platform	Validate Y1 Golden rollout wave	2026-09-14T07:21:03.7350033Z       {
validate-platform	Validate Y1 Golden rollout wave	2026-09-14T07:21:03.7350387Z         "path": "Boek 1 - Grondslagen, vraag en aanbod/shared/skill-map-route-ui.js",
validate-platform	Validate Y1 Golden rollout wave	2026-09-14T07:21:03.7350774Z         "blobs": {
validate-platform	Validate Y1 Golden rollout wave	2026-09-14T07:21:03.7351109Z           "historical_snapshot": "4eafb5bddbe5170b32a261fc3772d108f589a3b4",
validate-platform	Validate Y1 Golden rollout wave	2026-09-14T07:21:03.7351563Z           "current_head": "4eafb5bddbe5170b32a261fc3772d108f589a3b4"
validate-platform	Validate Y1 Golden rollout wave	2026-09-14T07:21:03.7351874Z         },
validate-platform	Validate Y1 Golden rollout wave	2026-09-14T07:21:03.7352081Z         "comparison": "blob_equality",
validate-platform	Validate Y1 Golden rollout wave	2026-09-14T07:21:03.7352339Z         "status": "equal",
validate-platform	Validate Y1 Golden rollout wave	2026-09-14T07:21:03.7352560Z         "missing_at": [],
validate-platform	Validate Y1 Golden rollout wave	2026-09-14T07:21:03.7352819Z         "label": "current lesson rendered input"
validate-platform	Validate Y1 Golden rollout wave	2026-09-14T07:21:03.7353083Z       },
validate-platform	Validate Y1 Golden rollout wave	2026-09-14T07:21:03.7353237Z       {
validate-platform	Validate Y1 Golden rollout wave	2026-09-14T07:21:03.7353558Z         "path": "Boek 1 - Grondslagen, vraag en aanbod/shared/skill-map-route.css",
validate-platform	Validate Y1 Golden rollout wave	2026-09-14T07:21:03.7354562Z         "blobs": {
validate-platform	Validate Y1 Golden rollout wave	2026-09-14T07:21:03.7354890Z           "historical_snapshot": "d35f5bd5344885b222f898e7f4cb878a049ccb21",
validate-platform	Validate Y1 Golden rollout wave	2026-09-14T07:21:03.7355330Z           "current_head": "d35f5bd5344885b222f898e7f4cb878a049ccb21"
validate-platform	Validate Y1 Golden rollout wave	2026-09-14T07:21:03.7355849Z         },
validate-platform	Validate Y1 Golden rollout wave	2026-09-14T07:21:03.7356056Z         "comparison": "blob_equality",
validate-platform	Validate Y1 Golden rollout wave	2026-09-14T07:21:03.7356305Z         "status": "equal",
validate-platform	Validate Y1 Golden rollout wave	2026-09-14T07:21:03.7356515Z         "missing_at": [],
validate-platform	Validate Y1 Golden rollout wave	2026-09-14T07:21:03.7356765Z         "label": "current lesson rendered input"
validate-platform	Validate Y1 Golden rollout wave	2026-09-14T07:21:03.7357018Z       },
validate-platform	Validate Y1 Golden rollout wave	2026-09-14T07:21:03.7357175Z       {
validate-platform	Validate Y1 Golden rollout wave	2026-09-14T07:21:03.7357500Z         "path": "Boek 1 - Grondslagen, vraag en aanbod/shared/skilltree-engine.js",
validate-platform	Validate Y1 Golden rollout wave	2026-09-14T07:21:03.7357859Z         "blobs": {
validate-platform	Validate Y1 Golden rollout wave	2026-09-14T07:21:03.7358169Z           "historical_snapshot": "941a68763c60af7afe566481ac545f33b098ec83",
validate-platform	Validate Y1 Golden rollout wave	2026-09-14T07:21:03.7358599Z           "current_head": "941a68763c60af7afe566481ac545f33b098ec83"
validate-platform	Validate Y1 Golden rollout wave	2026-09-14T07:21:03.7358897Z         },
validate-platform	Validate Y1 Golden rollout wave	2026-09-14T07:21:03.7359094Z         "comparison": "blob_equality",
validate-platform	Validate Y1 Golden rollout wave	2026-09-14T07:21:03.7359340Z         "status": "equal",
validate-platform	Validate Y1 Golden rollout wave	2026-09-14T07:21:03.7359544Z         "missing_at": [],
validate-platform	Validate Y1 Golden rollout wave	2026-09-14T07:21:03.7359788Z         "label": "current lesson rendered input"
validate-platform	Validate Y1 Golden rollout wave	2026-09-14T07:21:03.7360042Z       },
validate-platform	Validate Y1 Golden rollout wave	2026-09-14T07:21:03.7360197Z       {
validate-platform	Validate Y1 Golden rollout wave	2026-09-14T07:21:03.7360509Z         "path": "Boek 1 - Grondslagen, vraag en aanbod/shared/skilltree-ui.js",
validate-platform	Validate Y1 Golden rollout wave	2026-09-14T07:21:03.7360857Z         "blobs": {
validate-platform	Validate Y1 Golden rollout wave	2026-09-14T07:21:03.7361169Z           "historical_snapshot": "df024a3650e755d755140a56e6d5bcca897046a5",
validate-platform	Validate Y1 Golden rollout wave	2026-09-14T07:21:03.7361606Z           "current_head": "df024a3650e755d755140a56e6d5bcca897046a5"
validate-platform	Validate Y1 Golden rollout wave	2026-09-14T07:21:03.7361909Z         },
validate-platform	Validate Y1 Golden rollout wave	2026-09-14T07:21:03.7362108Z         "comparison": "blob_equality",
validate-platform	Validate Y1 Golden rollout wave	2026-09-14T07:21:03.7362353Z         "status": "equal",
validate-platform	Validate Y1 Golden rollout wave	2026-09-14T07:21:03.7362563Z         "missing_at": [],
validate-platform	Validate Y1 Golden rollout wave	2026-09-14T07:21:03.7362811Z         "label": "current lesson rendered input"
validate-platform	Validate Y1 Golden rollout wave	2026-09-14T07:21:03.7363079Z       },
validate-platform	Validate Y1 Golden rollout wave	2026-09-14T07:21:03.7363240Z       {
validate-platform	Validate Y1 Golden rollout wave	2026-09-14T07:21:03.7363534Z         "path": "Boek 1 - Grondslagen, vraag en aanbod/shared/skilltree.css",
validate-platform	Validate Y1 Golden rollout wave	2026-09-14T07:21:03.7363885Z         "blobs": {
validate-platform	Validate Y1 Golden rollout wave	2026-09-14T07:21:03.7364204Z           "historical_snapshot": "eeab775ab1a82af5e507d1bfe5f982c9b6c1fe2b",
validate-platform	Validate Y1 Golden rollout wave	2026-09-14T07:21:03.7364656Z           "current_head": "eeab775ab1a82af5e507d1bfe5f982c9b6c1fe2b"
validate-platform	Validate Y1 Golden rollout wave	2026-09-14T07:21:03.7364958Z         },
validate-platform	Validate Y1 Golden rollout wave	2026-09-14T07:21:03.7365166Z         "comparison": "blob_equality",
validate-platform	Validate Y1 Golden rollout wave	2026-09-14T07:21:03.7365410Z         "status": "equal",
validate-platform	Validate Y1 Golden rollout wave	2026-09-14T07:21:03.7365618Z         "missing_at": [],
validate-platform	Validate Y1 Golden rollout wave	2026-09-14T07:21:03.7366038Z         "label": "current lesson rendered input"
validate-platform	Validate Y1 Golden rollout wave	2026-09-14T07:21:03.7366310Z       },
validate-platform	Validate Y1 Golden rollout wave	2026-09-14T07:21:03.7366469Z       {
validate-platform	Validate Y1 Golden rollout wave	2026-09-14T07:21:03.7366781Z         "path": "Boek 1 - Grondslagen, vraag en aanbod/shared/skilltree/1.1.1.js",
validate-platform	Validate Y1 Golden rollout wave	2026-09-14T07:21:03.7367144Z         "blobs": {
validate-platform	Validate Y1 Golden rollout wave	2026-09-14T07:21:03.7367461Z           "historical_snapshot": "dd8089c14f168c035b0648b24eb6f721a31af0ca",
validate-platform	Validate Y1 Golden rollout wave	2026-09-14T07:21:03.7367908Z           "current_head": "dd8089c14f168c035b0648b24eb6f721a31af0ca"
validate-platform	Validate Y1 Golden rollout wave	2026-09-14T07:21:03.7368308Z         },
validate-platform	Validate Y1 Golden rollout wave	2026-09-14T07:21:03.7368515Z         "comparison": "blob_equality",
validate-platform	Validate Y1 Golden rollout wave	2026-09-14T07:21:03.7368764Z         "status": "equal",
validate-platform	Validate Y1 Golden rollout wave	2026-09-14T07:21:03.7368981Z         "missing_at": [],
validate-platform	Validate Y1 Golden rollout wave	2026-09-14T07:21:03.7369238Z         "label": "current lesson rendered input"
validate-platform	Validate Y1 Golden rollout wave	2026-09-14T07:21:03.7369497Z       },
validate-platform	Validate Y1 Golden rollout wave	2026-09-14T07:21:03.7369654Z       {
validate-platform	Validate Y1 Golden rollout wave	2026-09-14T07:21:03.7369965Z         "path": "Boek 1 - Grondslagen, vraag en aanbod/shared/skilltree/1.1.2.js",
validate-platform	Validate Y1 Golden rollout wave	2026-09-14T07:21:03.7370326Z         "blobs": {
validate-platform	Validate Y1 Golden rollout wave	2026-09-14T07:21:03.7370643Z           "historical_snapshot": "88ef0223bc87b69a0dea4fb909b1f44db4a02157",
validate-platform	Validate Y1 Golden rollout wave	2026-09-14T07:21:03.7371093Z           "current_head": "88ef0223bc87b69a0dea4fb909b1f44db4a02157"
validate-platform	Validate Y1 Golden rollout wave	2026-09-14T07:21:03.7371397Z         },
validate-platform	Validate Y1 Golden rollout wave	2026-09-14T07:21:03.7371604Z         "comparison": "blob_equality",
validate-platform	Validate Y1 Golden rollout wave	2026-09-14T07:21:03.7371850Z         "status": "equal",
validate-platform	Validate Y1 Golden rollout wave	2026-09-14T07:21:03.7372070Z         "missing_at": [],
validate-platform	Validate Y1 Golden rollout wave	2026-09-14T07:21:03.7372326Z         "label": "current lesson rendered input"
validate-platform	Validate Y1 Golden rollout wave	2026-09-14T07:21:03.7372587Z       },
validate-platform	Validate Y1 Golden rollout wave	2026-09-14T07:21:03.7372745Z       {
validate-platform	Validate Y1 Golden rollout wave	2026-09-14T07:21:03.7373059Z         "path": "Boek 1 - Grondslagen, vraag en aanbod/shared/skilltree/1.1.3.js",
validate-platform	Validate Y1 Golden rollout wave	2026-09-14T07:21:03.7373409Z         "blobs": {
validate-platform	Validate Y1 Golden rollout wave	2026-09-14T07:21:03.7373728Z           "historical_snapshot": "09a017a0bd1d622e66736d9522ceae5f63ca1807",
validate-platform	Validate Y1 Golden rollout wave	2026-09-14T07:21:03.7374392Z           "current_head": "09a017a0bd1d622e66736d9522ceae5f63ca1807"
validate-platform	Validate Y1 Golden rollout wave	2026-09-14T07:21:03.7374699Z         },
validate-platform	Validate Y1 Golden rollout wave	2026-09-14T07:21:03.7374908Z         "comparison": "blob_equality",
validate-platform	Validate Y1 Golden rollout wave	2026-09-14T07:21:03.7375156Z         "status": "equal",
validate-platform	Validate Y1 Golden rollout wave	2026-09-14T07:21:03.7375376Z         "missing_at": [],
validate-platform	Validate Y1 Golden rollout wave	2026-09-14T07:21:03.7375786Z         "label": "current lesson rendered input"
validate-platform	Validate Y1 Golden rollout wave	2026-09-14T07:21:03.7376093Z       },
validate-platform	Validate Y1 Golden rollout wave	2026-09-14T07:21:03.7376254Z       {
validate-platform	Validate Y1 Golden rollout wave	2026-09-14T07:21:03.7376608Z         "path": "Boek 1 - Grondslagen, vraag en aanbod/shared/skilltree/base-elements.js",
validate-platform	Validate Y1 Golden rollout wave	2026-09-14T07:21:03.7377004Z         "blobs": {
validate-platform	Validate Y1 Golden rollout wave	2026-09-14T07:21:03.7377324Z           "historical_snapshot": "87cb6a8c5e57d9a60a2162de3c3c0bd7b96887d3",
validate-platform	Validate Y1 Golden rollout wave	2026-09-14T07:21:03.7377758Z           "current_head": "87cb6a8c5e57d9a60a2162de3c3c0bd7b96887d3"
validate-platform	Validate Y1 Golden rollout wave	2026-09-14T07:21:03.7378057Z         },
validate-platform	Validate Y1 Golden rollout wave	2026-09-14T07:21:03.7378256Z         "comparison": "blob_equality",
validate-platform	Validate Y1 Golden rollout wave	2026-09-14T07:21:03.7378496Z         "status": "equal",
validate-platform	Validate Y1 Golden rollout wave	2026-09-14T07:21:03.7378702Z         "missing_at": [],
validate-platform	Validate Y1 Golden rollout wave	2026-09-14T07:21:03.7378948Z         "label": "current lesson rendered input"
validate-platform	Validate Y1 Golden rollout wave	2026-09-14T07:21:03.7379210Z       },
validate-platform	Validate Y1 Golden rollout wave	2026-09-14T07:21:03.7379363Z       {
validate-platform	Validate Y1 Golden rollout wave	2026-09-14T07:21:03.7379710Z         "path": "Boek 1 - Grondslagen, vraag en aanbod/shared/skilltree/explanations.js",
validate-platform	Validate Y1 Golden rollout wave	2026-09-14T07:21:03.7380096Z         "blobs": {
validate-platform	Validate Y1 Golden rollout wave	2026-09-14T07:21:03.7380412Z           "historical_snapshot": "3eb1529e157f5ff8bd64303da12b50c0cc8eb1e1",
validate-platform	Validate Y1 Golden rollout wave	2026-09-14T07:21:03.7380880Z           "current_head": "3eb1529e157f5ff8bd64303da12b50c0cc8eb1e1"
validate-platform	Validate Y1 Golden rollout wave	2026-09-14T07:21:03.7381185Z         },
validate-platform	Validate Y1 Golden rollout wave	2026-09-14T07:21:03.7381383Z         "comparison": "blob_equality",
validate-platform	Validate Y1 Golden rollout wave	2026-09-14T07:21:03.7381620Z         "status": "equal",
validate-platform	Validate Y1 Golden rollout wave	2026-09-14T07:21:03.7381830Z         "missing_at": [],
validate-platform	Validate Y1 Golden rollout wave	2026-09-14T07:21:03.7382077Z         "label": "current lesson rendered input"
validate-platform	Validate Y1 Golden rollout wave	2026-09-14T07:21:03.7382330Z       },
validate-platform	Validate Y1 Golden rollout wave	2026-09-14T07:21:03.7382480Z       {
validate-platform	Validate Y1 Golden rollout wave	2026-09-14T07:21:03.7382804Z         "path": "Boek 1 - Grondslagen, vraag en aanbod/shared/task-shell-engine.js",
validate-platform	Validate Y1 Golden rollout wave	2026-09-14T07:21:03.7383170Z         "blobs": {
validate-platform	Validate Y1 Golden rollout wave	2026-09-14T07:21:03.7383627Z           "historical_snapshot": "7daa49a010aee2f0e3d46919c93bf3d8bbea30ee",
validate-platform	Validate Y1 Golden rollout wave	2026-09-14T07:21:03.7384065Z           "current_head": "7daa49a010aee2f0e3d46919c93bf3d8bbea30ee"
validate-platform	Validate Y1 Golden rollout wave	2026-09-14T07:21:03.7384368Z         },
validate-platform	Validate Y1 Golden rollout wave	2026-09-14T07:21:03.7384567Z         "comparison": "blob_equality",
validate-platform	Validate Y1 Golden rollout wave	2026-09-14T07:21:03.7384809Z         "status": "equal",
validate-platform	Validate Y1 Golden rollout wave	2026-09-14T07:21:03.7385025Z         "missing_at": [],
validate-platform	Validate Y1 Golden rollout wave	2026-09-14T07:21:03.7385277Z         "label": "current lesson rendered input"
validate-platform	Validate Y1 Golden rollout wave	2026-09-14T07:21:03.7385624Z       },
validate-platform	Validate Y1 Golden rollout wave	2026-09-14T07:21:03.7385780Z       {
validate-platform	Validate Y1 Golden rollout wave	2026-09-14T07:21:03.7386087Z         "path": "Boek 1 - Grondslagen, vraag en aanbod/shared/task-shell-ui.js",
validate-platform	Validate Y1 Golden rollout wave	2026-09-14T07:21:03.7386432Z         "blobs": {
validate-platform	Validate Y1 Golden rollout wave	2026-09-14T07:21:03.7386741Z           "historical_snapshot": "d84d527549a1653eed594ea6c65c54a089356100",
validate-platform	Validate Y1 Golden rollout wave	2026-09-14T07:21:03.7387172Z           "current_head": "d84d527549a1653eed594ea6c65c54a089356100"
validate-platform	Validate Y1 Golden rollout wave	2026-09-14T07:21:03.7387471Z         },
validate-platform	Validate Y1 Golden rollout wave	2026-09-14T07:21:03.7387664Z         "comparison": "blob_equality",
validate-platform	Validate Y1 Golden rollout wave	2026-09-14T07:21:03.7387915Z         "status": "equal",
validate-platform	Validate Y1 Golden rollout wave	2026-09-14T07:21:03.7388117Z         "missing_at": [],
validate-platform	Validate Y1 Golden rollout wave	2026-09-14T07:21:03.7388365Z         "label": "current lesson rendered input"
validate-platform	Validate Y1 Golden rollout wave	2026-09-14T07:21:03.7388618Z       },
validate-platform	Validate Y1 Golden rollout wave	2026-09-14T07:21:03.7388776Z       {
validate-platform	Validate Y1 Golden rollout wave	2026-09-14T07:21:03.7389075Z         "path": "Boek 1 - Grondslagen, vraag en aanbod/shared/task-shell.css",
validate-platform	Validate Y1 Golden rollout wave	2026-09-14T07:21:03.7389420Z         "blobs": {
validate-platform	Validate Y1 Golden rollout wave	2026-09-14T07:21:03.7389741Z           "historical_snapshot": "e1fe641ba83da72caa3a4dc9b2cb2d7b7fd0e57c",
validate-platform	Validate Y1 Golden rollout wave	2026-09-14T07:21:03.7390192Z           "current_head": "e1fe641ba83da72caa3a4dc9b2cb2d7b7fd0e57c"
validate-platform	Validate Y1 Golden rollout wave	2026-09-14T07:21:03.7390499Z         },
validate-platform	Validate Y1 Golden rollout wave	2026-09-14T07:21:03.7390696Z         "comparison": "blob_equality",
validate-platform	Validate Y1 Golden rollout wave	2026-09-14T07:21:03.7390938Z         "status": "equal",
validate-platform	Validate Y1 Golden rollout wave	2026-09-14T07:21:03.7391144Z         "missing_at": [],
validate-platform	Validate Y1 Golden rollout wave	2026-09-14T07:21:03.7391392Z         "label": "current lesson rendered input"
validate-platform	Validate Y1 Golden rollout wave	2026-09-14T07:21:03.7391645Z       },
validate-platform	Validate Y1 Golden rollout wave	2026-09-14T07:21:03.7391802Z       {
validate-platform	Validate Y1 Golden rollout wave	2026-09-14T07:21:03.7392083Z         "path": "Boek 1 - Grondslagen, vraag en aanbod/shared/theme.js",
validate-platform	Validate Y1 Golden rollout wave	2026-09-14T07:21:03.7392405Z         "blobs": {
validate-platform	Validate Y1 Golden rollout wave	2026-09-14T07:21:03.7392722Z           "historical_snapshot": "117606429a436c62de40a2e097b62351226caaa5",
validate-platform	Validate Y1 Golden rollout wave	2026-09-14T07:21:03.7393144Z           "current_head": "117606429a436c62de40a2e097b62351226caaa5"
validate-platform	Validate Y1 Golden rollout wave	2026-09-14T07:21:03.7393465Z         },
validate-platform	Validate Y1 Golden rollout wave	2026-09-14T07:21:03.7393664Z         "comparison": "blob_equality",
validate-platform	Validate Y1 Golden rollout wave	2026-09-14T07:21:03.7394107Z         "status": "equal",
validate-platform	Validate Y1 Golden rollout wave	2026-09-14T07:21:03.7394332Z         "missing_at": [],
validate-platform	Validate Y1 Golden rollout wave	2026-09-14T07:21:03.7394589Z         "label": "current lesson rendered input"
validate-platform	Validate Y1 Golden rollout wave	2026-09-14T07:21:03.7394842Z       },
validate-platform	Validate Y1 Golden rollout wave	2026-09-14T07:21:03.7394999Z       {
validate-platform	Validate Y1 Golden rollout wave	2026-09-14T07:21:03.7395300Z         "path": "Boek 1 - Grondslagen, vraag en aanbod/shared/voorkennis.css",
validate-platform	Validate Y1 Golden rollout wave	2026-09-14T07:21:03.7395641Z         "blobs": {
validate-platform	Validate Y1 Golden rollout wave	2026-09-14T07:21:03.7396154Z           "historical_snapshot": "01222b3463ac7252ec150b271e3fa167aa809d04",
validate-platform	Validate Y1 Golden rollout wave	2026-09-14T07:21:03.7396595Z           "current_head": "01222b3463ac7252ec150b271e3fa167aa809d04"
validate-platform	Validate Y1 Golden rollout wave	2026-09-14T07:21:03.7396898Z         },
validate-platform	Validate Y1 Golden rollout wave	2026-09-14T07:21:03.7397100Z         "comparison": "blob_equality",
validate-platform	Validate Y1 Golden rollout wave	2026-09-14T07:21:03.7397351Z         "status": "equal",
validate-platform	Validate Y1 Golden rollout wave	2026-09-14T07:21:03.7397557Z         "missing_at": [],
validate-platform	Validate Y1 Golden rollout wave	2026-09-14T07:21:03.7397810Z         "label": "current lesson rendered input"
validate-platform	Validate Y1 Golden rollout wave	2026-09-14T07:21:03.7398056Z       },
validate-platform	Validate Y1 Golden rollout wave	2026-09-14T07:21:03.7398210Z       {
validate-platform	Validate Y1 Golden rollout wave	2026-09-14T07:21:03.7398510Z         "path": "Boek 1 - Grondslagen, vraag en aanbod/shared/voorkennis.js",
validate-platform	Validate Y1 Golden rollout wave	2026-09-14T07:21:03.7398841Z         "blobs": {
validate-platform	Validate Y1 Golden rollout wave	2026-09-14T07:21:03.7399150Z           "historical_snapshot": "37782018a6f10f9901c0af40127bea55a75301ff",
validate-platform	Validate Y1 Golden rollout wave	2026-09-14T07:21:03.7399574Z           "current_head": "37782018a6f10f9901c0af40127bea55a75301ff"
validate-platform	Validate Y1 Golden rollout wave	2026-09-14T07:21:03.7399875Z         },
validate-platform	Validate Y1 Golden rollout wave	2026-09-14T07:21:03.7400069Z         "comparison": "blob_equality",
validate-platform	Validate Y1 Golden rollout wave	2026-09-14T07:21:03.7400309Z         "status": "equal",
validate-platform	Validate Y1 Golden rollout wave	2026-09-14T07:21:03.7400639Z         "missing_at": [],
validate-platform	Validate Y1 Golden rollout wave	2026-09-14T07:21:03.7400893Z         "label": "current lesson rendered input"
validate-platform	Validate Y1 Golden rollout wave	2026-09-14T07:21:03.7401139Z       }
validate-platform	Validate Y1 Golden rollout wave	2026-09-14T07:21:03.7401295Z     ],
validate-platform	Validate Y1 Golden rollout wave	2026-09-14T07:21:03.7401465Z     "route_targets": [
validate-platform	Validate Y1 Golden rollout wave	2026-09-14T07:21:03.7401650Z       {
validate-platform	Validate Y1 Golden rollout wave	2026-09-14T07:21:03.7402656Z         "path": "Boek 1 - Grondslagen, vraag en aanbod/1.1 Hoofdstuk Economisch denken en rekenen/1.1.1 Schaarste en economisch denken/1.1.1 Schaarste en economisch denken – antwoorden.html",
validate-platform	Validate Y1 Golden rollout wave	2026-09-14T07:21:03.7403599Z         "historical_blob": "0e55dcd19e88d57b2bd092571d3d4830d444f08c",
validate-platform	Validate Y1 Golden rollout wave	2026-09-14T07:21:03.7404024Z         "current_blob": "0e55dcd19e88d57b2bd092571d3d4830d444f08c"
validate-platform	Validate Y1 Golden rollout wave	2026-09-14T07:21:03.7404322Z       },
validate-platform	Validate Y1 Golden rollout wave	2026-09-14T07:21:03.7404483Z       {
validate-platform	Validate Y1 Golden rollout wave	2026-09-14T07:21:03.7405315Z         "path": "Boek 1 - Grondslagen, vraag en aanbod/1.1 Hoofdstuk Economisch denken en rekenen/1.1.1 Schaarste en economisch denken/1.1.1 Schaarste en economisch denken – antwoorden.pdf",
validate-platform	Validate Y1 Golden rollout wave	2026-09-14T07:21:03.7406147Z         "historical_blob": "ddc6be1caae889fb1f772823e129aa039d5cfdec",
validate-platform	Validate Y1 Golden rollout wave	2026-09-14T07:21:03.7406580Z         "current_blob": "ddc6be1caae889fb1f772823e129aa039d5cfdec"
validate-platform	Validate Y1 Golden rollout wave	2026-09-14T07:21:03.7406885Z       },
validate-platform	Validate Y1 Golden rollout wave	2026-09-14T07:21:03.7407038Z       {
validate-platform	Validate Y1 Golden rollout wave	2026-09-14T07:21:03.7407869Z         "path": "Boek 1 - Grondslagen, vraag en aanbod/1.1 Hoofdstuk Economisch denken en rekenen/1.1.1 Schaarste en economisch denken/1.1.1 Schaarste en economisch denken – basis – vragen.docx",
validate-platform	Validate Y1 Golden rollout wave	2026-09-14T07:21:03.7408712Z         "historical_blob": "3438e1085be323c51c33f834d5a70b8c622d6c69",
validate-platform	Validate Y1 Golden rollout wave	2026-09-14T07:21:03.7409125Z         "current_blob": "3438e1085be323c51c33f834d5a70b8c622d6c69"
validate-platform	Validate Y1 Golden rollout wave	2026-09-14T07:21:03.7409415Z       },
validate-platform	Validate Y1 Golden rollout wave	2026-09-14T07:21:03.7409580Z       {
validate-platform	Validate Y1 Golden rollout wave	2026-09-14T07:21:03.7410428Z         "path": "Boek 1 - Grondslagen, vraag en aanbod/1.1 Hoofdstuk Economisch denken en rekenen/1.1.1 Schaarste en economisch denken/1.1.1 Schaarste en economisch denken – begeleide inoefening.html",
validate-platform	Validate Y1 Golden rollout wave	2026-09-14T07:21:03.7411285Z         "historical_blob": "2db85fa28f72a91c11f74adcad38ee18860de926",
validate-platform	Validate Y1 Golden rollout wave	2026-09-14T07:21:03.7411701Z         "current_blob": "2db85fa28f72a91c11f74adcad38ee18860de926"
validate-platform	Validate Y1 Golden rollout wave	2026-09-14T07:21:03.7412003Z       },
validate-platform	Validate Y1 Golden rollout wave	2026-09-14T07:21:03.7412157Z       {
validate-platform	Validate Y1 Golden rollout wave	2026-09-14T07:21:03.7412986Z         "path": "Boek 1 - Grondslagen, vraag en aanbod/1.1 Hoofdstuk Economisch denken en rekenen/1.1.1 Schaarste en economisch denken/1.1.1 Schaarste en economisch denken – midden – vragen.docx",
validate-platform	Validate Y1 Golden rollout wave	2026-09-14T07:21:03.7413826Z         "historical_blob": "beb7501aa741a7e0dd25d6e1ad1ecd5f4f63422a",
validate-platform	Validate Y1 Golden rollout wave	2026-09-14T07:21:03.7414466Z         "current_blob": "beb7501aa741a7e0dd25d6e1ad1ecd5f4f63422a"
validate-platform	Validate Y1 Golden rollout wave	2026-09-14T07:21:03.7414770Z       },
validate-platform	Validate Y1 Golden rollout wave	2026-09-14T07:21:03.7414946Z       {
validate-platform	Validate Y1 Golden rollout wave	2026-09-14T07:21:03.7415792Z         "path": "Boek 1 - Grondslagen, vraag en aanbod/1.1 Hoofdstuk Economisch denken en rekenen/1.1.1 Schaarste en economisch denken/1.1.1 Schaarste en economisch denken – nieuws met visual.html",
validate-platform	Validate Y1 Golden rollout wave	2026-09-14T07:21:03.7416842Z         "historical_blob": "e99df5ef3a1d991d8d280d3a144289f698d098db",
validate-platform	Validate Y1 Golden rollout wave	2026-09-14T07:21:03.7417268Z         "current_blob": "e99df5ef3a1d991d8d280d3a144289f698d098db"
validate-platform	Validate Y1 Golden rollout wave	2026-09-14T07:21:03.7417562Z       },
validate-platform	Validate Y1 Golden rollout wave	2026-09-14T07:21:03.7417715Z       {
validate-platform	Validate Y1 Golden rollout wave	2026-09-14T07:21:03.7418569Z         "path": "Boek 1 - Grondslagen, vraag en aanbod/1.1 Hoofdstuk Economisch denken en rekenen/1.1.1 Schaarste en economisch denken/1.1.1 Schaarste en economisch denken – nieuws-detective.html",
validate-platform	Validate Y1 Golden rollout wave	2026-09-14T07:21:03.7419405Z         "historical_blob": "71a3b12dce5cf4afe002777566c688e18072ee05",
validate-platform	Validate Y1 Golden rollout wave	2026-09-14T07:21:03.7419823Z         "current_blob": "71a3b12dce5cf4afe002777566c688e18072ee05"
validate-platform	Validate Y1 Golden rollout wave	2026-09-14T07:21:03.7420118Z       },
validate-platform	Validate Y1 Golden rollout wave	2026-09-14T07:21:03.7420277Z       {
validate-platform	Validate Y1 Golden rollout wave	2026-09-14T07:21:03.7421085Z         "path": "Boek 1 - Grondslagen, vraag en aanbod/1.1 Hoofdstuk Economisch denken en rekenen/1.1.1 Schaarste en economisch denken/1.1.1 Schaarste en economisch denken – opgaven.pdf",
validate-platform	Validate Y1 Golden rollout wave	2026-09-14T07:21:03.7421901Z         "historical_blob": "6c5111b0adc309d59e0c44fb79ec5806e9e71fa7",
validate-platform	Validate Y1 Golden rollout wave	2026-09-14T07:21:03.7423176Z         "current_blob": "6c5111b0adc309d59e0c44fb79ec5806e9e71fa7"
validate-platform	Validate Y1 Golden rollout wave	2026-09-14T07:21:03.7423493Z       },
validate-platform	Validate Y1 Golden rollout wave	2026-09-14T07:21:03.7423657Z       {
validate-platform	Validate Y1 Golden rollout wave	2026-09-14T07:21:03.7424506Z         "path": "Boek 1 - Grondslagen, vraag en aanbod/1.1 Hoofdstuk Economisch denken en rekenen/1.1.1 Schaarste en economisch denken/1.1.1 Schaarste en economisch denken – paragraaf.html",
validate-platform	Validate Y1 Golden rollout wave	2026-09-14T07:21:03.7425347Z         "historical_blob": "d3754179818eab7b8a13cc9566dc963d629b788d",
validate-platform	Validate Y1 Golden rollout wave	2026-09-14T07:21:03.7425886Z         "current_blob": "d3754179818eab7b8a13cc9566dc963d629b788d"
validate-platform	Validate Y1 Golden rollout wave	2026-09-14T07:21:03.7426187Z       },
validate-platform	Validate Y1 Golden rollout wave	2026-09-14T07:21:03.7426348Z       {
validate-platform	Validate Y1 Golden rollout wave	2026-09-14T07:21:03.7427173Z         "path": "Boek 1 - Grondslagen, vraag en aanbod/1.1 Hoofdstuk Economisch denken en rekenen/1.1.1 Schaarste en economisch denken/1.1.1 Schaarste en economisch denken – paragraaf.pdf",
validate-platform	Validate Y1 Golden rollout wave	2026-09-14T07:21:03.7427984Z         "historical_blob": "a12d05c270e88f43173bb32d0152e2abe0022cf3",
validate-platform	Validate Y1 Golden rollout wave	2026-09-14T07:21:03.7428410Z         "current_blob": "a12d05c270e88f43173bb32d0152e2abe0022cf3"
validate-platform	Validate Y1 Golden rollout wave	2026-09-14T07:21:03.7428703Z       },
validate-platform	Validate Y1 Golden rollout wave	2026-09-14T07:21:03.7428868Z       {
validate-platform	Validate Y1 Golden rollout wave	2026-09-14T07:21:03.7429689Z         "path": "Boek 1 - Grondslagen, vraag en aanbod/1.1 Hoofdstuk Economisch denken en rekenen/1.1.1 Schaarste en economisch denken/1.1.1 Schaarste en economisch denken – presentatie.html",
validate-platform	Validate Y1 Golden rollout wave	2026-09-14T07:21:03.7430513Z         "historical_blob": "556cc36611cb95d8dc23373a20f4d2a9634fb5be",
validate-platform	Validate Y1 Golden rollout wave	2026-09-14T07:21:03.7430929Z         "current_blob": "556cc36611cb95d8dc23373a20f4d2a9634fb5be"
validate-platform	Validate Y1 Golden rollout wave	2026-09-14T07:21:03.7431225Z       },
validate-platform	Validate Y1 Golden rollout wave	2026-09-14T07:21:03.7431380Z       {
validate-platform	Validate Y1 Golden rollout wave	2026-09-14T07:21:03.7432200Z         "path": "Boek 1 - Grondslagen, vraag en aanbod/1.1 Hoofdstuk Economisch denken en rekenen/1.1.1 Schaarste en economisch denken/1.1.1 Schaarste en economisch denken – presentatie.pptx",
validate-platform	Validate Y1 Golden rollout wave	2026-09-14T07:21:03.7433022Z         "historical_blob": "44cf9f8a4c3050f9e2bd2c776ac17703be34e809",
validate-platform	Validate Y1 Golden rollout wave	2026-09-14T07:21:03.7433444Z         "current_blob": "44cf9f8a4c3050f9e2bd2c776ac17703be34e809"
validate-platform	Validate Y1 Golden rollout wave	2026-09-14T07:21:03.7433745Z       },
validate-platform	Validate Y1 Golden rollout wave	2026-09-14T07:21:03.7433905Z       {
validate-platform	Validate Y1 Golden rollout wave	2026-09-14T07:21:03.7434992Z         "path": "Boek 1 - Grondslagen, vraag en aanbod/1.1 Hoofdstuk Economisch denken en rekenen/1.1.1 Schaarste en economisch denken/1.1.1 Schaarste en economisch denken – samenvatting.html",
validate-platform	Validate Y1 Golden rollout wave	2026-09-14T07:21:03.7435841Z         "historical_blob": "46b526fc8de17f0070b53ca2c128a802c49e8d75",
validate-platform	Validate Y1 Golden rollout wave	2026-09-14T07:21:03.7436466Z         "current_blob": "46b526fc8de17f0070b53ca2c128a802c49e8d75"
validate-platform	Validate Y1 Golden rollout wave	2026-09-14T07:21:03.7436783Z       },
validate-platform	Validate Y1 Golden rollout wave	2026-09-14T07:21:03.7436939Z       {
validate-platform	Validate Y1 Golden rollout wave	2026-09-14T07:21:03.7437769Z         "path": "Boek 1 - Grondslagen, vraag en aanbod/1.1 Hoofdstuk Economisch denken en rekenen/1.1.1 Schaarste en economisch denken/1.1.1 Schaarste en economisch denken – stappenplan.html",
validate-platform	Validate Y1 Golden rollout wave	2026-09-14T07:21:03.7438591Z         "historical_blob": "13a05c84418f2a11c2ccbd99a803ac847c65b814",
validate-platform	Validate Y1 Golden rollout wave	2026-09-14T07:21:03.7439003Z         "current_blob": "13a05c84418f2a11c2ccbd99a803ac847c65b814"
validate-platform	Validate Y1 Golden rollout wave	2026-09-14T07:21:03.7439300Z       },
validate-platform	Validate Y1 Golden rollout wave	2026-09-14T07:21:03.7439460Z       {
validate-platform	Validate Y1 Golden rollout wave	2026-09-14T07:21:03.7440311Z         "path": "Boek 1 - Grondslagen, vraag en aanbod/1.1 Hoofdstuk Economisch denken en rekenen/1.1.1 Schaarste en economisch denken/1.1.1 Schaarste en economisch denken – uitleg vaardigheden.docx",
validate-platform	Validate Y1 Golden rollout wave	2026-09-14T07:21:03.7441161Z         "historical_blob": "3f5a3fc86e44e502a3114ca1baa52070d90c9d22",
validate-platform	Validate Y1 Golden rollout wave	2026-09-14T07:21:03.7441573Z         "current_blob": "3f5a3fc86e44e502a3114ca1baa52070d90c9d22"
validate-platform	Validate Y1 Golden rollout wave	2026-09-14T07:21:03.7441885Z       },
validate-platform	Validate Y1 Golden rollout wave	2026-09-14T07:21:03.7442045Z       {
validate-platform	Validate Y1 Golden rollout wave	2026-09-14T07:21:03.7442883Z         "path": "Boek 1 - Grondslagen, vraag en aanbod/1.1 Hoofdstuk Economisch denken en rekenen/1.1.1 Schaarste en economisch denken/1.1.1 Schaarste en economisch denken – uitleg voorkennis.html",
validate-platform	Validate Y1 Golden rollout wave	2026-09-14T07:21:03.7443727Z         "historical_blob": "c06cff2f6cdcc8b9e7a324b16c6aaca4801998e6",
validate-platform	Validate Y1 Golden rollout wave	2026-09-14T07:21:03.7444156Z         "current_blob": "c06cff2f6cdcc8b9e7a324b16c6aaca4801998e6"
validate-platform	Validate Y1 Golden rollout wave	2026-09-14T07:21:03.7444595Z       },
validate-platform	Validate Y1 Golden rollout wave	2026-09-14T07:21:03.7444758Z       {
validate-platform	Validate Y1 Golden rollout wave	2026-09-14T07:21:03.7445604Z         "path": "Boek 1 - Grondslagen, vraag en aanbod/1.1 Hoofdstuk Economisch denken en rekenen/1.1.1 Schaarste en economisch denken/1.1.1 Schaarste en economisch denken – verrijking – vragen.docx",
validate-platform	Validate Y1 Golden rollout wave	2026-09-14T07:21:03.7446458Z         "historical_blob": "0c78bf59a584cf1000fb09d9bbfff23ed326adcb",
validate-platform	Validate Y1 Golden rollout wave	2026-09-14T07:21:03.7446876Z         "current_blob": "0c78bf59a584cf1000fb09d9bbfff23ed326adcb"
validate-platform	Validate Y1 Golden rollout wave	2026-09-14T07:21:03.7447271Z       },
validate-platform	Validate Y1 Golden rollout wave	2026-09-14T07:21:03.7447427Z       {
validate-platform	Validate Y1 Golden rollout wave	2026-09-14T07:21:03.7448255Z         "path": "Boek 1 - Grondslagen, vraag en aanbod/1.1 Hoofdstuk Economisch denken en rekenen/1.1.1 Schaarste en economisch denken/1.1.1 Schaarste en economisch denken – youtube-videos.html",
validate-platform	Validate Y1 Golden rollout wave	2026-09-14T07:21:03.7449094Z         "historical_blob": "f65d2e11fb0783669ad68047ec0c41a3ef155fa0",
validate-platform	Validate Y1 Golden rollout wave	2026-09-14T07:21:03.7449509Z         "current_blob": "f65d2e11fb0783669ad68047ec0c41a3ef155fa0"
validate-platform	Validate Y1 Golden rollout wave	2026-09-14T07:21:03.7449809Z       },
validate-platform	Validate Y1 Golden rollout wave	2026-09-14T07:21:03.7449964Z       {
validate-platform	Validate Y1 Golden rollout wave	2026-09-14T07:21:03.7450768Z         "path": "Boek 1 - Grondslagen, vraag en aanbod/1.1 Hoofdstuk Economisch denken en rekenen/1.1.2 Percentages en indexcijfers/1.1.2 Percentages en indexcijfers – antwoorden.html",
validate-platform	Validate Y1 Golden rollout wave	2026-09-14T07:21:03.7451582Z         "historical_blob": "7104cfe91f23d874a22c7edc105f120b1b2326ee",
validate-platform	Validate Y1 Golden rollout wave	2026-09-14T07:21:03.7451994Z         "current_blob": "7104cfe91f23d874a22c7edc105f120b1b2326ee"
validate-platform	Validate Y1 Golden rollout wave	2026-09-14T07:21:03.7452292Z       },
validate-platform	Validate Y1 Golden rollout wave	2026-09-14T07:21:03.7452453Z       {
validate-platform	Validate Y1 Golden rollout wave	2026-09-14T07:21:03.7453241Z         "path": "Boek 1 - Grondslagen, vraag en aanbod/1.1 Hoofdstuk Economisch denken en rekenen/1.1.2 Percentages en indexcijfers/1.1.2 Percentages en indexcijfers – antwoorden.pdf",
validate-platform	Validate Y1 Golden rollout wave	2026-09-14T07:21:03.7454048Z         "historical_blob": "9cfa1df04fdc8333fbcee3876260ae577880d1e9",
validate-platform	Validate Y1 Golden rollout wave	2026-09-14T07:21:03.7454653Z         "current_blob": "9cfa1df04fdc8333fbcee3876260ae577880d1e9"
validate-platform	Validate Y1 Golden rollout wave	2026-09-14T07:21:03.7454965Z       },
validate-platform	Validate Y1 Golden rollout wave	2026-09-14T07:21:03.7455129Z       {
validate-platform	Validate Y1 Golden rollout wave	2026-09-14T07:21:03.7455968Z         "path": "Boek 1 - Grondslagen, vraag en aanbod/1.1 Hoofdstuk Economisch denken en rekenen/1.1.2 Percentages en indexcijfers/1.1.2 Percentages en indexcijfers – begeleide inoefening.html",
validate-platform	Validate Y1 Golden rollout wave	2026-09-14T07:21:03.7456998Z         "historical_blob": "1651eb16fe66779c80caf3389b0d812f527cee25",
validate-platform	Validate Y1 Golden rollout wave	2026-09-14T07:21:03.7457410Z         "current_blob": "1651eb16fe66779c80caf3389b0d812f527cee25"
validate-platform	Validate Y1 Golden rollout wave	2026-09-14T07:21:03.7457697Z       },
validate-platform	Validate Y1 Golden rollout wave	2026-09-14T07:21:03.7457863Z       {
validate-platform	Validate Y1 Golden rollout wave	2026-09-14T07:21:03.7458677Z         "path": "Boek 1 - Grondslagen, vraag en aanbod/1.1 Hoofdstuk Economisch denken en rekenen/1.1.2 Percentages en indexcijfers/1.1.2 Percentages en indexcijfers – grafiekenspel.html",
validate-platform	Validate Y1 Golden rollout wave	2026-09-14T07:21:03.7459526Z         "historical_blob": "ce7afe67fb5dd091b066f5c7ef22b4afe1e064d9",
validate-platform	Validate Y1 Golden rollout wave	2026-09-14T07:21:03.7459997Z         "current_blob": "ce7afe67fb5dd091b066f5c7ef22b4afe1e064d9"
validate-platform	Validate Y1 Golden rollout wave	2026-09-14T07:21:03.7460307Z       },
validate-platform	Validate Y1 Golden rollout wave	2026-09-14T07:21:03.7460467Z       {
validate-platform	Validate Y1 Golden rollout wave	2026-09-14T07:21:03.7461312Z         "path": "Boek 1 - Grondslagen, vraag en aanbod/1.1 Hoofdstuk Economisch denken en rekenen/1.1.2 Percentages en indexcijfers/1.1.2 Percentages en indexcijfers – nieuws met visual.html",
validate-platform	Validate Y1 Golden rollout wave	2026-09-14T07:21:03.7462127Z         "historical_blob": "21c9b0e3578e8ee04e46a54894489ece05267a88",
validate-platform	Validate Y1 Golden rollout wave	2026-09-14T07:21:03.7462533Z         "current_blob": "21c9b0e3578e8ee04e46a54894489ece05267a88"
validate-platform	Validate Y1 Golden rollout wave	2026-09-14T07:21:03.7462822Z       },
validate-platform	Validate Y1 Golden rollout wave	2026-09-14T07:21:03.7462981Z       {
validate-platform	Validate Y1 Golden rollout wave	2026-09-14T07:21:03.7463807Z         "path": "Boek 1 - Grondslagen, vraag en aanbod/1.1 Hoofdstuk Economisch denken en rekenen/1.1.2 Percentages en indexcijfers/1.1.2 Percentages en indexcijfers – nieuws-detective.html",
validate-platform	Validate Y1 Golden rollout wave	2026-09-14T07:21:03.7464635Z         "historical_blob": "a988bc45a45781f4fc52876c2d8bf7d5c1f9368e",
validate-platform	Validate Y1 Golden rollout wave	2026-09-14T07:21:03.7465044Z         "current_blob": "a988bc45a45781f4fc52876c2d8bf7d5c1f9368e"
validate-platform	Validate Y1 Golden rollout wave	2026-09-14T07:21:03.7465343Z       },
validate-platform	Validate Y1 Golden rollout wave	2026-09-14T07:21:03.7465496Z       {
validate-platform	Validate Y1 Golden rollout wave	2026-09-14T07:21:03.7466288Z         "path": "Boek 1 - Grondslagen, vraag en aanbod/1.1 Hoofdstuk Economisch denken en rekenen/1.1.2 Percentages en indexcijfers/1.1.2 Percentages en indexcijfers – opgaven.pdf",
validate-platform	Validate Y1 Golden rollout wave	2026-09-14T07:21:03.7467216Z         "historical_blob": "4d4cccae39b9aa510dc6c8117f80ad825a73660c",
validate-platform	Validate Y1 Golden rollout wave	2026-09-14T07:21:03.7467642Z         "current_blob": "4d4cccae39b9aa510dc6c8117f80ad825a73660c"
validate-platform	Validate Y1 Golden rollout wave	2026-09-14T07:21:03.7467940Z       },
validate-platform	Validate Y1 Golden rollout wave	2026-09-14T07:21:03.7468100Z       {
validate-platform	Validate Y1 Golden rollout wave	2026-09-14T07:21:03.7468889Z         "path": "Boek 1 - Grondslagen, vraag en aanbod/1.1 Hoofdstuk Economisch denken en rekenen/1.1.2 Percentages en indexcijfers/1.1.2 Percentages en indexcijfers – paragraaf.html",
validate-platform	Validate Y1 Golden rollout wave	2026-09-14T07:21:03.7469805Z         "historical_blob": "4f2c793568c94cdd006d5bf45e1e52966f8c18a9",
validate-platform	Validate Y1 Golden rollout wave	2026-09-14T07:21:03.7470224Z         "current_blob": "4f2c793568c94cdd006d5bf45e1e52966f8c18a9"
validate-platform	Validate Y1 Golden rollout wave	2026-09-14T07:21:03.7470528Z       },
validate-platform	Validate Y1 Golden rollout wave	2026-09-14T07:21:03.7470686Z       {
validate-platform	Validate Y1 Golden rollout wave	2026-09-14T07:21:03.7471477Z         "path": "Boek 1 - Grondslagen, vraag en aanbod/1.1 Hoofdstuk Economisch denken en rekenen/1.1.2 Percentages en indexcijfers/1.1.2 Percentages en indexcijfers – paragraaf.pdf",
validate-platform	Validate Y1 Golden rollout wave	2026-09-14T07:21:03.7472293Z         "historical_blob": "a2e5890a3b96b8fb9de61367ffbaa500e57fd4e1",
validate-platform	Validate Y1 Golden rollout wave	2026-09-14T07:21:03.7472717Z         "current_blob": "a2e5890a3b96b8fb9de61367ffbaa500e57fd4e1"
validate-platform	Validate Y1 Golden rollout wave	2026-09-14T07:21:03.7473015Z       },
validate-platform	Validate Y1 Golden rollout wave	2026-09-14T07:21:03.7473167Z       {
validate-platform	Validate Y1 Golden rollout wave	2026-09-14T07:21:03.7473966Z         "path": "Boek 1 - Grondslagen, vraag en aanbod/1.1 Hoofdstuk Economisch denken en rekenen/1.1.2 Percentages en indexcijfers/1.1.2 Percentages en indexcijfers – presentatie.html",
validate-platform	Validate Y1 Golden rollout wave	2026-09-14T07:21:03.7474999Z         "historical_blob": "02f89a832bff4ae7de3588a5cca48d05a41fb6ee",
validate-platform	Validate Y1 Golden rollout wave	2026-09-14T07:21:03.7475421Z         "current_blob": "02f89a832bff4ae7de3588a5cca48d05a41fb6ee"
validate-platform	Validate Y1 Golden rollout wave	2026-09-14T07:21:03.7475718Z       },
validate-platform	Validate Y1 Golden rollout wave	2026-09-14T07:21:03.7475877Z       {
validate-platform	Validate Y1 Golden rollout wave	2026-09-14T07:21:03.7476866Z         "path": "Boek 1 - Grondslagen, vraag en aanbod/1.1 Hoofdstuk Economisch denken en rekenen/1.1.2 Percentages en indexcijfers/1.1.2 Percentages en indexcijfers – presentatie.pptx",
validate-platform	Validate Y1 Golden rollout wave	2026-09-14T07:21:03.7477710Z         "historical_blob": "9cf4ce0022ee7cfc56715a75f508151fc11e346a",
validate-platform	Validate Y1 Golden rollout wave	2026-09-14T07:21:03.7478124Z         "current_blob": "9cf4ce0022ee7cfc56715a75f508151fc11e346a"
validate-platform	Validate Y1 Golden rollout wave	2026-09-14T07:21:03.7478423Z       },
validate-platform	Validate Y1 Golden rollout wave	2026-09-14T07:21:03.7478577Z       {
validate-platform	Validate Y1 Golden rollout wave	2026-09-14T07:21:03.7479406Z         "path": "Boek 1 - Grondslagen, vraag en aanbod/1.1 Hoofdstuk Economisch denken en rekenen/1.1.2 Percentages en indexcijfers/1.1.2 Percentages en indexcijfers – redeneer-spel.html",
validate-platform	Validate Y1 Golden rollout wave	2026-09-14T07:21:03.7480226Z         "historical_blob": "1f585f256d8ecf431e979b4887fc0a42717a3e66",
validate-platform	Validate Y1 Golden rollout wave	2026-09-14T07:21:03.7480638Z         "current_blob": "1f585f256d8ecf431e979b4887fc0a42717a3e66"
validate-platform	Validate Y1 Golden rollout wave	2026-09-14T07:21:03.7480967Z       },
validate-platform	Validate Y1 Golden rollout wave	2026-09-14T07:21:03.7481130Z       {
validate-platform	Validate Y1 Golden rollout wave	2026-09-14T07:21:03.7481932Z         "path": "Boek 1 - Grondslagen, vraag en aanbod/1.1 Hoofdstuk Economisch denken en rekenen/1.1.2 Percentages en indexcijfers/1.1.2 Percentages en indexcijfers – samenvatting.html",
validate-platform	Validate Y1 Golden rollout wave	2026-09-14T07:21:03.7482757Z         "historical_blob": "c0a2466bce6859e25ef80f7e343f8563f17c53dc",
validate-platform	Validate Y1 Golden rollout wave	2026-09-14T07:21:03.7483163Z         "current_blob": "c0a2466bce6859e25ef80f7e343f8563f17c53dc"
validate-platform	Validate Y1 Golden rollout wave	2026-09-14T07:21:03.7483237Z       },
validate-platform	Validate Y1 Golden rollout wave	2026-09-14T07:21:03.7483308Z       {
validate-platform	Validate Y1 Golden rollout wave	2026-09-14T07:21:03.7484020Z         "path": "Boek 1 - Grondslagen, vraag en aanbod/1.1 Hoofdstuk Economisch denken en rekenen/1.1.2 Percentages en indexcijfers/1.1.2 Percentages en indexcijfers – stappenplan.html",
validate-platform	Validate Y1 Golden rollout wave	2026-09-14T07:21:03.7484215Z         "historical_blob": "96731967f7d2f12d7908fa632377022c1d981caa",
validate-platform	Validate Y1 Golden rollout wave	2026-09-14T07:21:03.7484375Z         "current_blob": "96731967f7d2f12d7908fa632377022c1d981caa"
validate-platform	Validate Y1 Golden rollout wave	2026-09-14T07:21:03.7484448Z       },
validate-platform	Validate Y1 Golden rollout wave	2026-09-14T07:21:03.7484521Z       {
validate-platform	Validate Y1 Golden rollout wave	2026-09-14T07:21:03.7485256Z         "path": "Boek 1 - Grondslagen, vraag en aanbod/1.1 Hoofdstuk Economisch denken en rekenen/1.1.2 Percentages en indexcijfers/1.1.2 Percentages en indexcijfers – uitleg voorkennis.html",
validate-platform	Validate Y1 Golden rollout wave	2026-09-14T07:21:03.7485614Z         "historical_blob": "07e24c76bc4af4195756b4159e1643ee2ca5ef53",
validate-platform	Validate Y1 Golden rollout wave	2026-09-14T07:21:03.7485794Z         "current_blob": "07e24c76bc4af4195756b4159e1643ee2ca5ef53"
validate-platform	Validate Y1 Golden rollout wave	2026-09-14T07:21:03.7493575Z       },
validate-platform	Validate Y1 Golden rollout wave	2026-09-14T07:21:03.7493674Z       {
validate-platform	Validate Y1 Golden rollout wave	2026-09-14T07:21:03.7494494Z         "path": "Boek 1 - Grondslagen, vraag en aanbod/1.1 Hoofdstuk Economisch denken en rekenen/1.1.2 Percentages en indexcijfers/1.1.2 Percentages en indexcijfers – youtube-videos.html",
validate-platform	Validate Y1 Golden rollout wave	2026-09-14T07:21:03.7495165Z         "historical_blob": "4270f3f18b4191d69c849f39e57f5f4f4e6d4e8c",
validate-platform	Validate Y1 Golden rollout wave	2026-09-14T07:21:03.7495350Z         "current_blob": "4270f3f18b4191d69c849f39e57f5f4f4e6d4e8c"
validate-platform	Validate Y1 Golden rollout wave	2026-09-14T07:21:03.7495430Z       },
validate-platform	Validate Y1 Golden rollout wave	2026-09-14T07:21:03.7495509Z       {
validate-platform	Validate Y1 Golden rollout wave	2026-09-14T07:21:03.7496211Z         "path": "Boek 1 - Grondslagen, vraag en aanbod/1.1 Hoofdstuk Economisch denken en rekenen/1.1.3 Grafieken en tabellen/1.1.3 Grafieken en tabellen – antwoorden.html",
validate-platform	Validate Y1 Golden rollout wave	2026-09-14T07:21:03.7496431Z         "historical_blob": "7b705f4d233f7c5c42d33f1e615c289dd3b59a48",
validate-platform	Validate Y1 Golden rollout wave	2026-09-14T07:21:03.7496811Z         "current_blob": "7b705f4d233f7c5c42d33f1e615c289dd3b59a48"
validate-platform	Validate Y1 Golden rollout wave	2026-09-14T07:21:03.7496926Z       },
validate-platform	Validate Y1 Golden rollout wave	2026-09-14T07:21:03.7497004Z       {
validate-platform	Validate Y1 Golden rollout wave	2026-09-14T07:21:03.7497686Z         "path": "Boek 1 - Grondslagen, vraag en aanbod/1.1 Hoofdstuk Economisch denken en rekenen/1.1.3 Grafieken en tabellen/1.1.3 Grafieken en tabellen – antwoorden.pdf",
validate-platform	Validate Y1 Golden rollout wave	2026-09-14T07:21:03.7497876Z         "historical_blob": "8603b06eb016c2629ac412857b03260f11032c82",
validate-platform	Validate Y1 Golden rollout wave	2026-09-14T07:21:03.7498050Z         "current_blob": "8603b06eb016c2629ac412857b03260f11032c82"
validate-platform	Validate Y1 Golden rollout wave	2026-09-14T07:21:03.7498129Z       },
validate-platform	Validate Y1 Golden rollout wave	2026-09-14T07:21:03.7498203Z       {
validate-platform	Validate Y1 Golden rollout wave	2026-09-14T07:21:03.7498899Z         "path": "Boek 1 - Grondslagen, vraag en aanbod/1.1 Hoofdstuk Economisch denken en rekenen/1.1.3 Grafieken en tabellen/1.1.3 Grafieken en tabellen – begeleide inoefening.html",
validate-platform	Validate Y1 Golden rollout wave	2026-09-14T07:21:03.7499100Z         "historical_blob": "2bdedf7e555220a21de8cba60c14055814880f3c",
validate-platform	Validate Y1 Golden rollout wave	2026-09-14T07:21:03.7499279Z         "current_blob": "2bdedf7e555220a21de8cba60c14055814880f3c"
validate-platform	Validate Y1 Golden rollout wave	2026-09-14T07:21:03.7499351Z       },
validate-platform	Validate Y1 Golden rollout wave	2026-09-14T07:21:03.7499429Z       {
validate-platform	Validate Y1 Golden rollout wave	2026-09-14T07:21:03.7500110Z         "path": "Boek 1 - Grondslagen, vraag en aanbod/1.1 Hoofdstuk Economisch denken en rekenen/1.1.3 Grafieken en tabellen/1.1.3 Grafieken en tabellen – nieuws met visual.html",
validate-platform	Validate Y1 Golden rollout wave	2026-09-14T07:21:03.7500303Z         "historical_blob": "af679414df11fb103292ae9a4d8dcff071b25a25",
validate-platform	Validate Y1 Golden rollout wave	2026-09-14T07:21:03.7500486Z         "current_blob": "af679414df11fb103292ae9a4d8dcff071b25a25"
validate-platform	Validate Y1 Golden rollout wave	2026-09-14T07:21:03.7500552Z       },
validate-platform	Validate Y1 Golden rollout wave	2026-09-14T07:21:03.7500623Z       {
validate-platform	Validate Y1 Golden rollout wave	2026-09-14T07:21:03.7501297Z         "path": "Boek 1 - Grondslagen, vraag en aanbod/1.1 Hoofdstuk Economisch denken en rekenen/1.1.3 Grafieken en tabellen/1.1.3 Grafieken en tabellen – nieuws-detective.html",
validate-platform	Validate Y1 Golden rollout wave	2026-09-14T07:21:03.7501492Z         "historical_blob": "dabffb66d9a2e4fd346aa659507448f4aa2c92c4",
validate-platform	Validate Y1 Golden rollout wave	2026-09-14T07:21:03.7501668Z         "current_blob": "dabffb66d9a2e4fd346aa659507448f4aa2c92c4"
validate-platform	Validate Y1 Golden rollout wave	2026-09-14T07:21:03.7501741Z       },
validate-platform	Validate Y1 Golden rollout wave	2026-09-14T07:21:03.7501813Z       {
validate-platform	Validate Y1 Golden rollout wave	2026-09-14T07:21:03.7502455Z         "path": "Boek 1 - Grondslagen, vraag en aanbod/1.1 Hoofdstuk Economisch denken en rekenen/1.1.3 Grafieken en tabellen/1.1.3 Grafieken en tabellen – opgaven.pdf",
validate-platform	Validate Y1 Golden rollout wave	2026-09-14T07:21:03.7502642Z         "historical_blob": "55039096527f8d8ab637d7ef1095d3710acad64c",
validate-platform	Validate Y1 Golden rollout wave	2026-09-14T07:21:03.7502808Z         "current_blob": "55039096527f8d8ab637d7ef1095d3710acad64c"
validate-platform	Validate Y1 Golden rollout wave	2026-09-14T07:21:03.7502879Z       },
validate-platform	Validate Y1 Golden rollout wave	2026-09-14T07:21:03.7502950Z       {
validate-platform	Validate Y1 Golden rollout wave	2026-09-14T07:21:03.7503595Z         "path": "Boek 1 - Grondslagen, vraag en aanbod/1.1 Hoofdstuk Economisch denken en rekenen/1.1.3 Grafieken en tabellen/1.1.3 Grafieken en tabellen – paragraaf.html",
validate-platform	Validate Y1 Golden rollout wave	2026-09-14T07:21:03.7503786Z         "historical_blob": "8b4d18c7f34dc76ac2eca7546b8255b20c2dc1dd",
validate-platform	Validate Y1 Golden rollout wave	2026-09-14T07:21:03.7503958Z         "current_blob": "8b4d18c7f34dc76ac2eca7546b8255b20c2dc1dd"
validate-platform	Validate Y1 Golden rollout wave	2026-09-14T07:21:03.7504155Z       },
validate-platform	Validate Y1 Golden rollout wave	2026-09-14T07:21:03.7504230Z       {
validate-platform	Validate Y1 Golden rollout wave	2026-09-14T07:21:03.7504880Z         "path": "Boek 1 - Grondslagen, vraag en aanbod/1.1 Hoofdstuk Economisch denken en rekenen/1.1.3 Grafieken en tabellen/1.1.3 Grafieken en tabellen – paragraaf.pdf",
validate-platform	Validate Y1 Golden rollout wave	2026-09-14T07:21:03.7505071Z         "historical_blob": "c536448ecf29f314df6ee0a6aae2890ef72c10a6",
validate-platform	Validate Y1 Golden rollout wave	2026-09-14T07:21:03.7505250Z         "current_blob": "c536448ecf29f314df6ee0a6aae2890ef72c10a6"
validate-platform	Validate Y1 Golden rollout wave	2026-09-14T07:21:03.7505939Z       },
validate-platform	Validate Y1 Golden rollout wave	2026-09-14T07:21:03.7506021Z       {
validate-platform	Validate Y1 Golden rollout wave	2026-09-14T07:21:03.7506724Z         "path": "Boek 1 - Grondslagen, vraag en aanbod/1.1 Hoofdstuk Economisch denken en rekenen/1.1.3 Grafieken en tabellen/1.1.3 Grafieken en tabellen – presentatie.html",
validate-platform	Validate Y1 Golden rollout wave	2026-09-14T07:21:03.7506929Z         "historical_blob": "be598d7bfacd6797cdff83c8f56061f7f92bfd02",
validate-platform	Validate Y1 Golden rollout wave	2026-09-14T07:21:03.7507110Z         "current_blob": "be598d7bfacd6797cdff83c8f56061f7f92bfd02"
validate-platform	Validate Y1 Golden rollout wave	2026-09-14T07:21:03.7507177Z       },
validate-platform	Validate Y1 Golden rollout wave	2026-09-14T07:21:03.7507251Z       {
validate-platform	Validate Y1 Golden rollout wave	2026-09-14T07:21:03.7507935Z         "path": "Boek 1 - Grondslagen, vraag en aanbod/1.1 Hoofdstuk Economisch denken en rekenen/1.1.3 Grafieken en tabellen/1.1.3 Grafieken en tabellen – presentatie.pptx",
validate-platform	Validate Y1 Golden rollout wave	2026-09-14T07:21:03.7508130Z         "historical_blob": "7397674b06e3f79d0ffcda6614707c5ab239cf0b",
validate-platform	Validate Y1 Golden rollout wave	2026-09-14T07:21:03.7508301Z         "current_blob": "7397674b06e3f79d0ffcda6614707c5ab239cf0b"
validate-platform	Validate Y1 Golden rollout wave	2026-09-14T07:21:03.7508377Z       },
validate-platform	Validate Y1 Golden rollout wave	2026-09-14T07:21:03.7508452Z       {
validate-platform	Validate Y1 Golden rollout wave	2026-09-14T07:21:03.7509122Z         "path": "Boek 1 - Grondslagen, vraag en aanbod/1.1 Hoofdstuk Economisch denken en rekenen/1.1.3 Grafieken en tabellen/1.1.3 Grafieken en tabellen – redeneer-spel.html",
validate-platform	Validate Y1 Golden rollout wave	2026-09-14T07:21:03.7509315Z         "historical_blob": "80181e87ec1d81f20de8d62db592af0f60646b36",
validate-platform	Validate Y1 Golden rollout wave	2026-09-14T07:21:03.7509494Z         "current_blob": "80181e87ec1d81f20de8d62db592af0f60646b36"
validate-platform	Validate Y1 Golden rollout wave	2026-09-14T07:21:03.7509572Z       },
validate-platform	Validate Y1 Golden rollout wave	2026-09-14T07:21:03.7509645Z       {
validate-platform	Validate Y1 Golden rollout wave	2026-09-14T07:21:03.7510313Z         "path": "Boek 1 - Grondslagen, vraag en aanbod/1.1 Hoofdstuk Economisch denken en rekenen/1.1.3 Grafieken en tabellen/1.1.3 Grafieken en tabellen – samenvatting.html",
validate-platform	Validate Y1 Golden rollout wave	2026-09-14T07:21:03.7510514Z         "historical_blob": "63608a7166f1ce7d019c2f22a4ad54813b9a1884",
validate-platform	Validate Y1 Golden rollout wave	2026-09-14T07:21:03.7510684Z         "current_blob": "63608a7166f1ce7d019c2f22a4ad54813b9a1884"
validate-platform	Validate Y1 Golden rollout wave	2026-09-14T07:21:03.7510758Z       },
validate-platform	Validate Y1 Golden rollout wave	2026-09-14T07:21:03.7510834Z       {
validate-platform	Validate Y1 Golden rollout wave	2026-09-14T07:21:03.7511478Z         "path": "Boek 1 - Grondslagen, vraag en aanbod/1.1 Hoofdstuk Economisch denken en rekenen/1.1.3 Grafieken en tabellen/1.1.3 Grafieken en tabellen – stappenplan.html",
validate-platform	Validate Y1 Golden rollout wave	2026-09-14T07:21:03.7511676Z         "historical_blob": "3d12ee448480a6013708ce99fbbb3ee0bfad3fb0",
validate-platform	Validate Y1 Golden rollout wave	2026-09-14T07:21:03.7511849Z         "current_blob": "3d12ee448480a6013708ce99fbbb3ee0bfad3fb0"
validate-platform	Validate Y1 Golden rollout wave	2026-09-14T07:21:03.7511923Z       },
validate-platform	Validate Y1 Golden rollout wave	2026-09-14T07:21:03.7511996Z       {
validate-platform	Validate Y1 Golden rollout wave	2026-09-14T07:21:03.7513087Z         "path": "Boek 1 - Grondslagen, vraag en aanbod/1.1 Hoofdstuk Economisch denken en rekenen/1.1.3 Grafieken en tabellen/1.1.3 Grafieken en tabellen – uitleg voorkennis.html",
validate-platform	Validate Y1 Golden rollout wave	2026-09-14T07:21:03.7513299Z         "historical_blob": "3cf70547302b80af25244ef8039eb1b1d2d0f27a",
validate-platform	Validate Y1 Golden rollout wave	2026-09-14T07:21:03.7513473Z         "current_blob": "3cf70547302b80af25244ef8039eb1b1d2d0f27a"
validate-platform	Validate Y1 Golden rollout wave	2026-09-14T07:21:03.7513550Z       },
validate-platform	Validate Y1 Golden rollout wave	2026-09-14T07:21:03.7513623Z       {
validate-platform	Validate Y1 Golden rollout wave	2026-09-14T07:21:03.7514520Z         "path": "Boek 1 - Grondslagen, vraag en aanbod/1.1 Hoofdstuk Economisch denken en rekenen/1.1.3 Grafieken en tabellen/1.1.3 Grafieken en tabellen – youtube-videos.html",
validate-platform	Validate Y1 Golden rollout wave	2026-09-14T07:21:03.7514743Z         "historical_blob": "dc5fb8905d4571358b28474e2c7679fac1f2057c",
validate-platform	Validate Y1 Golden rollout wave	2026-09-14T07:21:03.7514918Z         "current_blob": "dc5fb8905d4571358b28474e2c7679fac1f2057c"
validate-platform	Validate Y1 Golden rollout wave	2026-09-14T07:21:03.7514993Z       },
validate-platform	Validate Y1 Golden rollout wave	2026-09-14T07:21:03.7515066Z       {
validate-platform	Validate Y1 Golden rollout wave	2026-09-14T07:21:03.7515699Z         "path": "Boek 1 - Grondslagen, vraag en aanbod/1.1 Hoofdstuk Economisch denken en rekenen/1.1.4 Gemengde opgaven/1.1.4 Gemengde opgaven – antwoorden.html",
validate-platform	Validate Y1 Golden rollout wave	2026-09-14T07:21:03.7516051Z         "historical_blob": "3d9a0dd032a2630e5b1679b2d57046bf23d502af",
validate-platform	Validate Y1 Golden rollout wave	2026-09-14T07:21:03.7516224Z         "current_blob": "3d9a0dd032a2630e5b1679b2d57046bf23d502af"
validate-platform	Validate Y1 Golden rollout wave	2026-09-14T07:21:03.7516300Z       },
validate-platform	Validate Y1 Golden rollout wave	2026-09-14T07:21:03.7516370Z       {
validate-platform	Validate Y1 Golden rollout wave	2026-09-14T07:21:03.7516996Z         "path": "Boek 1 - Grondslagen, vraag en aanbod/1.1 Hoofdstuk Economisch denken en rekenen/1.1.4 Gemengde opgaven/1.1.4 Gemengde opgaven – antwoorden.pdf",
validate-platform	Validate Y1 Golden rollout wave	2026-09-14T07:21:03.7517710Z         "historical_blob": "0b74d983cdc1d7e049d1fd47c4ca72aa8c81c152",
validate-platform	Validate Y1 Golden rollout wave	2026-09-14T07:21:03.7517899Z         "current_blob": "0b74d983cdc1d7e049d1fd47c4ca72aa8c81c152"
validate-platform	Validate Y1 Golden rollout wave	2026-09-14T07:21:03.7517982Z       },
validate-platform	Validate Y1 Golden rollout wave	2026-09-14T07:21:03.7518059Z       {
validate-platform	Validate Y1 Golden rollout wave	2026-09-14T07:21:03.7518686Z         "path": "Boek 1 - Grondslagen, vraag en aanbod/1.1 Hoofdstuk Economisch denken en rekenen/1.1.4 Gemengde opgaven/1.1.4 Gemengde opgaven – opgaven.html",
validate-platform	Validate Y1 Golden rollout wave	2026-09-14T07:21:03.7518880Z         "historical_blob": "3b23c0b7b99da1c1da1ae1079fbf70be3de75d43",
validate-platform	Validate Y1 Golden rollout wave	2026-09-14T07:21:03.7519068Z         "current_blob": "3b23c0b7b99da1c1da1ae1079fbf70be3de75d43"
validate-platform	Validate Y1 Golden rollout wave	2026-09-14T07:21:03.7519150Z       },
validate-platform	Validate Y1 Golden rollout wave	2026-09-14T07:21:03.7519227Z       {
validate-platform	Validate Y1 Golden rollout wave	2026-09-14T07:21:03.7519829Z         "path": "Boek 1 - Grondslagen, vraag en aanbod/1.1 Hoofdstuk Economisch denken en rekenen/1.1.4 Gemengde opgaven/1.1.4 Gemengde opgaven – opgaven.pdf",
validate-platform	Validate Y1 Golden rollout wave	2026-09-14T07:21:03.7520024Z         "historical_blob": "99e39c572abe166ff0344a13f5277693e92e09c4",
validate-platform	Validate Y1 Golden rollout wave	2026-09-14T07:21:03.7520206Z         "current_blob": "99e39c572abe166ff0344a13f5277693e92e09c4"
validate-platform	Validate Y1 Golden rollout wave	2026-09-14T07:21:03.7520282Z       },
validate-platform	Validate Y1 Golden rollout wave	2026-09-14T07:21:03.7520357Z       {
validate-platform	Validate Y1 Golden rollout wave	2026-09-14T07:21:03.7520691Z         "path": "Boek 1 - Grondslagen, vraag en aanbod/1.1 Hoofdstuk Economisch denken en rekenen/index.html",
validate-platform	Validate Y1 Golden rollout wave	2026-09-14T07:21:03.7520874Z         "historical_blob": "e72aa36ec9b792ea092516e5e9214a0a44e82f0a",
validate-platform	Validate Y1 Golden rollout wave	2026-09-14T07:21:03.7521045Z         "current_blob": "e72aa36ec9b792ea092516e5e9214a0a44e82f0a"
validate-platform	Validate Y1 Golden rollout wave	2026-09-14T07:21:03.7521126Z       },
validate-platform	Validate Y1 Golden rollout wave	2026-09-14T07:21:03.7521199Z       {
validate-platform	Validate Y1 Golden rollout wave	2026-09-14T07:21:03.7521378Z         "path": "Boek 1 - Grondslagen, vraag en aanbod/index.html",
validate-platform	Validate Y1 Golden rollout wave	2026-09-14T07:21:03.7521560Z         "historical_blob": "1662ee5c3f52e3848e8075c5cc30bf291cb7ed0c",
validate-platform	Validate Y1 Golden rollout wave	2026-09-14T07:21:03.7521729Z         "current_blob": "1662ee5c3f52e3848e8075c5cc30bf291cb7ed0c"
validate-platform	Validate Y1 Golden rollout wave	2026-09-14T07:21:03.7521804Z       }
validate-platform	Validate Y1 Golden rollout wave	2026-09-14T07:21:03.7521877Z     ]
validate-platform	Validate Y1 Golden rollout wave	2026-09-14T07:21:03.7521943Z   },
validate-platform	Validate Y1 Golden rollout wave	2026-09-14T07:21:03.7522046Z   "historical_validation": {
validate-platform	Validate Y1 Golden rollout wave	2026-09-14T07:21:03.7522135Z     "passed": true,
validate-platform	Validate Y1 Golden rollout wave	2026-09-14T07:21:03.7522348Z     "platform_payload_sha": "b5a4bb38dfe3cc405a2ee1af6c633783f86d234a",
validate-platform	Validate Y1 Golden rollout wave	2026-09-14T07:21:03.7522460Z     "first_viewport_only": true,
validate-platform	Validate Y1 Golden rollout wave	2026-09-14T07:21:03.7522578Z     "below_fold_exercises_attested": false
validate-platform	Validate Y1 Golden rollout wave	2026-09-14T07:21:03.7522650Z   },
validate-platform	Validate Y1 Golden rollout wave	2026-09-14T07:21:03.7522747Z   "workflow_provenance": {
validate-platform	Validate Y1 Golden rollout wave	2026-09-14T07:21:03.7522880Z     "status": "validated_at_recorded_source",
validate-platform	Validate Y1 Golden rollout wave	2026-09-14T07:21:03.7523052Z     "source_sha": "98e6c79a22cca2d36a9375647378ce37a7771980",
validate-platform	Validate Y1 Golden rollout wave	2026-09-14T07:21:03.7523228Z     "current_workflow_attested_by_historical_capture": false
validate-platform	Validate Y1 Golden rollout wave	2026-09-14T07:21:03.7523306Z   },
validate-platform	Validate Y1 Golden rollout wave	2026-09-14T07:21:03.7523418Z   "new_capture_performed": false
validate-platform	Validate Y1 Golden rollout wave	2026-09-14T07:21:03.7523499Z }
validate-platform	Validate report JSON	﻿2026-09-14T07:21:03.8364697Z ##[group]Run node build-scripts/reports/validate-report-json.js
validate-platform	Validate report JSON	2026-09-14T07:21:03.8364993Z [36;1mnode build-scripts/reports/validate-report-json.js[0m
validate-platform	Validate report JSON	2026-09-14T07:21:03.8448081Z shell: C:\Program Files\PowerShell\7\pwsh.EXE -command ". '{0}'"
validate-platform	Validate report JSON	2026-09-14T07:21:03.8448695Z env:
validate-platform	Validate report JSON	2026-09-14T07:21:03.8449174Z   pythonLocation: C:\hostedtoolcache\windows\Python\3.13.15\x64
validate-platform	Validate report JSON	2026-09-14T07:21:03.8449906Z   PKG_CONFIG_PATH: C:\hostedtoolcache\windows\Python\3.13.15\x64/lib/pkgconfig
validate-platform	Validate report JSON	2026-09-14T07:21:03.8450636Z   Python_ROOT_DIR: C:\hostedtoolcache\windows\Python\3.13.15\x64
validate-platform	Validate report JSON	2026-09-14T07:21:03.8451396Z   Python2_ROOT_DIR: C:\hostedtoolcache\windows\Python\3.13.15\x64
validate-platform	Validate report JSON	2026-09-14T07:21:03.8452102Z   Python3_ROOT_DIR: C:\hostedtoolcache\windows\Python\3.13.15\x64
validate-platform	Validate report JSON	2026-09-14T07:21:03.8452823Z   SOFFICE_PATH: C:\Program Files\LibreOffice\program\soffice.exe
validate-platform	Validate report JSON	2026-09-14T07:21:03.8453581Z   PDFTOPPM_PATH: D:\a\_temp\poppler\poppler-26.07.0\Library\bin\pdftoppm.exe
validate-platform	Validate report JSON	2026-09-14T07:21:03.8454218Z ##[endgroup]
validate-platform	Validate report JSON	2026-09-14T07:21:04.1787491Z OK report JSON contract: 14 report(s)
validate-platform	Validate MTU evidence layer freshness	﻿2026-09-14T07:21:04.3216592Z ##[group]Run node build-scripts/references/check-mtu-evidence-layer.js
validate-platform	Validate MTU evidence layer freshness	2026-09-14T07:21:04.3217845Z [36;1mnode build-scripts/references/check-mtu-evidence-layer.js[0m
validate-platform	Validate MTU evidence layer freshness	2026-09-14T07:21:04.3289935Z shell: C:\Program Files\PowerShell\7\pwsh.EXE -command ". '{0}'"
validate-platform	Validate MTU evidence layer freshness	2026-09-14T07:21:04.3290293Z env:
validate-platform	Validate MTU evidence layer freshness	2026-09-14T07:21:04.3290570Z   pythonLocation: C:\hostedtoolcache\windows\Python\3.13.15\x64
validate-platform	Validate MTU evidence layer freshness	2026-09-14T07:21:04.3291411Z   PKG_CONFIG_PATH: C:\hostedtoolcache\windows\Python\3.13.15\x64/lib/pkgconfig
validate-platform	Validate MTU evidence layer freshness	2026-09-14T07:21:04.3291875Z   Python_ROOT_DIR: C:\hostedtoolcache\windows\Python\3.13.15\x64
validate-platform	Validate MTU evidence layer freshness	2026-09-14T07:21:04.3292512Z   Python2_ROOT_DIR: C:\hostedtoolcache\windows\Python\3.13.15\x64
validate-platform	Validate MTU evidence layer freshness	2026-09-14T07:21:04.3292928Z   Python3_ROOT_DIR: C:\hostedtoolcache\windows\Python\3.13.15\x64
validate-platform	Validate MTU evidence layer freshness	2026-09-14T07:21:04.3293318Z   SOFFICE_PATH: C:\Program Files\LibreOffice\program\soffice.exe
validate-platform	Validate MTU evidence layer freshness	2026-09-14T07:21:04.3293750Z   PDFTOPPM_PATH: D:\a\_temp\poppler\poppler-26.07.0\Library\bin\pdftoppm.exe
validate-platform	Validate MTU evidence layer freshness	2026-09-14T07:21:04.3294111Z ##[endgroup]
validate-platform	Validate MTU evidence layer freshness	2026-09-14T07:21:04.6899955Z OK MTU evidence layer: 257 total, 254 live, 3 deprecated
validate-platform	Validate MTU-H7 Bundle 4 protected adjudication packet	﻿2026-09-14T07:21:04.8091119Z ##[group]Run npm run check:mtu-h7-bundle4
validate-platform	Validate MTU-H7 Bundle 4 protected adjudication packet	2026-09-14T07:21:04.8091533Z [36;1mnpm run check:mtu-h7-bundle4[0m
validate-platform	Validate MTU-H7 Bundle 4 protected adjudication packet	2026-09-14T07:21:04.8163127Z shell: C:\Program Files\PowerShell\7\pwsh.EXE -command ". '{0}'"
validate-platform	Validate MTU-H7 Bundle 4 protected adjudication packet	2026-09-14T07:21:04.8163489Z env:
validate-platform	Validate MTU-H7 Bundle 4 protected adjudication packet	2026-09-14T07:21:04.8163766Z   pythonLocation: C:\hostedtoolcache\windows\Python\3.13.15\x64
validate-platform	Validate MTU-H7 Bundle 4 protected adjudication packet	2026-09-14T07:21:04.8164292Z   PKG_CONFIG_PATH: C:\hostedtoolcache\windows\Python\3.13.15\x64/lib/pkgconfig
validate-platform	Validate MTU-H7 Bundle 4 protected adjudication packet	2026-09-14T07:21:04.8164739Z   Python_ROOT_DIR: C:\hostedtoolcache\windows\Python\3.13.15\x64
validate-platform	Validate MTU-H7 Bundle 4 protected adjudication packet	2026-09-14T07:21:04.8165151Z   Python2_ROOT_DIR: C:\hostedtoolcache\windows\Python\3.13.15\x64
validate-platform	Validate MTU-H7 Bundle 4 protected adjudication packet	2026-09-14T07:21:04.8165550Z   Python3_ROOT_DIR: C:\hostedtoolcache\windows\Python\3.13.15\x64
validate-platform	Validate MTU-H7 Bundle 4 protected adjudication packet	2026-09-14T07:21:04.8165956Z   SOFFICE_PATH: C:\Program Files\LibreOffice\program\soffice.exe
validate-platform	Validate MTU-H7 Bundle 4 protected adjudication packet	2026-09-14T07:21:04.8166393Z   PDFTOPPM_PATH: D:\a\_temp\poppler\poppler-26.07.0\Library\bin\pdftoppm.exe
validate-platform	Validate MTU-H7 Bundle 4 protected adjudication packet	2026-09-14T07:21:04.8166749Z ##[endgroup]
validate-platform	Validate MTU-H7 Bundle 4 protected adjudication packet	2026-09-14T07:21:05.4023635Z 
validate-platform	Validate MTU-H7 Bundle 4 protected adjudication packet	2026-09-14T07:21:05.4024821Z > 4veco-platform@1.0.0 check:mtu-h7-bundle4
validate-platform	Validate MTU-H7 Bundle 4 protected adjudication packet	2026-09-14T07:21:05.4027370Z > node build-scripts/references/check-mtu-h7-protected-canonical-adjudication-bundle-4.js && node build-scripts/sprints/check-review-throughput-packet.js reports/review-gates/GATE-MTU-H7-protected-canonical-adjudication-bundle-4/pr-readiness-evidence.json
validate-platform	Validate MTU-H7 Bundle 4 protected adjudication packet	2026-09-14T07:21:05.4029323Z 
validate-platform	Validate MTU-H7 Bundle 4 protected adjudication packet	2026-09-14T07:21:05.9748939Z OK MTU-H7-PROTECTED-CANONICAL-ADJUDICATION-BUNDLE-4: Bundle 4 checked (7 operations semantically bound, 7/7 negative mutations detected, route READY_FOR_HUMAN_REVIEW)
validate-platform	Validate MTU-H7 Bundle 4 protected adjudication packet	2026-09-14T07:21:06.0403208Z OK review throughput packet: GATE-MTU-H7-protected-canonical-adjudication-bundle-4
validate-platform	Validate roadmap version index	﻿2026-09-14T07:21:06.1758709Z ##[group]Run node build-scripts/references/check-roadmap-version-index.js
validate-platform	Validate roadmap version index	2026-09-14T07:21:06.1759463Z [36;1mnode build-scripts/references/check-roadmap-version-index.js[0m
validate-platform	Validate roadmap version index	2026-09-14T07:21:06.1833940Z shell: C:\Program Files\PowerShell\7\pwsh.EXE -command ". '{0}'"
validate-platform	Validate roadmap version index	2026-09-14T07:21:06.1834323Z env:
validate-platform	Validate roadmap version index	2026-09-14T07:21:06.1834598Z   pythonLocation: C:\hostedtoolcache\windows\Python\3.13.15\x64
validate-platform	Validate roadmap version index	2026-09-14T07:21:06.1835060Z   PKG_CONFIG_PATH: C:\hostedtoolcache\windows\Python\3.13.15\x64/lib/pkgconfig
validate-platform	Validate roadmap version index	2026-09-14T07:21:06.1835524Z   Python_ROOT_DIR: C:\hostedtoolcache\windows\Python\3.13.15\x64
validate-platform	Validate roadmap version index	2026-09-14T07:21:06.1835936Z   Python2_ROOT_DIR: C:\hostedtoolcache\windows\Python\3.13.15\x64
validate-platform	Validate roadmap version index	2026-09-14T07:21:06.1836344Z   Python3_ROOT_DIR: C:\hostedtoolcache\windows\Python\3.13.15\x64
validate-platform	Validate roadmap version index	2026-09-14T07:21:06.1836744Z   SOFFICE_PATH: C:\Program Files\LibreOffice\program\soffice.exe
validate-platform	Validate roadmap version index	2026-09-14T07:21:06.1837244Z   PDFTOPPM_PATH: D:\a\_temp\poppler\poppler-26.07.0\Library\bin\pdftoppm.exe
validate-platform	Validate roadmap version index	2026-09-14T07:21:06.1837640Z ##[endgroup]
validate-platform	Validate roadmap version index	2026-09-14T07:21:06.5156979Z OK roadmap version index: 152 entries
validate-platform	Check URL index is current	﻿2026-09-14T07:21:06.6353155Z ##[group]Run node build-scripts/sprints/emit-url-index.js --check
validate-platform	Check URL index is current	2026-09-14T07:21:06.6353751Z [36;1mnode build-scripts/sprints/emit-url-index.js --check[0m
validate-platform	Check URL index is current	2026-09-14T07:21:06.6424982Z shell: C:\Program Files\PowerShell\7\pwsh.EXE -command ". '{0}'"
validate-platform	Check URL index is current	2026-09-14T07:21:06.6425340Z env:
validate-platform	Check URL index is current	2026-09-14T07:21:06.6425781Z   pythonLocation: C:\hostedtoolcache\windows\Python\3.13.15\x64
validate-platform	Check URL index is current	2026-09-14T07:21:06.6426622Z   PKG_CONFIG_PATH: C:\hostedtoolcache\windows\Python\3.13.15\x64/lib/pkgconfig
validate-platform	Check URL index is current	2026-09-14T07:21:06.6427100Z   Python_ROOT_DIR: C:\hostedtoolcache\windows\Python\3.13.15\x64
validate-platform	Check URL index is current	2026-09-14T07:21:06.6427507Z   Python2_ROOT_DIR: C:\hostedtoolcache\windows\Python\3.13.15\x64
validate-platform	Check URL index is current	2026-09-14T07:21:06.6427906Z   Python3_ROOT_DIR: C:\hostedtoolcache\windows\Python\3.13.15\x64
validate-platform	Check URL index is current	2026-09-14T07:21:06.6428309Z   SOFFICE_PATH: C:\Program Files\LibreOffice\program\soffice.exe
validate-platform	Check URL index is current	2026-09-14T07:21:06.6428748Z   PDFTOPPM_PATH: D:\a\_temp\poppler\poppler-26.07.0\Library\bin\pdftoppm.exe
validate-platform	Check URL index is current	2026-09-14T07:21:06.6429116Z ##[endgroup]
validate-platform	Check URL index is current	2026-09-14T07:21:06.9744742Z OK url-index: reports/url-index.md is current
validate-platform	Check GitHub agent indexes against repository heads	﻿2026-09-14T07:21:07.0943918Z ##[group]Run npm run check:agent-index-freshness
validate-platform	Check GitHub agent indexes against repository heads	2026-09-14T07:21:07.0944393Z [36;1mnpm run check:agent-index-freshness[0m
validate-platform	Check GitHub agent indexes against repository heads	2026-09-14T07:21:07.1016018Z shell: C:\Program Files\PowerShell\7\pwsh.EXE -command ". '{0}'"
validate-platform	Check GitHub agent indexes against repository heads	2026-09-14T07:21:07.1016396Z env:
validate-platform	Check GitHub agent indexes against repository heads	2026-09-14T07:21:07.1016670Z   pythonLocation: C:\hostedtoolcache\windows\Python\3.13.15\x64
validate-platform	Check GitHub agent indexes against repository heads	2026-09-14T07:21:07.1017149Z   PKG_CONFIG_PATH: C:\hostedtoolcache\windows\Python\3.13.15\x64/lib/pkgconfig
validate-platform	Check GitHub agent indexes against repository heads	2026-09-14T07:21:07.1017622Z   Python_ROOT_DIR: C:\hostedtoolcache\windows\Python\3.13.15\x64
validate-platform	Check GitHub agent indexes against repository heads	2026-09-14T07:21:07.1018026Z   Python2_ROOT_DIR: C:\hostedtoolcache\windows\Python\3.13.15\x64
validate-platform	Check GitHub agent indexes against repository heads	2026-09-14T07:21:07.1018430Z   Python3_ROOT_DIR: C:\hostedtoolcache\windows\Python\3.13.15\x64
validate-platform	Check GitHub agent indexes against repository heads	2026-09-14T07:21:07.1018830Z   SOFFICE_PATH: C:\Program Files\LibreOffice\program\soffice.exe
validate-platform	Check GitHub agent indexes against repository heads	2026-09-14T07:21:07.1019267Z   PDFTOPPM_PATH: D:\a\_temp\poppler\poppler-26.07.0\Library\bin\pdftoppm.exe
validate-platform	Check GitHub agent indexes against repository heads	2026-09-14T07:21:07.1019629Z ##[endgroup]
validate-platform	Check GitHub agent indexes against repository heads	2026-09-14T07:21:07.6850967Z 
validate-platform	Check GitHub agent indexes against repository heads	2026-09-14T07:21:07.6851609Z > 4veco-platform@1.0.0 check:agent-index-freshness
validate-platform	Check GitHub agent indexes against repository heads	2026-09-14T07:21:07.6852199Z > node build-scripts/reports/check-agent-index-freshness.js
validate-platform	Check GitHub agent indexes against repository heads	2026-09-14T07:21:07.6852516Z 
validate-platform	Check GitHub agent indexes against repository heads	2026-09-14T07:21:07.9484877Z {
validate-platform	Check GitHub agent indexes against repository heads	2026-09-14T07:21:07.9485625Z   "ok": false,
validate-platform	Check GitHub agent indexes against repository heads	2026-09-14T07:21:07.9486024Z   "checks": [
validate-platform	Check GitHub agent indexes against repository heads	2026-09-14T07:21:07.9486333Z     {
validate-platform	Check GitHub agent indexes against repository heads	2026-09-14T07:21:07.9486716Z       "label": "4veco-platform",
validate-platform	Check GitHub agent indexes against repository heads	2026-09-14T07:21:07.9487160Z       "ok": false,
validate-platform	Check GitHub agent indexes against repository heads	2026-09-14T07:21:07.9487523Z       "skipped": false,
validate-platform	Check GitHub agent indexes against repository heads	2026-09-14T07:21:07.9487902Z       "failures": [
validate-platform	Check GitHub agent indexes against repository heads	2026-09-14T07:21:07.9489039Z         "4veco-platform index source_commit 30f594b42bc6d44e34cad75e2b6fa2d750011ed1 does not match HEAD 2bc4ee84393b8c2bf85734f71bb50288f5cf5122"
validate-platform	Check GitHub agent indexes against repository heads	2026-09-14T07:21:07.9490154Z       ],
validate-platform	Check GitHub agent indexes against repository heads	2026-09-14T07:21:07.9490476Z       "warnings": [],
validate-platform	Check GitHub agent indexes against repository heads	2026-09-14T07:21:07.9491046Z       "source_commit": "30f594b42bc6d44e34cad75e2b6fa2d750011ed1",
validate-platform	Check GitHub agent indexes against repository heads	2026-09-14T07:21:07.9491759Z       "head": "2bc4ee84393b8c2bf85734f71bb50288f5cf5122",
validate-platform	Check GitHub agent indexes against repository heads	2026-09-14T07:21:07.9492680Z       "source_ref": "HEAD",
validate-platform	Check GitHub agent indexes against repository heads	2026-09-14T07:21:07.9495041Z       "target_commit": "2bc4ee84393b8c2bf85734f71bb50288f5cf5122",
validate-platform	Check GitHub agent indexes against repository heads	2026-09-14T07:21:07.9495916Z       "accepted_parent_generated_tail": false,
validate-platform	Check GitHub agent indexes against repository heads	2026-09-14T07:21:07.9496535Z       "accepted_generated_index_tail_ref": null
validate-platform	Check GitHub agent indexes against repository heads	2026-09-14T07:21:07.9496988Z     },
validate-platform	Check GitHub agent indexes against repository heads	2026-09-14T07:21:07.9497249Z     {
validate-platform	Check GitHub agent indexes against repository heads	2026-09-14T07:21:07.9497578Z       "label": "4veco-lessen",
validate-platform	Check GitHub agent indexes against repository heads	2026-09-14T07:21:07.9497858Z       "ok": false,
validate-platform	Check GitHub agent indexes against repository heads	2026-09-14T07:21:07.9498061Z       "skipped": false,
validate-platform	Check GitHub agent indexes against repository heads	2026-09-14T07:21:07.9498273Z       "failures": [
validate-platform	Check GitHub agent indexes against repository heads	2026-09-14T07:21:07.9498922Z         "4veco-lessen index source_commit 1cfd9bad57af76ad3e70f1ace4a413af766051b4 does not match origin/main 0acaaa97443e5c4fee34f7da8a12ccd5db62d762"
validate-platform	Check GitHub agent indexes against repository heads	2026-09-14T07:21:07.9499568Z       ],
validate-platform	Check GitHub agent indexes against repository heads	2026-09-14T07:21:07.9499750Z       "warnings": [],
validate-platform	Check GitHub agent indexes against repository heads	2026-09-14T07:21:07.9500082Z       "source_commit": "1cfd9bad57af76ad3e70f1ace4a413af766051b4",
validate-platform	Check GitHub agent indexes against repository heads	2026-09-14T07:21:07.9500493Z       "head": "0acaaa97443e5c4fee34f7da8a12ccd5db62d762",
validate-platform	Check GitHub agent indexes against repository heads	2026-09-14T07:21:07.9501145Z       "source_ref": "origin/main",
validate-platform	Check GitHub agent indexes against repository heads	2026-09-14T07:21:07.9501489Z       "target_commit": "0acaaa97443e5c4fee34f7da8a12ccd5db62d762",
validate-platform	Check GitHub agent indexes against repository heads	2026-09-14T07:21:07.9501864Z       "accepted_parent_generated_tail": false,
validate-platform	Check GitHub agent indexes against repository heads	2026-09-14T07:21:07.9502184Z       "accepted_generated_index_tail_ref": null
validate-platform	Check GitHub agent indexes against repository heads	2026-09-14T07:21:07.9502479Z     }
validate-platform	Check GitHub agent indexes against repository heads	2026-09-14T07:21:07.9502645Z   ],
validate-platform	Check GitHub agent indexes against repository heads	2026-09-14T07:21:07.9502808Z   "failures": [
validate-platform	Check GitHub agent indexes against repository heads	2026-09-14T07:21:07.9503431Z     "4veco-platform index source_commit 30f594b42bc6d44e34cad75e2b6fa2d750011ed1 does not match HEAD 2bc4ee84393b8c2bf85734f71bb50288f5cf5122",
validate-platform	Check GitHub agent indexes against repository heads	2026-09-14T07:21:07.9504472Z     "4veco-lessen index source_commit 1cfd9bad57af76ad3e70f1ace4a413af766051b4 does not match origin/main 0acaaa97443e5c4fee34f7da8a12ccd5db62d762"
validate-platform	Check GitHub agent indexes against repository heads	2026-09-14T07:21:07.9505088Z   ],
validate-platform	Check GitHub agent indexes against repository heads	2026-09-14T07:21:07.9505249Z   "warnings": []
validate-platform	Check GitHub agent indexes against repository heads	2026-09-14T07:21:07.9505828Z }
validate-platform	Check GitHub agent indexes against repository heads	2026-09-14T07:21:08.0737210Z ##[error]Process completed with exit code 1.
validate-platform	Check CI evidence line endings	﻿2026-09-14T07:21:08.0910479Z ##[group]Run node build-scripts/ci/check-evidence-line-endings.js
validate-platform	Check CI evidence line endings	2026-09-14T07:21:08.0911072Z [36;1mnode build-scripts/ci/check-evidence-line-endings.js[0m
validate-platform	Check CI evidence line endings	2026-09-14T07:21:08.0984615Z shell: C:\Program Files\PowerShell\7\pwsh.EXE -command ". '{0}'"
validate-platform	Check CI evidence line endings	2026-09-14T07:21:08.0984975Z env:
validate-platform	Check CI evidence line endings	2026-09-14T07:21:08.0985317Z   pythonLocation: C:\hostedtoolcache\windows\Python\3.13.15\x64
validate-platform	Check CI evidence line endings	2026-09-14T07:21:08.0985775Z   PKG_CONFIG_PATH: C:\hostedtoolcache\windows\Python\3.13.15\x64/lib/pkgconfig
validate-platform	Check CI evidence line endings	2026-09-14T07:21:08.0986222Z   Python_ROOT_DIR: C:\hostedtoolcache\windows\Python\3.13.15\x64
validate-platform	Check CI evidence line endings	2026-09-14T07:21:08.0986621Z   Python2_ROOT_DIR: C:\hostedtoolcache\windows\Python\3.13.15\x64
validate-platform	Check CI evidence line endings	2026-09-14T07:21:08.0987045Z   Python3_ROOT_DIR: C:\hostedtoolcache\windows\Python\3.13.15\x64
validate-platform	Check CI evidence line endings	2026-09-14T07:21:08.0987440Z   SOFFICE_PATH: C:\Program Files\LibreOffice\program\soffice.exe
validate-platform	Check CI evidence line endings	2026-09-14T07:21:08.0987885Z   PDFTOPPM_PATH: D:\a\_temp\poppler\poppler-26.07.0\Library\bin\pdftoppm.exe
validate-platform	Check CI evidence line endings	2026-09-14T07:21:08.0988248Z ##[endgroup]
validate-platform	Check CI evidence line endings	2026-09-14T07:21:08.4748543Z OK evidence line endings: scanned 103 text file(s), skipped 0, CRLF 0
validate-platform	Check platform diff hygiene	﻿2026-09-14T07:21:08.5953573Z ##[group]Run git diff --check
validate-platform	Check platform diff hygiene	2026-09-14T07:21:08.5953934Z [36;1mgit diff --check[0m
validate-platform	Check platform diff hygiene	2026-09-14T07:21:08.6025304Z shell: C:\Program Files\PowerShell\7\pwsh.EXE -command ". '{0}'"
validate-platform	Check platform diff hygiene	2026-09-14T07:21:08.6025653Z env:
validate-platform	Check platform diff hygiene	2026-09-14T07:21:08.6025929Z   pythonLocation: C:\hostedtoolcache\windows\Python\3.13.15\x64
validate-platform	Check platform diff hygiene	2026-09-14T07:21:08.6026398Z   PKG_CONFIG_PATH: C:\hostedtoolcache\windows\Python\3.13.15\x64/lib/pkgconfig
validate-platform	Check platform diff hygiene	2026-09-14T07:21:08.6026871Z   Python_ROOT_DIR: C:\hostedtoolcache\windows\Python\3.13.15\x64
validate-platform	Check platform diff hygiene	2026-09-14T07:21:08.6027274Z   Python2_ROOT_DIR: C:\hostedtoolcache\windows\Python\3.13.15\x64
validate-platform	Check platform diff hygiene	2026-09-14T07:21:08.6027936Z   Python3_ROOT_DIR: C:\hostedtoolcache\windows\Python\3.13.15\x64
validate-platform	Check platform diff hygiene	2026-09-14T07:21:08.6028370Z   SOFFICE_PATH: C:\Program Files\LibreOffice\program\soffice.exe
validate-platform	Check platform diff hygiene	2026-09-14T07:21:08.6028828Z   PDFTOPPM_PATH: D:\a\_temp\poppler\poppler-26.07.0\Library\bin\pdftoppm.exe
validate-platform	Check platform diff hygiene	2026-09-14T07:21:08.6029209Z ##[endgroup]
validate-platform	Check lessen diff hygiene	﻿2026-09-14T07:21:09.0201510Z ##[group]Run git -C ../4veco-lessen diff --check
validate-platform	Check lessen diff hygiene	2026-09-14T07:21:09.0201962Z [36;1mgit -C ../4veco-lessen diff --check[0m
validate-platform	Check lessen diff hygiene	2026-09-14T07:21:09.0272909Z shell: C:\Program Files\PowerShell\7\pwsh.EXE -command ". '{0}'"
validate-platform	Check lessen diff hygiene	2026-09-14T07:21:09.0273281Z env:
validate-platform	Check lessen diff hygiene	2026-09-14T07:21:09.0273554Z   pythonLocation: C:\hostedtoolcache\windows\Python\3.13.15\x64
validate-platform	Check lessen diff hygiene	2026-09-14T07:21:09.0274021Z   PKG_CONFIG_PATH: C:\hostedtoolcache\windows\Python\3.13.15\x64/lib/pkgconfig
validate-platform	Check lessen diff hygiene	2026-09-14T07:21:09.0274488Z   Python_ROOT_DIR: C:\hostedtoolcache\windows\Python\3.13.15\x64
validate-platform	Check lessen diff hygiene	2026-09-14T07:21:09.0274894Z   Python2_ROOT_DIR: C:\hostedtoolcache\windows\Python\3.13.15\x64
validate-platform	Check lessen diff hygiene	2026-09-14T07:21:09.0275301Z   Python3_ROOT_DIR: C:\hostedtoolcache\windows\Python\3.13.15\x64
validate-platform	Check lessen diff hygiene	2026-09-14T07:21:09.0275693Z   SOFFICE_PATH: C:\Program Files\LibreOffice\program\soffice.exe
validate-platform	Check lessen diff hygiene	2026-09-14T07:21:09.0276544Z   PDFTOPPM_PATH: D:\a\_temp\poppler\poppler-26.07.0\Library\bin\pdftoppm.exe
validate-platform	Check lessen diff hygiene	2026-09-14T07:21:09.0277153Z ##[endgroup]
validate-platform	Check lessen diff hygiene	2026-09-14T07:21:09.3273917Z warning: in the working copy of 'Boek 1 - Grondslagen, vraag en aanbod/shared/presentation-v2.css', CRLF will be replaced by LF the next time Git touches it
validate-platform	Check lessen diff hygiene	2026-09-14T07:21:09.3276551Z warning: in the working copy of 'Boek 1 - Grondslagen, vraag en aanbod/shared/presentation-v2.js', CRLF will be replaced by LF the next time Git touches it
validate-platform	Upload CI diagnostic artifacts	﻿2026-09-14T07:21:09.4555738Z ##[group]Run actions/upload-artifact@v7
validate-platform	Upload CI diagnostic artifacts	2026-09-14T07:21:09.4556116Z with:
validate-platform	Upload CI diagnostic artifacts	2026-09-14T07:21:09.4556322Z   name: platform-ci-diagnostics
validate-platform	Upload CI diagnostic artifacts	2026-09-14T07:21:09.4556584Z   path: ci-artifacts/
validate-platform	Upload CI diagnostic artifacts	
validate-platform	Upload CI diagnostic artifacts	2026-09-14T07:21:09.4556803Z   if-no-files-found: ignore
validate-platform	Upload CI diagnostic artifacts	2026-09-14T07:21:09.4557018Z   retention-days: 14
validate-platform	Upload CI diagnostic artifacts	2026-09-14T07:21:09.4557233Z   compression-level: 6
validate-platform	Upload CI diagnostic artifacts	2026-09-14T07:21:09.4557430Z   overwrite: false
validate-platform	Upload CI diagnostic artifacts	2026-09-14T07:21:09.4557625Z   include-hidden-files: false
validate-platform	Upload CI diagnostic artifacts	2026-09-14T07:21:09.4557847Z   archive: true
validate-platform	Upload CI diagnostic artifacts	2026-09-14T07:21:09.4558014Z env:
validate-platform	Upload CI diagnostic artifacts	2026-09-14T07:21:09.4558269Z   pythonLocation: C:\hostedtoolcache\windows\Python\3.13.15\x64
validate-platform	Upload CI diagnostic artifacts	2026-09-14T07:21:09.4558754Z   PKG_CONFIG_PATH: C:\hostedtoolcache\windows\Python\3.13.15\x64/lib/pkgconfig
validate-platform	Upload CI diagnostic artifacts	2026-09-14T07:21:09.4559200Z   Python_ROOT_DIR: C:\hostedtoolcache\windows\Python\3.13.15\x64
validate-platform	Upload CI diagnostic artifacts	2026-09-14T07:21:09.4559606Z   Python2_ROOT_DIR: C:\hostedtoolcache\windows\Python\3.13.15\x64
validate-platform	Upload CI diagnostic artifacts	2026-09-14T07:21:09.4560003Z   Python3_ROOT_DIR: C:\hostedtoolcache\windows\Python\3.13.15\x64
validate-platform	Upload CI diagnostic artifacts	2026-09-14T07:21:09.4560442Z   SOFFICE_PATH: C:\Program Files\LibreOffice\program\soffice.exe
validate-platform	Upload CI diagnostic artifacts	2026-09-14T07:21:09.4560897Z   PDFTOPPM_PATH: D:\a\_temp\poppler\poppler-26.07.0\Library\bin\pdftoppm.exe
validate-platform	Upload CI diagnostic artifacts	2026-09-14T07:21:09.4561264Z ##[endgroup]
validate-platform	Upload CI diagnostic artifacts	2026-09-14T07:21:09.6987747Z With the provided path, there will be 190 files uploaded
validate-platform	Upload CI diagnostic artifacts	2026-09-14T07:21:09.6994102Z Artifact name is valid!
validate-platform	Upload CI diagnostic artifacts	2026-09-14T07:21:09.6995451Z Root directory input is valid!
validate-platform	Upload CI diagnostic artifacts	2026-09-14T07:21:09.9484482Z Uploading artifact: platform-ci-diagnostics.zip
validate-platform	Upload CI diagnostic artifacts	2026-09-14T07:21:09.9530745Z Beginning upload of artifact content to blob storage
validate-platform	Upload CI diagnostic artifacts	2026-09-14T07:21:10.6913778Z Uploaded bytes 8388608
validate-platform	Upload CI diagnostic artifacts	2026-09-14T07:21:11.0557282Z Uploaded bytes 16777216
validate-platform	Upload CI diagnostic artifacts	2026-09-14T07:21:11.1849166Z Uploaded bytes 25165824
validate-platform	Upload CI diagnostic artifacts	2026-09-14T07:21:11.3800549Z Uploaded bytes 29533387
validate-platform	Upload CI diagnostic artifacts	2026-09-14T07:21:11.4086372Z Finished uploading artifact content to blob storage!
validate-platform	Upload CI diagnostic artifacts	2026-09-14T07:21:11.4091247Z SHA256 digest of uploaded artifact is 2d1b5fd0f60968dcc0b24c419cba68b9fc7915d8fa6a38d0e4128ccd9d3d9cee
validate-platform	Upload CI diagnostic artifacts	2026-09-14T07:21:11.4093772Z Finalizing artifact upload
validate-platform	Upload CI diagnostic artifacts	2026-09-14T07:21:11.6608842Z Artifact platform-ci-diagnostics successfully finalized. Artifact ID 10337196992
validate-platform	Upload CI diagnostic artifacts	2026-09-14T07:21:11.6610025Z Artifact platform-ci-diagnostics has been successfully uploaded! Final size is 29533387 bytes. Artifact ID is 10337196992
validate-platform	Upload CI diagnostic artifacts	2026-09-14T07:21:11.6619292Z Artifact download URL: https://github.com/meijer1973/4veco-platform/actions/runs/34816576113/artifacts/10337196992
validate-platform	Post Set up Python	﻿2026-09-14T07:21:11.7031306Z Post job cleanup.
validate-platform	Post Set up Python	2026-09-14T07:21:11.8644911Z Cache hit occurred on the primary key setup-python-Windows-x64-python-3.13.15-pip-edf0f079c5b23f8cb5a1381689657018272f2acbf4f74074b0bfb1cc4b579c03, not saving cache.
validate-platform	Post Set up Node.js	﻿2026-09-14T07:21:11.8933209Z Post job cleanup.
validate-platform	Post Set up Node.js	2026-09-14T07:21:12.0455267Z Cache hit occurred on the primary key node-cache-Windows-x64-npm-9bbee0ad11db4ee553bad330ba43843b9c2f7a0d46e13c620d896e218cc83a3a, not saving cache.
validate-platform	Post Checkout lessen repository	﻿2026-09-14T07:21:12.0743748Z Post job cleanup.
validate-platform	Post Checkout lessen repository	2026-09-14T07:21:12.2719966Z [command]"C:\Program Files\Git\bin\git.exe" version
validate-platform	Post Checkout lessen repository	2026-09-14T07:21:12.2992389Z git version 2.55.0.windows.5
validate-platform	Post Checkout lessen repository	2026-09-14T07:21:12.3054320Z Copying 'C:\Users\runneradmin\.gitconfig' to 'D:\a\_temp\bd43adec-7f93-4260-bfc8-faff246e1abb\.gitconfig'
validate-platform	Post Checkout lessen repository	2026-09-14T07:21:12.3073953Z Temporarily overriding HOME='D:\a\_temp\bd43adec-7f93-4260-bfc8-faff246e1abb' before making global git config changes
validate-platform	Post Checkout lessen repository	2026-09-14T07:21:12.3075265Z Adding repository directory to the temporary git global config as a safe directory
validate-platform	Post Checkout lessen repository	2026-09-14T07:21:12.3085697Z [command]"C:\Program Files\Git\bin\git.exe" config --global --add safe.directory D:\a\4veco-platform\4veco-platform\4veco-lessen
validate-platform	Post Checkout lessen repository	2026-09-14T07:21:12.3402115Z Removing SSH command configuration
validate-platform	Post Checkout lessen repository	2026-09-14T07:21:12.3415097Z [command]"C:\Program Files\Git\bin\git.exe" config --local --name-only --get-regexp core\.sshCommand
validate-platform	Post Checkout lessen repository	2026-09-14T07:21:12.3750496Z [command]"C:\Program Files\Git\bin\git.exe" submodule foreach --recursive "sh -c \"git config --local --name-only --get-regexp 'core\.sshCommand' && git config --local --unset-all 'core.sshCommand' || :\""
validate-platform	Post Checkout lessen repository	2026-09-14T07:21:12.8953274Z Removing HTTP extra header
validate-platform	Post Checkout lessen repository	2026-09-14T07:21:12.8967354Z [command]"C:\Program Files\Git\bin\git.exe" config --local --name-only --get-regexp http\.https\:\/\/github\.com\/\.extraheader
validate-platform	Post Checkout lessen repository	2026-09-14T07:21:12.9288796Z [command]"C:\Program Files\Git\bin\git.exe" submodule foreach --recursive "sh -c \"git config --local --name-only --get-regexp 'http\.https\:\/\/github\.com\/\.extraheader' && git config --local --unset-all 'http.https://github.com/.extraheader' || :\""
validate-platform	Post Checkout lessen repository	2026-09-14T07:21:13.4539774Z Removing includeIf entries pointing to credentials config files
validate-platform	Post Checkout lessen repository	2026-09-14T07:21:13.4553188Z [command]"C:\Program Files\Git\bin\git.exe" config --local --name-only --get-regexp ^includeIf\.gitdir:
validate-platform	Post Checkout lessen repository	2026-09-14T07:21:13.4837742Z includeif.gitdir:D:/a/4veco-platform/4veco-platform/4veco-lessen/.git.path
validate-platform	Post Checkout lessen repository	2026-09-14T07:21:13.4838937Z includeif.gitdir:D:/a/4veco-platform/4veco-platform/4veco-lessen/.git/worktrees/*.path
validate-platform	Post Checkout lessen repository	2026-09-14T07:21:13.4840422Z includeif.gitdir:/github/workspace/4veco-lessen/.git.path
validate-platform	Post Checkout lessen repository	2026-09-14T07:21:13.4841361Z includeif.gitdir:/github/workspace/4veco-lessen/.git/worktrees/*.path
validate-platform	Post Checkout lessen repository	2026-09-14T07:21:13.4878485Z [command]"C:\Program Files\Git\bin\git.exe" config --local --get-all includeif.gitdir:D:/a/4veco-platform/4veco-platform/4veco-lessen/.git.path
validate-platform	Post Checkout lessen repository	2026-09-14T07:21:13.5143235Z D:\a\_temp\git-credentials-c0f0f0c4-0429-4245-9576-fa500bcbcaf3.config
validate-platform	Post Checkout lessen repository	2026-09-14T07:21:13.5185286Z [command]"C:\Program Files\Git\bin\git.exe" config --local --unset includeif.gitdir:D:/a/4veco-platform/4veco-platform/4veco-lessen/.git.path D:\a\_temp\git-credentials-c0f0f0c4-0429-4245-9576-fa500bcbcaf3.config
validate-platform	Post Checkout lessen repository	2026-09-14T07:21:13.5491037Z [command]"C:\Program Files\Git\bin\git.exe" config --local --get-all includeif.gitdir:D:/a/4veco-platform/4veco-platform/4veco-lessen/.git/worktrees/*.path
validate-platform	Post Checkout lessen repository	2026-09-14T07:21:13.5754045Z D:\a\_temp\git-credentials-c0f0f0c4-0429-4245-9576-fa500bcbcaf3.config
validate-platform	Post Checkout lessen repository	2026-09-14T07:21:13.5793206Z [command]"C:\Program Files\Git\bin\git.exe" config --local --unset includeif.gitdir:D:/a/4veco-platform/4veco-platform/4veco-lessen/.git/worktrees/*.path D:\a\_temp\git-credentials-c0f0f0c4-0429-4245-9576-fa500bcbcaf3.config
validate-platform	Post Checkout lessen repository	2026-09-14T07:21:13.6094394Z [command]"C:\Program Files\Git\bin\git.exe" config --local --get-all includeif.gitdir:/github/workspace/4veco-lessen/.git.path
validate-platform	Post Checkout lessen repository	2026-09-14T07:21:13.6357835Z /github/runner_temp/git-credentials-c0f0f0c4-0429-4245-9576-fa500bcbcaf3.config
validate-platform	Post Checkout lessen repository	2026-09-14T07:21:13.6397053Z [command]"C:\Program Files\Git\bin\git.exe" config --local --unset includeif.gitdir:/github/workspace/4veco-lessen/.git.path /github/runner_temp/git-credentials-c0f0f0c4-0429-4245-9576-fa500bcbcaf3.config
validate-platform	Post Checkout lessen repository	2026-09-14T07:21:13.6699287Z [command]"C:\Program Files\Git\bin\git.exe" config --local --get-all includeif.gitdir:/github/workspace/4veco-lessen/.git/worktrees/*.path
validate-platform	Post Checkout lessen repository	2026-09-14T07:21:13.6958458Z /github/runner_temp/git-credentials-c0f0f0c4-0429-4245-9576-fa500bcbcaf3.config
validate-platform	Post Checkout lessen repository	2026-09-14T07:21:13.7001890Z [command]"C:\Program Files\Git\bin\git.exe" config --local --unset includeif.gitdir:/github/workspace/4veco-lessen/.git/worktrees/*.path /github/runner_temp/git-credentials-c0f0f0c4-0429-4245-9576-fa500bcbcaf3.config
validate-platform	Post Checkout lessen repository	2026-09-14T07:21:13.7316312Z [command]"C:\Program Files\Git\bin\git.exe" submodule foreach --recursive "git config --local --show-origin --name-only --get-regexp remote.origin.url"
validate-platform	Post Checkout lessen repository	2026-09-14T07:21:14.2812550Z Removing credentials config 'D:\a\_temp\git-credentials-c0f0f0c4-0429-4245-9576-fa500bcbcaf3.config'
validate-platform	Post Checkout platform repository	﻿2026-09-14T07:21:14.3141177Z Post job cleanup.
validate-platform	Post Checkout platform repository	2026-09-14T07:21:14.5152432Z [command]"C:\Program Files\Git\bin\git.exe" version
validate-platform	Post Checkout platform repository	2026-09-14T07:21:14.5466716Z git version 2.55.0.windows.5
validate-platform	Post Checkout platform repository	2026-09-14T07:21:14.5535676Z Copying 'C:\Users\runneradmin\.gitconfig' to 'D:\a\_temp\a78d2bb8-1212-4de0-8f8a-edc85be41331\.gitconfig'
validate-platform	Post Checkout platform repository	2026-09-14T07:21:14.5560102Z Temporarily overriding HOME='D:\a\_temp\a78d2bb8-1212-4de0-8f8a-edc85be41331' before making global git config changes
validate-platform	Post Checkout platform repository	2026-09-14T07:21:14.5561781Z Adding repository directory to the temporary git global config as a safe directory
validate-platform	Post Checkout platform repository	2026-09-14T07:21:14.5573815Z [command]"C:\Program Files\Git\bin\git.exe" config --global --add safe.directory D:\a\4veco-platform\4veco-platform\4veco-platform
validate-platform	Post Checkout platform repository	2026-09-14T07:21:14.5905909Z Removing SSH command configuration
validate-platform	Post Checkout platform repository	2026-09-14T07:21:14.5918247Z [command]"C:\Program Files\Git\bin\git.exe" config --local --name-only --get-regexp core\.sshCommand
validate-platform	Post Checkout platform repository	2026-09-14T07:21:14.6252499Z [command]"C:\Program Files\Git\bin\git.exe" submodule foreach --recursive "sh -c \"git config --local --name-only --get-regexp 'core\.sshCommand' && git config --local --unset-all 'core.sshCommand' || :\""
validate-platform	Post Checkout platform repository	2026-09-14T07:21:15.2434165Z Removing HTTP extra header
validate-platform	Post Checkout platform repository	2026-09-14T07:21:15.2445388Z [command]"C:\Program Files\Git\bin\git.exe" config --local --name-only --get-regexp http\.https\:\/\/github\.com\/\.extraheader
validate-platform	Post Checkout platform repository	2026-09-14T07:21:15.2776102Z [command]"C:\Program Files\Git\bin\git.exe" submodule foreach --recursive "sh -c \"git config --local --name-only --get-regexp 'http\.https\:\/\/github\.com\/\.extraheader' && git config --local --unset-all 'http.https://github.com/.extraheader' || :\""
validate-platform	Post Checkout platform repository	2026-09-14T07:21:15.8664893Z Removing includeIf entries pointing to credentials config files
validate-platform	Post Checkout platform repository	2026-09-14T07:21:15.8678937Z [command]"C:\Program Files\Git\bin\git.exe" config --local --name-only --get-regexp ^includeIf\.gitdir:
validate-platform	Post Checkout platform repository	2026-09-14T07:21:15.8979251Z includeif.gitdir:D:/a/4veco-platform/4veco-platform/4veco-platform/.git.path
validate-platform	Post Checkout platform repository	2026-09-14T07:21:15.8980558Z includeif.gitdir:D:/a/4veco-platform/4veco-platform/4veco-platform/.git/worktrees/*.path
validate-platform	Post Checkout platform repository	2026-09-14T07:21:15.9027116Z [command]"C:\Program Files\Git\bin\git.exe" config --local --get-all includeif.gitdir:D:/a/4veco-platform/4veco-platform/4veco-platform/.git.path
validate-platform	Post Checkout platform repository	2026-09-14T07:21:15.9293400Z D:\a\_temp\git-credentials-21015fb4-1787-4524-8a41-a36e85b49d76.config
validate-platform	Post Checkout platform repository	2026-09-14T07:21:15.9337747Z [command]"C:\Program Files\Git\bin\git.exe" config --local --unset includeif.gitdir:D:/a/4veco-platform/4veco-platform/4veco-platform/.git.path D:\a\_temp\git-credentials-21015fb4-1787-4524-8a41-a36e85b49d76.config
validate-platform	Post Checkout platform repository	2026-09-14T07:21:15.9647832Z [command]"C:\Program Files\Git\bin\git.exe" config --local --get-all includeif.gitdir:D:/a/4veco-platform/4veco-platform/4veco-platform/.git/worktrees/*.path
validate-platform	Post Checkout platform repository	2026-09-14T07:21:15.9907607Z D:\a\_temp\git-credentials-21015fb4-1787-4524-8a41-a36e85b49d76.config
validate-platform	Post Checkout platform repository	2026-09-14T07:21:15.9949767Z [command]"C:\Program Files\Git\bin\git.exe" config --local --unset includeif.gitdir:D:/a/4veco-platform/4veco-platform/4veco-platform/.git/worktrees/*.path D:\a\_temp\git-credentials-21015fb4-1787-4524-8a41-a36e85b49d76.config
validate-platform	Post Checkout platform repository	2026-09-14T07:21:16.0250198Z [command]"C:\Program Files\Git\bin\git.exe" submodule foreach --recursive "git config --local --show-origin --name-only --get-regexp remote.origin.url"
validate-platform	Post Checkout platform repository	2026-09-14T07:21:16.5620349Z Removing credentials config 'D:\a\_temp\git-credentials-21015fb4-1787-4524-8a41-a36e85b49d76.config'
validate-platform	Complete job	﻿2026-09-14T07:21:16.5830227Z Cleaning up orphan processes
